transaction_id,complaint_id,timestamp,amount,fraud_type,hop_count,transfer_velocity_min,is_mule_account,mule_account_age_days,prior_utility_payments,latitude,longitude,distance_to_nearest_atm_km,burst_txn_count,hotspot_zone_name,cash_out_window_min,is_cash_out
TXN-2026-100000,CT-2026-1000,2026-09-07 13:00:00,86866.43,Investment Scam,2,14.1,1,8,0,28.63766,77.20927,0.13,2,Delhi - Connaught Place,,0
TXN-2026-100001,CT-2026-1001,2026-08-11 05:55:00,32402.06,UPI Fraud,2,116.6,0,443,1,21.15501,72.83581,2.74,1,Surat - Ring Road,,0
TXN-2026-100002,CT-2026-1002,2026-09-16 17:52:00,31104.09,UPI Fraud,3,30.3,1,13,0,26.46718,73.04614,0.28,4,Rural / Other Region,,0
TXN-2026-100003,CT-2026-1003,2026-09-16 06:21:00,24855.21,UPI Fraud,3,20.9,1,15,0,28.63656,77.16685,0.15,3,Delhi - Karol Bagh,47.4,1
TXN-2026-100004,CT-2026-1004,2026-08-02 13:18:00,22699.14,UPI Fraud,2,9.2,1,19,1,22.32457,73.15858,0.18,7,Vadodara - Alkapuri,48.2,1
TXN-2026-100005,CT-2026-1005,2026-08-08 10:53:00,1051748.43,Investment Scam,1,13.2,1,22,1,28.65616,77.17518,0.31,2,Delhi - Karol Bagh,30.9,1
TXN-2026-100006,CT-2026-1006,2026-08-19 10:02:00,37169.43,Loan App Scam,1,6.4,1,5,0,21.18146,72.85021,1.82,6,Surat - Ring Road,31.5,1
TXN-2026-100007,CT-2026-1007,2026-09-11 16:19:00,56373.86,UPI Fraud,3,12.3,1,11,0,23.02717,72.58374,0.15,6,Ahmedabad - SG Highway,35.3,1
TXN-2026-100008,CT-2026-1008,2026-09-23 17:37:00,460974.38,Investment Scam,1,6.5,1,50,0,23.01584,72.56174,0.17,7,Ahmedabad - SG Highway,35.8,1
TXN-2026-100009,CT-2026-1009,2026-09-28 10:18:00,103424.26,Loan App Scam,2,214.6,0,1415,1,21.18244,72.83818,3.26,1,Surat - Ring Road,,0
TXN-2026-100010,CT-2026-1010,2026-08-16 09:57:00,22713.57,Card Phishing,1,257.0,0,1037,1,21.15233,72.84095,3.18,1,Surat - Ring Road,,0
TXN-2026-100011,CT-2026-1011,2026-08-29 09:52:00,54743.34,UPI Fraud,3,113.0,0,483,1,28.64959,77.20368,2.62,1,Delhi - Karol Bagh,,0
TXN-2026-100012,CT-2026-1012,2026-09-11 14:21:00,91282.42,Identity Theft,5,6.1,1,9,1,28.62764,77.22961,0.21,7,Delhi - Connaught Place,39.3,1
TXN-2026-100013,CT-2026-1013,2026-08-06 12:02:00,36328.3,Loan App Scam,2,175.3,0,1037,1,23.04221,72.58957,4.47,1,Ahmedabad - SG Highway,,0
TXN-2026-100014,CT-2026-1014,2026-09-02 13:42:00,82820.81,UPI Fraud,1,19.1,1,3,0,28.65556,77.20089,0.25,2,Delhi - Karol Bagh,15.6,1
TXN-2026-100015,CT-2026-1015,2026-09-02 14:38:00,31009.25,Card Phishing,2,23.2,1,1,1,24.1304,73.22956,0.81,2,Rural / Other Region,,0
TXN-2026-100016,CT-2026-1016,2026-08-27 11:36:00,149631.45,Investment Scam,2,3.0,1,26,0,28.63516,77.24327,0.13,4,Delhi - Connaught Place,19.5,1
TXN-2026-100017,CT-2026-1017,2026-09-18 15:36:00,384853.82,Investment Scam,3,272.3,0,1426,1,23.03222,72.58503,3.03,2,Ahmedabad - SG Highway,,0
TXN-2026-100018,CT-2026-1018,2026-08-03 11:57:00,26313.11,UPI Fraud,1,14.3,1,18,0,25.21188,72.06684,0.39,5,Rural / Other Region,,0
TXN-2026-100019,CT-2026-1019,2026-09-15 07:53:00,25935.98,Identity Theft,2,350.4,0,629,1,28.64084,77.22971,5.39,1,Delhi - Connaught Place,,0
TXN-2026-100020,CT-2026-1020,2026-08-06 12:03:00,111105.83,UPI Fraud,1,37.6,1,7,1,22.31976,73.19143,0.61,6,Vadodara - Alkapuri,,0
TXN-2026-100021,CT-2026-1021,2026-09-21 16:13:00,57418.17,Card Phishing,5,8.2,1,37,0,28.62485,77.22337,0.25,4,Delhi - Connaught Place,55.1,1
TXN-2026-100022,CT-2026-1022,2026-08-27 15:57:00,26365.79,Card Phishing,2,8.3,1,6,0,24.73511,73.50218,0.28,8,Rural / Other Region,35.7,1
TXN-2026-100023,CT-2026-1023,2026-08-11 13:22:00,113623.08,Investment Scam,1,15.8,1,7,1,28.61684,77.21598,0.39,5,Delhi - Connaught Place,38.4,1
TXN-2026-100024,CT-2026-1024,2026-09-21 04:01:00,12986.31,Card Phishing,3,389.0,0,1265,1,22.27521,70.80764,3.73,1,Rajkot - Kalawad Road,,0
TXN-2026-100025,CT-2026-1025,2026-09-24 13:42:00,27464.41,UPI Fraud,3,2.0,1,16,0,22.31571,73.18099,0.19,1,Vadodara - Alkapuri,54.7,1
TXN-2026-100026,CT-2026-1026,2026-09-15 13:41:00,46933.15,UPI Fraud,5,6.8,1,21,0,21.17358,72.8264,0.17,9,Surat - Ring Road,15.8,1
TXN-2026-100027,CT-2026-1027,2026-08-13 12:20:00,333243.35,Investment Scam,3,8.7,1,24,0,28.65475,77.19134,1.55,7,Delhi - Karol Bagh,16.7,1
TXN-2026-100028,CT-2026-1028,2026-08-08 11:12:00,107193.84,UPI Fraud,2,4.1,1,20,0,21.18829,72.8366,0.13,2,Surat - Ring Road,23.7,1
TXN-2026-100029,CT-2026-1029,2026-08-04 08:07:00,57382.8,UPI Fraud,2,1.5,1,4,0,28.63342,77.1732,1.32,5,Delhi - Karol Bagh,56.4,1
TXN-2026-100030,CT-2026-1030,2026-09-05 14:32:00,65171.44,UPI Fraud,1,2.6,1,15,0,28.65549,77.18523,0.56,4,Delhi - Karol Bagh,45.8,1
TXN-2026-100031,CT-2026-1031,2026-09-23 06:30:00,43060.18,UPI Fraud,3,4.7,1,78,0,22.29808,70.79217,0.16,2,Rajkot - Kalawad Road,25.1,1
TXN-2026-100032,CT-2026-1032,2026-09-16 06:29:00,35366.62,UPI Fraud,5,10.7,1,31,0,22.29572,70.81416,0.49,6,Rajkot - Kalawad Road,36.7,1
TXN-2026-100033,CT-2026-1033,2026-09-17 07:50:00,40793.37,UPI Fraud,2,2.6,1,5,0,22.56514,75.93883,0.19,1,Rural / Other Region,63.7,1
TXN-2026-100034,CT-2026-1034,2026-08-10 15:39:00,8096.46,Loan App Scam,1,251.3,0,938,1,23.02473,72.59057,0.88,1,Ahmedabad - SG Highway,,0
TXN-2026-100035,CT-2026-1035,2026-09-01 05:13:00,487851.09,Investment Scam,2,123.1,0,1003,1,22.29484,70.8145,1.94,1,Rajkot - Kalawad Road,,0
TXN-2026-100036,CT-2026-1036,2026-09-15 16:20:00,76100.06,UPI Fraud,1,20.1,1,14,1,28.62609,77.19308,0.2,3,Delhi - Karol Bagh,,0
TXN-2026-100037,CT-2026-1037,2026-09-05 11:27:00,76820.24,UPI Fraud,2,16.8,1,5,0,20.88505,78.46452,0.71,4,Rural / Other Region,,0
TXN-2026-100038,CT-2026-1038,2026-09-06 11:43:00,56396.66,Investment Scam,3,129.9,0,1410,1,21.22681,75.8623,3.48,2,Rural / Other Region,,0
TXN-2026-100039,CT-2026-1039,2026-08-01 10:23:00,87157.31,UPI Fraud,5,10.3,1,46,1,27.40455,74.50839,0.64,2,Rural / Other Region,,0
TXN-2026-100040,CT-2026-1040,2026-08-17 09:12:00,359565.51,Investment Scam,4,11.8,1,44,0,21.17873,72.83012,0.21,1,Surat - Ring Road,44.7,1
TXN-2026-100041,CT-2026-1041,2026-09-03 05:45:00,45716.87,Identity Theft,2,28.9,1,25,0,22.29861,73.17873,0.24,1,Vadodara - Alkapuri,,0
TXN-2026-100042,CT-2026-1042,2026-09-04 16:32:00,88037.57,Investment Scam,3,5.3,1,2,0,23.01078,72.62694,1.47,8,Ahmedabad - SG Highway,14.5,1
TXN-2026-100043,CT-2026-1043,2026-09-04 11:52:00,27776.41,Loan App Scam,3,28.7,1,5,0,21.18536,72.84331,0.11,2,Surat - Ring Road,23.7,1
TXN-2026-100044,CT-2026-1044,2026-08-16 07:49:00,19042.78,UPI Fraud,2,8.4,1,10,0,22.73454,72.59423,0.31,8,Rural / Other Region,60.9,1
TXN-2026-100045,CT-2026-1045,2026-09-24 16:35:00,115559.98,UPI Fraud,1,11.2,1,16,0,24.20552,71.71679,0.73,2,Rural / Other Region,43.1,1
TXN-2026-100046,CT-2026-1046,2026-08-24 19:07:00,71314.09,Card Phishing,2,3.9,1,8,1,22.35201,73.17796,0.16,6,Vadodara - Alkapuri,,0
TXN-2026-100047,CT-2026-1047,2026-08-15 15:47:00,192391.16,Investment Scam,2,39.4,0,320,1,23.02517,72.58683,3.76,1,Ahmedabad - SG Highway,,0
TXN-2026-100048,CT-2026-1048,2026-09-29 12:27:00,57784.63,Identity Theft,3,18.5,1,2,1,28.66649,77.18168,0.71,7,Delhi - Karol Bagh,36.2,1
TXN-2026-100049,CT-2026-1049,2026-09-18 12:39:00,76388.64,UPI Fraud,2,10.4,1,2,0,28.62148,77.20621,0.72,7,Delhi - Connaught Place,42.4,1
TXN-2026-100050,CT-2026-1050,2026-09-14 09:06:00,96844.18,UPI Fraud,1,35.1,1,38,0,22.31461,73.19454,1.06,9,Vadodara - Alkapuri,,0
TXN-2026-100051,CT-2026-1051,2026-09-19 07:02:00,894102.18,Investment Scam,2,3.1,1,3,0,28.65852,77.20176,1.98,9,Delhi - Karol Bagh,29.3,1
TXN-2026-100052,CT-2026-1052,2026-09-11 08:48:00,161468.79,UPI Fraud,1,663.6,0,1404,1,22.31956,73.18953,0.98,1,Vadodara - Alkapuri,,0
TXN-2026-100053,CT-2026-1053,2026-08-16 14:29:00,784763.68,Investment Scam,1,38.9,1,3,1,28.62016,77.25386,1.29,4,Delhi - Connaught Place,46.3,1
TXN-2026-100054,CT-2026-1054,2026-08-15 17:06:00,53826.84,Loan App Scam,2,10.3,1,36,0,22.30455,70.81766,1.32,2,Rajkot - Kalawad Road,,0
TXN-2026-100055,CT-2026-1055,2026-08-21 13:54:00,12886.63,UPI Fraud,3,1.6,1,33,0,22.30139,70.8044,0.3,7,Rajkot - Kalawad Road,41.5,1
TXN-2026-100056,CT-2026-1056,2026-08-23 15:14:00,71328.41,Loan App Scam,1,2.4,1,12,0,22.30462,70.80998,1.25,6,Rajkot - Kalawad Road,,0
TXN-2026-100057,CT-2026-1057,2026-09-29 11:52:00,58240.95,UPI Fraud,3,14.3,1,2,0,23.02443,72.56328,0.29,6,Ahmedabad - SG Highway,8.6,1
TXN-2026-100058,CT-2026-1058,2026-09-28 08:27:00,33699.83,Card Phishing,2,2.6,1,4,0,28.63481,77.21418,0.2,2,Delhi - Connaught Place,41.2,1
TXN-2026-100059,CT-2026-1059,2026-09-27 17:42:00,111367.8,Investment Scam,1,8.3,1,8,0,22.30675,73.15981,2.59,6,Vadodara - Alkapuri,,0
TXN-2026-100060,CT-2026-1060,2026-08-08 12:40:00,337063.85,Investment Scam,3,2.6,1,8,0,22.31969,73.18115,0.36,1,Vadodara - Alkapuri,21.1,1
TXN-2026-100061,CT-2026-1061,2026-09-02 15:26:00,60160.77,UPI Fraud,3,10.9,1,50,0,21.6012,71.67483,0.84,5,Rural / Other Region,,0
TXN-2026-100062,CT-2026-1062,2026-09-02 12:04:00,52279.84,Card Phishing,2,9.1,1,18,0,22.30727,73.16298,0.92,3,Vadodara - Alkapuri,19.3,1
TXN-2026-100063,CT-2026-1063,2026-09-24 09:36:00,66089.21,Loan App Scam,3,54.2,1,8,0,28.64748,77.21464,0.12,8,Delhi - Connaught Place,15.0,1
TXN-2026-100064,CT-2026-1064,2026-08-27 12:21:00,17204.43,Loan App Scam,1,261.2,0,418,1,22.31662,73.17092,2.19,1,Vadodara - Alkapuri,,0
TXN-2026-100065,CT-2026-1065,2026-08-16 10:22:00,5408.21,UPI Fraud,4,4.7,1,17,0,28.63182,77.2067,0.26,5,Delhi - Karol Bagh,42.1,1
TXN-2026-100066,CT-2026-1066,2026-08-11 06:06:00,94851.1,Card Phishing,2,53.3,1,14,0,28.63123,77.24092,0.18,2,Delhi - Connaught Place,,0
TXN-2026-100067,CT-2026-1067,2026-08-27 16:10:00,37617.62,Loan App Scam,2,1.9,1,20,0,22.30657,70.80429,0.32,4,Rajkot - Kalawad Road,40.4,1
TXN-2026-100068,CT-2026-1068,2026-08-18 07:38:00,94981.42,UPI Fraud,3,31.6,1,3,0,23.03226,72.5846,0.65,6,Ahmedabad - SG Highway,31.0,1
TXN-2026-100069,CT-2026-1069,2026-08-14 06:35:00,30738.31,Card Phishing,3,1.6,1,3,0,22.30699,70.8179,0.34,5,Rajkot - Kalawad Road,41.8,1
TXN-2026-100070,CT-2026-1070,2026-08-05 19:38:00,707444.14,Investment Scam,5,3.4,1,31,0,23.03384,72.60931,0.55,6,Ahmedabad - SG Highway,46.0,1
TXN-2026-100071,CT-2026-1071,2026-09-10 08:30:00,18354.14,UPI Fraud,2,10.8,1,7,0,22.3015,70.79937,0.32,4,Rajkot - Kalawad Road,41.6,1
TXN-2026-100072,CT-2026-1072,2026-09-24 10:13:00,78793.64,Identity Theft,2,37.8,1,1,0,22.28671,73.18781,0.65,5,Vadodara - Alkapuri,,0
TXN-2026-100073,CT-2026-1073,2026-09-07 05:08:00,559334.73,Investment Scam,3,4.7,1,10,0,23.04419,72.59186,1.32,4,Ahmedabad - SG Highway,19.1,1
TXN-2026-100074,CT-2026-1074,2026-08-27 16:39:00,5717.64,UPI Fraud,3,6.4,1,31,0,28.64079,77.20923,1.52,6,Delhi - Connaught Place,57.8,1
TXN-2026-100075,CT-2026-1075,2026-09-08 14:10:00,263634.98,Investment Scam,1,6.9,1,1,0,28.63897,77.19515,3.34,3,Delhi - Connaught Place,,0
TXN-2026-100076,CT-2026-1076,2026-09-07 06:44:00,76412.42,UPI Fraud,3,91.2,0,489,1,28.67545,77.186,0.91,3,Delhi - Karol Bagh,,0
TXN-2026-100077,CT-2026-1077,2026-08-07 15:22:00,18739.41,UPI Fraud,2,11.2,1,2,1,22.31452,70.81655,0.32,8,Rajkot - Kalawad Road,,0
TXN-2026-100078,CT-2026-1078,2026-08-23 05:01:00,8797.16,Card Phishing,2,6.6,1,4,0,26.94445,78.05925,2.33,8,Rural / Other Region,22.2,1
TXN-2026-100079,CT-2026-1079,2026-09-15 13:17:00,19642.44,Loan App Scam,4,12.6,1,1,0,22.29932,70.80583,0.37,3,Rajkot - Kalawad Road,23.4,1
TXN-2026-100080,CT-2026-1080,2026-08-08 16:26:00,299259.94,Investment Scam,1,144.6,0,1254,1,22.3014,73.17666,1.41,1,Vadodara - Alkapuri,,0
TXN-2026-100081,CT-2026-1081,2026-08-07 12:26:00,5499.17,Card Phishing,3,5.1,1,12,0,21.18832,72.82635,0.96,3,Surat - Ring Road,34.8,1
TXN-2026-100082,CT-2026-1082,2026-08-28 13:38:00,65163.19,UPI Fraud,2,8.9,1,9,0,20.78466,74.88241,1.02,8,Rural / Other Region,42.0,1
TXN-2026-100083,CT-2026-1083,2026-08-21 15:39:00,12322.3,UPI Fraud,2,2.0,1,13,0,25.09336,76.13934,0.15,2,Rural / Other Region,18.8,1
TXN-2026-100084,CT-2026-1084,2026-08-16 05:56:00,29847.34,Card Phishing,1,19.8,1,14,1,21.15563,72.84976,0.26,2,Surat - Ring Road,,0
TXN-2026-100085,CT-2026-1085,2026-09-05 06:22:00,282946.76,Investment Scam,1,145.0,0,867,1,23.00075,72.57328,0.93,1,Ahmedabad - SG Highway,,0
TXN-2026-100086,CT-2026-1086,2026-08-28 16:42:00,14899.4,UPI Fraud,1,70.4,0,1032,1,23.02824,72.59369,4.73,3,Ahmedabad - SG Highway,,0
TXN-2026-100087,CT-2026-1087,2026-09-14 13:06:00,39900.4,Card Phishing,2,2.7,1,3,0,22.30612,70.8,2.11,3,Rajkot - Kalawad Road,,0
TXN-2026-100088,CT-2026-1088,2026-09-17 12:00:00,32858.35,Card Phishing,1,59.2,1,6,0,28.64623,77.19553,0.16,6,Delhi - Karol Bagh,,0
TXN-2026-100089,CT-2026-1089,2026-08-02 08:10:00,695740.46,Investment Scam,3,7.3,1,13,0,28.6652,77.203,0.72,4,Delhi - Karol Bagh,44.6,1
TXN-2026-100090,CT-2026-1090,2026-09-12 15:30:00,353611.69,Investment Scam,1,15.0,1,15,0,22.30232,73.21957,1.08,3,Vadodara - Alkapuri,48.4,1
TXN-2026-100091,CT-2026-1091,2026-08-30 08:40:00,7906.26,UPI Fraud,2,188.7,0,1191,1,22.29416,70.80762,1.39,1,Rajkot - Kalawad Road,,0
TXN-2026-100092,CT-2026-1092,2026-09-16 05:50:00,42515.35,Identity Theft,1,174.6,0,398,1,25.97776,77.39986,2.7,1,Rural / Other Region,,0
TXN-2026-100093,CT-2026-1093,2026-09-09 19:04:00,34684.35,Card Phishing,2,9.7,1,2,0,28.62081,77.21297,0.44,4,Delhi - Connaught Place,39.8,1
TXN-2026-100094,CT-2026-1094,2026-09-03 10:18:00,30207.56,Identity Theft,2,50.4,0,533,1,28.66499,77.18021,5.29,1,Delhi - Karol Bagh,,0
TXN-2026-100095,CT-2026-1095,2026-08-16 16:33:00,68785.49,Investment Scam,4,49.2,1,6,0,28.65541,77.19191,0.28,6,Delhi - Karol Bagh,29.9,1
TXN-2026-100096,CT-2026-1096,2026-08-18 15:06:00,328575.59,Investment Scam,3,8.2,1,5,0,28.62137,77.21112,0.19,4,Delhi - Connaught Place,18.2,1
TXN-2026-100097,CT-2026-1097,2026-09-02 12:06:00,68615.23,UPI Fraud,2,26.9,1,5,1,21.16051,72.81911,1.33,4,Surat - Ring Road,45.6,1
TXN-2026-100098,CT-2026-1098,2026-08-22 17:09:00,14300.77,UPI Fraud,1,5.4,1,8,0,22.30943,73.169,0.32,6,Vadodara - Alkapuri,32.5,1
TXN-2026-100099,CT-2026-1099,2026-09-01 14:52:00,12424.89,Loan App Scam,3,27.2,1,18,0,22.2957,70.79446,1.08,8,Rajkot - Kalawad Road,35.4,1
TXN-2026-100100,CT-2026-1100,2026-08-07 06:42:00,204274.74,UPI Fraud,3,75.2,0,1040,1,28.6255,77.22576,1.23,2,Delhi - Connaught Place,,0
TXN-2026-100101,CT-2026-1101,2026-09-21 09:49:00,48651.38,Card Phishing,3,47.9,1,34,0,23.03027,72.57506,0.7,4,Ahmedabad - SG Highway,,0
TXN-2026-100102,CT-2026-1102,2026-08-28 16:32:00,6518.87,UPI Fraud,1,26.1,1,20,1,21.13975,72.833,0.97,6,Surat - Ring Road,,0
TXN-2026-100103,CT-2026-1103,2026-09-07 12:37:00,6239.8,UPI Fraud,2,177.6,0,348,1,28.68078,77.18913,9.51,4,Delhi - Karol Bagh,,0
TXN-2026-100104,CT-2026-1104,2026-09-29 13:31:00,16548.69,Card Phishing,1,38.0,0,970,1,28.67288,77.1651,5.74,1,Delhi - Karol Bagh,,0
TXN-2026-100105,CT-2026-1105,2026-08-02 14:04:00,43330.54,UPI Fraud,3,9.5,1,6,0,22.28232,74.29183,0.9,3,Rural / Other Region,,0
TXN-2026-100106,CT-2026-1106,2026-09-17 21:15:00,13416.39,UPI Fraud,1,216.6,0,767,1,23.71547,71.37524,3.05,1,Rural / Other Region,,0
TXN-2026-100107,CT-2026-1107,2026-08-31 00:00:00,152744.15,Investment Scam,1,3.3,1,12,0,21.17812,72.83175,0.29,5,Surat - Ring Road,55.3,1
TXN-2026-100108,CT-2026-1108,2026-09-25 08:23:00,136293.45,Investment Scam,2,21.9,1,1,0,21.16293,72.84273,0.3,4,Surat - Ring Road,34.2,1
TXN-2026-100109,CT-2026-1109,2026-08-28 10:07:00,144609.73,UPI Fraud,3,2.1,1,1,0,28.62065,77.23008,0.28,3,Delhi - Connaught Place,53.4,1
TXN-2026-100110,CT-2026-1110,2026-09-01 15:58:00,28947.99,UPI Fraud,3,12.5,1,19,1,22.30082,70.81507,0.52,2,Rajkot - Kalawad Road,51.0,1
TXN-2026-100111,CT-2026-1111,2026-09-21 11:04:00,27939.83,UPI Fraud,1,59.2,0,1246,1,25.55906,75.32493,2.07,1,Rural / Other Region,,0
TXN-2026-100112,CT-2026-1112,2026-09-12 14:22:00,92698.29,Card Phishing,3,76.1,0,748,1,28.66313,77.18661,2.68,1,Delhi - Karol Bagh,,0
TXN-2026-100113,CT-2026-1113,2026-08-11 21:13:00,23682.44,Card Phishing,4,7.4,1,9,0,28.651,77.21244,1.04,6,Delhi - Connaught Place,36.6,1
TXN-2026-100114,CT-2026-1114,2026-08-06 13:08:00,121946.05,UPI Fraud,1,3.4,1,10,0,24.2553,71.35789,0.5,4,Rural / Other Region,35.2,1
TXN-2026-100115,CT-2026-1115,2026-08-21 09:57:00,552275.25,Investment Scam,2,73.2,0,761,1,28.65404,77.17269,1.25,1,Delhi - Karol Bagh,,0
TXN-2026-100116,CT-2026-1116,2026-09-05 10:27:00,81362.38,Identity Theft,1,5.8,1,28,0,21.17234,72.8355,0.34,7,Surat - Ring Road,20.8,1
TXN-2026-100117,CT-2026-1117,2026-08-23 10:11:00,99333.84,Card Phishing,2,104.5,0,376,1,28.64627,77.1948,10.41,1,Delhi - Karol Bagh,,0
TXN-2026-100118,CT-2026-1118,2026-08-31 13:54:00,1432391.78,Investment Scam,4,11.7,1,32,0,21.13816,72.87817,1.97,3,Surat - Ring Road,33.4,1
TXN-2026-100119,CT-2026-1119,2026-09-10 15:17:00,174534.15,Investment Scam,1,4.3,1,30,0,28.66675,77.20746,1.99,1,Delhi - Karol Bagh,,0
TXN-2026-100120,CT-2026-1120,2026-09-13 10:40:00,129472.99,UPI Fraud,1,288.9,0,1248,1,22.32481,73.19934,3.51,1,Vadodara - Alkapuri,,0
TXN-2026-100121,CT-2026-1121,2026-08-04 06:23:00,8377.91,Card Phishing,4,72.7,0,869,1,21.14861,72.81921,0.7,1,Surat - Ring Road,,0
TXN-2026-100122,CT-2026-1122,2026-09-15 08:42:00,18926.38,UPI Fraud,1,11.1,1,16,0,22.29928,70.79801,0.25,1,Rajkot - Kalawad Road,,0
TXN-2026-100123,CT-2026-1123,2026-09-19 14:16:00,311497.46,Investment Scam,3,5.6,1,5,0,23.63157,78.21432,0.6,4,Rural / Other Region,47.3,1
TXN-2026-100124,CT-2026-1124,2026-08-19 15:52:00,60237.61,UPI Fraud,2,4.9,1,33,0,22.3106,73.18106,0.91,3,Vadodara - Alkapuri,,0
TXN-2026-100125,CT-2026-1125,2026-09-26 09:28:00,65124.23,Investment Scam,1,15.0,1,48,0,22.31965,73.17866,0.19,4,Vadodara - Alkapuri,,0
TXN-2026-100126,CT-2026-1126,2026-08-09 13:43:00,30511.33,Identity Theft,2,7.0,1,5,0,28.62741,77.21175,0.13,8,Delhi - Connaught Place,16.4,1
TXN-2026-100127,CT-2026-1127,2026-08-02 14:19:00,81221.52,Investment Scam,2,19.8,1,20,0,22.31617,70.80427,0.57,5,Rajkot - Kalawad Road,,0
TXN-2026-100128,CT-2026-1128,2026-09-04 06:22:00,27811.07,Loan App Scam,1,67.3,0,780,1,22.1334,77.24856,1.12,1,Rural / Other Region,,0
TXN-2026-100129,CT-2026-1129,2026-08-19 05:13:00,212680.02,Investment Scam,2,45.4,1,7,0,28.6244,77.23321,1.23,4,Delhi - Connaught Place,,0
TXN-2026-100130,CT-2026-1130,2026-09-01 17:09:00,1669198.28,Investment Scam,2,13.9,1,14,0,22.29277,70.7916,0.59,7,Rajkot - Kalawad Road,34.5,1
TXN-2026-100131,CT-2026-1131,2026-08-17 15:27:00,104385.15,UPI Fraud,2,1.6,1,2,0,22.32018,73.17765,0.7,4,Vadodara - Alkapuri,28.6,1
TXN-2026-100132,CT-2026-1132,2026-09-01 09:27:00,107581.91,Loan App Scam,2,10.5,1,3,1,28.63287,77.25283,0.4,4,Delhi - Connaught Place,,0
TXN-2026-100133,CT-2026-1133,2026-09-16 10:13:00,84577.31,UPI Fraud,1,173.8,0,648,1,21.40876,72.13957,1.76,2,Rural / Other Region,,0
TXN-2026-100134,CT-2026-1134,2026-08-02 12:39:00,5547.96,Card Phishing,2,4.6,1,8,1,22.28725,73.18468,0.7,4,Vadodara - Alkapuri,,0
TXN-2026-100135,CT-2026-1135,2026-09-15 09:56:00,403175.95,Investment Scam,2,8.6,1,1,0,22.29255,73.18109,0.29,9,Vadodara - Alkapuri,42.4,1
TXN-2026-100136,CT-2026-1136,2026-09-08 10:17:00,30098.56,Card Phishing,2,8.2,1,33,0,28.62403,77.19658,1.5,7,Delhi - Connaught Place,29.8,1
TXN-2026-100137,CT-2026-1137,2026-09-25 11:32:00,63381.44,Card Phishing,1,239.0,0,645,1,23.68002,70.95053,2.31,1,Rural / Other Region,,0
TXN-2026-100138,CT-2026-1138,2026-09-19 08:21:00,16535.54,UPI Fraud,5,1.5,1,7,0,28.6308,77.22885,0.88,7,Delhi - Connaught Place,4.3,1
TXN-2026-100139,CT-2026-1139,2026-09-15 07:30:00,45191.98,Card Phishing,2,16.3,1,2,0,26.45355,79.84858,0.21,4,Rural / Other Region,47.6,1
TXN-2026-100140,CT-2026-1140,2026-08-04 08:12:00,9653.06,UPI Fraud,1,46.0,0,341,1,22.28893,70.80147,5.25,1,Rajkot - Kalawad Road,,0
TXN-2026-100141,CT-2026-1141,2026-08-01 14:57:00,137262.9,Card Phishing,2,20.0,1,9,0,28.63623,77.22509,0.9,1,Delhi - Connaught Place,,0
TXN-2026-100142,CT-2026-1142,2026-08-19 17:50:00,40015.71,Card Phishing,2,3.0,1,7,0,22.31558,70.80301,2.05,9,Rajkot - Kalawad Road,70.1,1
TXN-2026-100143,CT-2026-1143,2026-08-13 11:57:00,5899.74,UPI Fraud,1,34.3,1,4,0,25.02395,72.4751,0.44,4,Rural / Other Region,28.9,1
TXN-2026-100144,CT-2026-1144,2026-08-13 12:04:00,187696.59,Investment Scam,5,8.7,1,45,0,28.65488,77.20067,2.37,4,Delhi - Karol Bagh,,0
TXN-2026-100145,CT-2026-1145,2026-09-27 09:39:00,160652.91,UPI Fraud,3,37.8,1,2,0,23.04372,72.55879,0.31,4,Ahmedabad - SG Highway,33.5,1
TXN-2026-100146,CT-2026-1146,2026-09-27 11:49:00,1076358.19,Investment Scam,4,17.5,1,4,1,28.63486,77.17684,1.39,5,Delhi - Karol Bagh,31.1,1
TXN-2026-100147,CT-2026-1147,2026-09-22 14:00:00,115691.37,UPI Fraud,3,16.9,1,6,0,28.62735,77.19025,0.11,5,Delhi - Karol Bagh,32.9,1
TXN-2026-100148,CT-2026-1148,2026-08-18 15:25:00,45907.54,UPI Fraud,1,27.5,1,9,0,22.30691,73.19167,0.39,5,Vadodara - Alkapuri,,0
TXN-2026-100149,CT-2026-1149,2026-08-02 10:29:00,54410.07,UPI Fraud,4,4.9,1,11,0,21.14443,72.83537,0.83,4,Surat - Ring Road,29.3,1
TXN-2026-100150,CT-2026-1150,2026-08-27 12:15:00,120981.9,UPI Fraud,2,35.8,1,14,0,28.6251,77.20528,0.92,4,Delhi - Karol Bagh,,0
TXN-2026-100151,CT-2026-1151,2026-09-10 16:50:00,142415.58,UPI Fraud,4,35.5,1,8,0,23.0187,72.59223,1.35,4,Ahmedabad - SG Highway,,0
TXN-2026-100152,CT-2026-1152,2026-09-04 07:12:00,35245.52,Card Phishing,2,10.6,1,25,1,22.31881,73.14638,1.03,6,Vadodara - Alkapuri,,0
TXN-2026-100153,CT-2026-1153,2026-09-11 12:55:00,197891.35,Card Phishing,2,15.1,1,26,1,28.63571,77.1776,0.42,5,Delhi - Karol Bagh,,0
TXN-2026-100154,CT-2026-1154,2026-08-14 14:52:00,71723.6,Card Phishing,3,143.4,0,1204,1,23.01541,72.56974,5.37,1,Ahmedabad - SG Highway,,0
TXN-2026-100155,CT-2026-1155,2026-08-13 05:51:00,34869.75,Card Phishing,3,3.9,1,29,0,22.31109,73.19987,1.26,4,Vadodara - Alkapuri,,0
TXN-2026-100156,CT-2026-1156,2026-08-23 04:20:00,259547.63,Investment Scam,5,35.8,1,82,0,22.31258,73.19115,0.13,4,Vadodara - Alkapuri,40.6,1
TXN-2026-100157,CT-2026-1157,2026-09-09 10:23:00,49983.87,Card Phishing,2,11.9,1,2,0,23.03381,78.31368,0.43,5,Rural / Other Region,25.4,1
TXN-2026-100158,CT-2026-1158,2026-08-28 19:25:00,68896.52,Loan App Scam,2,7.4,1,10,0,21.1928,72.85314,0.63,8,Surat - Ring Road,30.7,1
TXN-2026-100159,CT-2026-1159,2026-08-02 09:01:00,159914.8,Investment Scam,2,12.4,1,22,0,22.31207,73.18041,0.28,5,Vadodara - Alkapuri,22.9,1
TXN-2026-100160,CT-2026-1160,2026-08-05 06:58:00,22555.6,UPI Fraud,3,77.2,0,1352,1,21.94717,75.57337,6.28,3,Rural / Other Region,,0
TXN-2026-100161,CT-2026-1161,2026-09-07 15:02:00,6853.44,Identity Theft,1,6.9,1,3,0,21.14076,72.83663,1.02,4,Surat - Ring Road,,0
TXN-2026-100162,CT-2026-1162,2026-09-29 22:38:00,359453.89,Investment Scam,4,8.5,1,85,0,24.95621,75.63395,0.84,6,Rural / Other Region,38.8,1
TXN-2026-100163,CT-2026-1163,2026-08-28 13:49:00,55547.28,UPI Fraud,2,3.7,1,9,1,25.7208,75.93158,0.52,5,Rural / Other Region,41.8,1
TXN-2026-100164,CT-2026-1164,2026-09-12 05:13:00,893610.41,Investment Scam,3,12.0,1,56,1,22.2907,70.79951,1.18,3,Rajkot - Kalawad Road,19.8,1
TXN-2026-100165,CT-2026-1165,2026-08-13 14:35:00,293706.24,Investment Scam,2,86.5,0,1082,1,24.93052,72.46286,4.52,1,Rural / Other Region,,0
TXN-2026-100166,CT-2026-1166,2026-09-28 14:57:00,81415.69,UPI Fraud,5,7.3,1,51,0,28.62676,77.21123,0.14,3,Delhi - Connaught Place,31.9,1
TXN-2026-100167,CT-2026-1167,2026-08-30 10:33:00,18335.16,UPI Fraud,1,4.3,1,21,0,21.16658,72.81305,1.09,3,Surat - Ring Road,22.5,1
TXN-2026-100168,CT-2026-1168,2026-09-16 16:18:00,392356.74,Investment Scam,1,8.9,1,13,0,21.09719,75.80699,0.32,3,Rural / Other Region,57.0,1
TXN-2026-100169,CT-2026-1169,2026-08-11 12:34:00,287438.14,Investment Scam,3,25.1,1,33,0,28.64171,77.20073,0.41,4,Delhi - Connaught Place,,0
TXN-2026-100170,CT-2026-1170,2026-08-23 06:32:00,11851.1,UPI Fraud,3,4.5,1,4,0,28.64421,77.19503,0.22,6,Delhi - Karol Bagh,16.8,1
TXN-2026-100171,CT-2026-1171,2026-08-10 11:20:00,136158.09,Investment Scam,1,66.7,0,509,1,26.36741,71.75123,0.5,2,Rural / Other Region,,0
TXN-2026-100172,CT-2026-1172,2026-08-29 15:07:00,45116.2,Loan App Scam,3,13.0,1,27,0,23.03593,72.59362,0.96,8,Ahmedabad - SG Highway,43.4,1
TXN-2026-100173,CT-2026-1173,2026-09-15 07:45:00,6137.99,Card Phishing,1,17.0,1,5,0,28.63479,77.15934,0.17,4,Delhi - Karol Bagh,55.7,1
TXN-2026-100174,CT-2026-1174,2026-08-12 10:36:00,22225.92,Loan App Scam,2,5.5,1,11,0,28.63253,77.22172,0.43,3,Delhi - Connaught Place,55.4,1
TXN-2026-100175,CT-2026-1175,2026-09-20 17:10:00,5465.2,UPI Fraud,5,56.9,1,23,0,22.32007,70.78886,0.32,3,Rajkot - Kalawad Road,46.5,1
TXN-2026-100176,CT-2026-1176,2026-09-26 15:27:00,19344.2,UPI Fraud,3,4.0,1,11,1,22.29672,70.79574,0.1,3,Rajkot - Kalawad Road,27.2,1
TXN-2026-100177,CT-2026-1177,2026-09-26 07:43:00,68747.31,Loan App Scam,2,8.5,1,7,0,21.99567,77.17121,0.88,6,Rural / Other Region,30.8,1
TXN-2026-100178,CT-2026-1178,2026-08-06 06:21:00,5688.2,UPI Fraud,1,10.4,1,3,1,22.28656,73.16297,0.82,4,Vadodara - Alkapuri,,0
TXN-2026-100179,CT-2026-1179,2026-08-14 13:14:00,39195.99,UPI Fraud,3,5.7,1,4,0,28.67445,77.19963,1.77,6,Delhi - Karol Bagh,30.0,1
TXN-2026-100180,CT-2026-1180,2026-09-15 15:16:00,76079.14,UPI Fraud,4,3.5,1,1,0,28.68002,77.1947,1.18,4,Delhi - Karol Bagh,40.3,1
TXN-2026-100181,CT-2026-1181,2026-09-26 13:04:00,28572.05,UPI Fraud,2,11.4,1,20,1,22.30894,70.83156,0.85,2,Rajkot - Kalawad Road,,0
TXN-2026-100182,CT-2026-1182,2026-08-14 10:32:00,30945.56,UPI Fraud,2,100.5,0,1450,1,22.31004,70.80473,3.97,1,Rajkot - Kalawad Road,,0
TXN-2026-100183,CT-2026-1183,2026-08-18 06:18:00,85219.19,Investment Scam,3,6.0,1,63,0,28.64513,77.18253,1.19,2,Delhi - Karol Bagh,,0
TXN-2026-100184,CT-2026-1184,2026-08-03 09:00:00,85520.33,Card Phishing,1,7.2,1,34,0,28.6539,77.21096,1.58,5,Delhi - Connaught Place,,0
TXN-2026-100185,CT-2026-1185,2026-08-02 13:38:00,55039.13,Card Phishing,2,91.3,0,1429,1,27.72598,73.95155,4.32,1,Rural / Other Region,,0
TXN-2026-100186,CT-2026-1186,2026-08-15 16:55:00,29500.99,UPI Fraud,4,3.2,1,45,0,22.29615,73.17184,0.6,6,Vadodara - Alkapuri,28.0,1
TXN-2026-100187,CT-2026-1187,2026-08-03 13:23:00,7337.69,Loan App Scam,2,1.8,1,16,0,22.30723,73.18857,0.63,1,Vadodara - Alkapuri,30.7,1
TXN-2026-100188,CT-2026-1188,2026-08-06 09:44:00,110567.51,Card Phishing,2,8.2,1,15,0,24.35359,72.75239,1.17,5,Rural / Other Region,45.1,1
TXN-2026-100189,CT-2026-1189,2026-09-05 10:47:00,331632.82,Investment Scam,3,30.5,1,5,0,22.29836,70.81427,0.58,4,Rajkot - Kalawad Road,46.0,1
TXN-2026-100190,CT-2026-1190,2026-09-21 10:27:00,16761.05,Loan App Scam,2,22.5,1,5,0,28.65955,77.18572,0.77,5,Delhi - Karol Bagh,45.7,1
TXN-2026-100191,CT-2026-1191,2026-09-16 15:35:00,412336.33,Investment Scam,2,3.2,1,11,0,22.33134,70.83391,0.16,5,Rajkot - Kalawad Road,23.6,1
TXN-2026-100192,CT-2026-1192,2026-09-20 04:43:00,45589.91,UPI Fraud,3,8.2,1,21,0,21.18371,72.83787,0.29,6,Surat - Ring Road,38.4,1
TXN-2026-100193,CT-2026-1193,2026-09-18 11:47:00,48866.01,UPI Fraud,1,109.1,0,1291,1,23.01898,72.56109,4.26,2,Ahmedabad - SG Highway,,0
TXN-2026-100194,CT-2026-1194,2026-08-17 09:39:00,46335.8,UPI Fraud,1,3.4,1,45,0,22.3293,70.80239,0.85,8,Rajkot - Kalawad Road,69.4,1
TXN-2026-100195,CT-2026-1195,2026-08-06 15:52:00,685466.97,Investment Scam,4,32.5,1,3,0,28.64323,77.18953,0.47,5,Delhi - Karol Bagh,21.2,1
TXN-2026-100196,CT-2026-1196,2026-09-19 21:23:00,54383.75,Card Phishing,2,89.3,0,477,1,27.1903,75.53112,2.14,1,Rural / Other Region,,0
TXN-2026-100197,CT-2026-1197,2026-08-26 23:05:00,22242.72,UPI Fraud,2,15.7,1,36,0,21.17287,72.82974,0.37,4,Surat - Ring Road,,0
TXN-2026-100198,CT-2026-1198,2026-08-07 13:32:00,11037.2,Card Phishing,1,108.1,0,322,1,28.64416,77.24979,2.7,1,Delhi - Connaught Place,,0
TXN-2026-100199,CT-2026-1199,2026-09-29 14:45:00,228303.27,Investment Scam,2,46.8,1,20,0,23.01858,72.5907,0.57,2,Ahmedabad - SG Highway,,0
TXN-2026-100200,CT-2026-1200,2026-08-21 12:09:00,23112.4,Card Phishing,3,8.8,1,10,0,21.16751,72.82549,0.42,5,Surat - Ring Road,33.1,1
TXN-2026-100201,CT-2026-1201,2026-09-22 10:09:00,48120.28,UPI Fraud,3,7.9,1,10,0,22.31522,73.18074,0.89,2,Vadodara - Alkapuri,23.0,1
TXN-2026-100202,CT-2026-1202,2026-09-24 11:17:00,45699.6,UPI Fraud,2,80.9,0,941,1,22.30487,70.78959,4.56,1,Rajkot - Kalawad Road,,0
TXN-2026-100203,CT-2026-1203,2026-08-03 11:30:00,68316.92,UPI Fraud,4,9.3,1,32,0,21.18035,72.86069,0.7,7,Surat - Ring Road,18.4,1
TXN-2026-100204,CT-2026-1204,2026-09-15 17:49:00,774668.51,Investment Scam,2,6.7,1,5,0,28.63548,77.21116,0.67,1,Delhi - Connaught Place,32.9,1
TXN-2026-100205,CT-2026-1205,2026-09-06 15:30:00,41404.01,UPI Fraud,3,12.5,1,18,0,21.14987,72.83599,0.42,6,Surat - Ring Road,49.5,1
TXN-2026-100206,CT-2026-1206,2026-09-22 12:56:00,15170.68,UPI Fraud,1,10.1,1,1,0,23.03213,72.57293,0.5,4,Ahmedabad - SG Highway,55.3,1
TXN-2026-100207,CT-2026-1207,2026-09-13 04:54:00,32254.08,UPI Fraud,2,20.6,1,50,1,28.68016,77.15086,0.95,2,Delhi - Karol Bagh,,0
TXN-2026-100208,CT-2026-1208,2026-09-17 13:32:00,29160.54,UPI Fraud,2,2.7,1,8,0,22.32417,70.8195,1.98,5,Rajkot - Kalawad Road,51.6,1
TXN-2026-100209,CT-2026-1209,2026-09-21 05:40:00,225266.16,UPI Fraud,3,4.6,1,38,0,22.30115,70.79685,0.41,6,Rajkot - Kalawad Road,40.2,1
TXN-2026-100210,CT-2026-1210,2026-09-13 14:34:00,71350.12,Investment Scam,2,1.6,1,27,1,21.17733,72.86063,0.89,4,Surat - Ring Road,,0
TXN-2026-100211,CT-2026-1211,2026-08-25 08:30:00,182423.12,Investment Scam,1,5.0,1,2,0,22.79884,72.43802,0.48,2,Rural / Other Region,29.6,1
TXN-2026-100212,CT-2026-1212,2026-09-03 11:30:00,37442.56,UPI Fraud,2,5.5,1,1,0,22.30463,73.17202,0.9,3,Vadodara - Alkapuri,37.8,1
TXN-2026-100213,CT-2026-1213,2026-08-19 12:34:00,104597.55,Loan App Scam,2,18.1,1,30,0,21.57035,70.22565,1.57,3,Rural / Other Region,,0
TXN-2026-100214,CT-2026-1214,2026-09-23 11:33:00,28010.62,UPI Fraud,2,155.8,0,198,1,22.29925,73.18227,3.26,2,Vadodara - Alkapuri,,0
TXN-2026-100215,CT-2026-1215,2026-09-10 17:36:00,22337.82,UPI Fraud,3,29.5,1,3,0,23.0144,72.5725,0.11,4,Ahmedabad - SG Highway,43.1,1
TXN-2026-100216,CT-2026-1216,2026-08-24 00:30:00,12386.0,UPI Fraud,4,3.9,1,8,0,20.6698,73.8594,2.12,4,Rural / Other Region,47.4,1
TXN-2026-100217,CT-2026-1217,2026-09-02 17:51:00,70204.77,Card Phishing,2,1.8,1,20,0,26.49662,78.25211,1.03,4,Rural / Other Region,18.0,1
TXN-2026-100218,CT-2026-1218,2026-09-14 13:14:00,23130.22,Loan App Scam,3,3.0,1,19,0,22.31057,70.78982,0.32,9,Rajkot - Kalawad Road,39.8,1
TXN-2026-100219,CT-2026-1219,2026-09-10 14:21:00,90100.62,Card Phishing,2,11.1,1,4,0,21.35087,70.53635,0.23,7,Rural / Other Region,26.3,1
TXN-2026-100220,CT-2026-1220,2026-08-18 15:23:00,7175.61,UPI Fraud,4,149.8,0,1076,1,25.80297,71.1259,1.29,1,Rural / Other Region,,0
TXN-2026-100221,CT-2026-1221,2026-09-01 11:24:00,38743.35,UPI Fraud,2,1.9,1,4,0,28.65037,77.19256,0.18,2,Delhi - Karol Bagh,47.9,1
TXN-2026-100222,CT-2026-1222,2026-09-04 12:50:00,163458.18,Investment Scam,1,18.0,1,49,0,27.16045,78.53242,0.32,2,Rural / Other Region,,0
TXN-2026-100223,CT-2026-1223,2026-09-07 14:06:00,62935.71,UPI Fraud,1,45.2,0,748,1,21.16807,72.82038,2.3,1,Surat - Ring Road,,0
TXN-2026-100224,CT-2026-1224,2026-09-18 10:33:00,49097.01,Card Phishing,2,15.4,1,11,0,28.65952,77.18673,1.11,4,Delhi - Karol Bagh,30.5,1
TXN-2026-100225,CT-2026-1225,2026-08-05 08:32:00,60144.87,Loan App Scam,1,4.7,1,1,0,23.03719,72.58526,1.13,2,Ahmedabad - SG Highway,25.6,1
TXN-2026-100226,CT-2026-1226,2026-09-15 04:51:00,65172.25,Identity Theft,3,16.3,1,33,0,21.1588,72.81762,3.15,6,Surat - Ring Road,11.0,1
TXN-2026-100227,CT-2026-1227,2026-08-18 11:23:00,37264.55,Loan App Scam,1,317.9,0,1413,1,22.30756,73.18451,4.78,1,Vadodara - Alkapuri,,0
TXN-2026-100228,CT-2026-1228,2026-08-07 14:29:00,52853.68,UPI Fraud,3,7.7,1,20,0,21.15619,72.84031,1.05,3,Surat - Ring Road,44.6,1
TXN-2026-100229,CT-2026-1229,2026-09-28 13:33:00,561310.98,Investment Scam,2,10.6,1,19,0,24.06513,76.20241,0.92,11,Rural / Other Region,40.4,1
TXN-2026-100230,CT-2026-1230,2026-08-22 06:11:00,14658.35,Card Phishing,3,10.2,1,12,0,24.69209,75.26083,0.42,2,Rural / Other Region,40.4,1
TXN-2026-100231,CT-2026-1231,2026-09-24 10:21:00,34761.99,Loan App Scam,1,3.6,1,7,1,28.66231,77.18256,2.13,6,Delhi - Karol Bagh,,0
TXN-2026-100232,CT-2026-1232,2026-09-20 10:46:00,33150.04,UPI Fraud,2,8.1,1,25,1,22.29994,70.81645,0.35,8,Rajkot - Kalawad Road,37.9,1
TXN-2026-100233,CT-2026-1233,2026-08-13 20:42:00,27617.67,Card Phishing,3,8.7,1,10,0,24.98568,77.41627,0.93,5,Rural / Other Region,33.6,1
TXN-2026-100234,CT-2026-1234,2026-09-20 12:09:00,60284.08,Loan App Scam,2,4.3,1,11,0,23.41684,74.751,0.1,2,Rural / Other Region,55.0,1
TXN-2026-100235,CT-2026-1235,2026-09-06 10:11:00,21659.59,Loan App Scam,2,112.5,0,860,1,21.19882,72.83001,0.99,1,Surat - Ring Road,,0
TXN-2026-100236,CT-2026-1236,2026-09-10 11:56:00,89640.64,UPI Fraud,3,16.2,1,11,0,21.183,72.82556,0.56,3,Surat - Ring Road,48.4,1
TXN-2026-100237,CT-2026-1237,2026-08-12 10:28:00,80106.77,UPI Fraud,3,16.2,1,2,0,22.3067,70.82191,0.85,3,Rajkot - Kalawad Road,36.6,1
TXN-2026-100238,CT-2026-1238,2026-09-03 10:55:00,14904.19,UPI Fraud,2,40.7,0,425,1,22.35118,70.78535,1.93,1,Rajkot - Kalawad Road,,0
TXN-2026-100239,CT-2026-1239,2026-08-26 06:06:00,33976.27,Card Phishing,1,11.2,1,46,0,24.01897,73.27884,0.91,5,Rural / Other Region,,0
TXN-2026-100240,CT-2026-1240,2026-08-26 03:26:00,72381.91,Investment Scam,3,2.2,1,3,0,21.91856,71.94958,1.18,1,Rural / Other Region,29.2,1
TXN-2026-100241,CT-2026-1241,2026-08-11 06:24:00,142095.32,Investment Scam,4,11.5,1,91,1,28.66214,77.17135,0.54,5,Delhi - Karol Bagh,,0
TXN-2026-100242,CT-2026-1242,2026-08-23 13:04:00,197171.73,Investment Scam,1,116.8,0,918,1,23.05356,72.58807,0.76,1,Ahmedabad - SG Highway,,0
TXN-2026-100243,CT-2026-1243,2026-08-10 11:12:00,77885.67,UPI Fraud,3,16.7,1,14,0,23.04529,72.57878,0.29,5,Ahmedabad - SG Highway,46.3,1
TXN-2026-100244,CT-2026-1244,2026-08-06 12:53:00,1511926.04,Investment Scam,1,19.1,1,3,0,28.62811,77.21481,0.43,2,Delhi - Connaught Place,36.0,1
TXN-2026-100245,CT-2026-1245,2026-09-28 13:42:00,23167.64,Loan App Scam,2,4.2,1,27,1,21.17118,72.81462,1.06,3,Surat - Ring Road,,0
TXN-2026-100246,CT-2026-1246,2026-08-27 14:13:00,13966.39,UPI Fraud,4,77.4,0,468,1,23.01761,78.0184,4.03,1,Rural / Other Region,,0
TXN-2026-100247,CT-2026-1247,2026-08-05 10:34:00,1127273.25,Investment Scam,1,164.5,0,941,1,28.65081,77.20526,0.54,1,Delhi - Connaught Place,,0
TXN-2026-100248,CT-2026-1248,2026-08-29 05:32:00,178913.76,UPI Fraud,2,16.7,1,13,1,22.28925,73.19726,0.62,7,Vadodara - Alkapuri,,0
TXN-2026-100249,CT-2026-1249,2026-08-29 09:09:00,1299514.36,Investment Scam,1,24.9,1,7,0,22.32298,70.8101,0.32,2,Rajkot - Kalawad Road,29.3,1
TXN-2026-100250,CT-2026-1250,2026-09-26 11:17:00,18231.52,UPI Fraud,2,3.1,1,23,0,23.0041,72.57747,2.05,3,Ahmedabad - SG Highway,30.8,1
TXN-2026-100251,CT-2026-1251,2026-08-17 09:23:00,34166.39,UPI Fraud,2,6.4,1,40,1,28.61036,77.22444,0.67,6,Delhi - Connaught Place,,0
TXN-2026-100252,CT-2026-1252,2026-09-26 06:09:00,31056.73,UPI Fraud,1,2.6,1,6,0,20.43973,75.78542,0.32,5,Rural / Other Region,38.2,1
TXN-2026-100253,CT-2026-1253,2026-09-11 12:58:00,58127.49,UPI Fraud,2,10.8,1,97,0,24.30032,70.14197,0.56,6,Rural / Other Region,,0
TXN-2026-100254,CT-2026-1254,2026-08-31 16:04:00,6321.72,UPI Fraud,4,10.2,1,1,0,22.31527,73.18638,1.06,4,Vadodara - Alkapuri,29.3,1
TXN-2026-100255,CT-2026-1255,2026-09-01 14:16:00,61965.43,Loan App Scam,2,7.5,1,2,0,21.16316,72.83424,1.31,7,Surat - Ring Road,21.9,1
TXN-2026-100256,CT-2026-1256,2026-08-23 12:00:00,60884.72,UPI Fraud,4,19.6,1,26,0,28.65789,77.18156,0.54,3,Delhi - Karol Bagh,,0
TXN-2026-100257,CT-2026-1257,2026-08-25 14:12:00,88551.52,Card Phishing,1,38.3,1,5,0,28.61714,77.22875,0.15,4,Delhi - Connaught Place,26.1,1
TXN-2026-100258,CT-2026-1258,2026-08-25 10:40:00,18964.82,UPI Fraud,2,23.9,1,28,1,28.6415,77.18115,0.37,3,Delhi - Karol Bagh,43.8,1
TXN-2026-100259,CT-2026-1259,2026-09-04 09:27:00,58129.15,UPI Fraud,3,160.3,0,477,1,21.16127,72.84461,2.85,1,Surat - Ring Road,,0
TXN-2026-100260,CT-2026-1260,2026-08-19 13:17:00,255840.78,Investment Scam,3,33.4,1,11,0,21.15813,72.83933,0.18,3,Surat - Ring Road,20.2,1
TXN-2026-100261,CT-2026-1261,2026-09-05 12:30:00,70124.81,UPI Fraud,2,22.3,1,30,0,25.02726,74.38649,0.15,6,Rural / Other Region,33.0,1
TXN-2026-100262,CT-2026-1262,2026-08-28 15:35:00,51364.03,UPI Fraud,3,8.6,1,18,0,21.1682,72.84384,1.48,5,Surat - Ring Road,32.1,1
TXN-2026-100263,CT-2026-1263,2026-09-19 14:27:00,172096.29,Card Phishing,5,14.0,1,32,0,28.63308,77.2068,0.18,4,Delhi - Karol Bagh,46.3,1
TXN-2026-100264,CT-2026-1264,2026-08-19 05:20:00,27834.44,Loan App Scam,2,324.2,0,626,1,23.056,72.58216,10.41,2,Ahmedabad - SG Highway,,0
TXN-2026-100265,CT-2026-1265,2026-09-07 12:34:00,36285.34,Loan App Scam,3,6.7,1,3,1,22.31053,73.18676,0.45,4,Vadodara - Alkapuri,64.6,1
TXN-2026-100266,CT-2026-1266,2026-09-07 13:43:00,7641.12,UPI Fraud,1,2.1,1,34,0,23.0387,72.56589,0.61,5,Ahmedabad - SG Highway,,0
TXN-2026-100267,CT-2026-1267,2026-09-12 16:03:00,93027.35,UPI Fraud,3,54.4,0,1009,1,23.03883,72.57196,0.78,2,Ahmedabad - SG Highway,,0
TXN-2026-100268,CT-2026-1268,2026-08-09 13:13:00,44015.34,Identity Theft,1,4.7,1,23,0,22.29876,70.78128,0.51,4,Rajkot - Kalawad Road,,0
TXN-2026-100269,CT-2026-1269,2026-08-14 12:40:00,970950.42,Investment Scam,4,29.9,1,1,1,22.32641,73.19658,0.13,6,Vadodara - Alkapuri,29.5,1
TXN-2026-100270,CT-2026-1270,2026-09-19 10:38:00,11989.88,UPI Fraud,1,3.3,1,10,0,28.61558,77.20964,0.18,3,Delhi - Connaught Place,,0
TXN-2026-100271,CT-2026-1271,2026-08-27 12:12:00,243552.98,Investment Scam,1,9.1,1,4,0,28.62559,77.19992,0.79,3,Delhi - Connaught Place,38.4,1
TXN-2026-100272,CT-2026-1272,2026-09-07 08:48:00,19038.7,UPI Fraud,1,183.2,0,1015,1,28.63431,77.22405,1.24,1,Delhi - Connaught Place,,0
TXN-2026-100273,CT-2026-1273,2026-09-01 09:46:00,78678.63,UPI Fraud,1,4.7,1,10,0,28.66046,77.20288,0.15,4,Delhi - Karol Bagh,36.9,1
TXN-2026-100274,CT-2026-1274,2026-09-25 12:49:00,29215.85,Identity Theft,3,5.5,1,78,0,28.62569,77.20856,0.14,1,Delhi - Connaught Place,,0
TXN-2026-100275,CT-2026-1275,2026-08-17 11:20:00,36194.68,UPI Fraud,3,1.9,1,16,0,22.30641,70.80278,0.7,8,Rajkot - Kalawad Road,35.9,1
TXN-2026-100276,CT-2026-1276,2026-09-13 11:43:00,94709.96,Identity Theft,4,1.6,1,26,0,28.6482,77.1718,0.11,3,Delhi - Karol Bagh,35.3,1
TXN-2026-100277,CT-2026-1277,2026-09-24 00:35:00,43847.04,UPI Fraud,1,10.9,1,25,0,23.02645,72.56903,0.13,5,Ahmedabad - SG Highway,43.5,1
TXN-2026-100278,CT-2026-1278,2026-08-06 13:26:00,23386.11,UPI Fraud,4,149.8,0,883,1,22.2979,70.79978,2.46,1,Rajkot - Kalawad Road,,0
TXN-2026-100279,CT-2026-1279,2026-08-01 11:05:00,126371.44,Loan App Scam,4,24.7,1,9,0,21.14958,72.83042,0.37,7,Surat - Ring Road,27.3,1
TXN-2026-100280,CT-2026-1280,2026-09-19 08:09:00,145591.61,Investment Scam,1,1.7,1,10,0,28.65157,77.20801,1.37,3,Delhi - Connaught Place,,0
TXN-2026-100281,CT-2026-1281,2026-09-11 10:12:00,93059.38,Investment Scam,1,118.1,0,363,1,22.32243,73.18515,0.59,1,Vadodara - Alkapuri,,0
TXN-2026-100282,CT-2026-1282,2026-09-27 17:42:00,132265.53,Identity Theft,1,41.7,1,16,0,21.73683,75.42027,0.29,6,Rural / Other Region,14.8,1
TXN-2026-100283,CT-2026-1283,2026-09-15 13:15:00,22583.23,Card Phishing,1,265.9,0,888,1,25.33865,71.25582,1.1,1,Rural / Other Region,,0
TXN-2026-100284,CT-2026-1284,2026-09-22 07:42:00,40625.45,Card Phishing,1,24.5,1,2,0,28.66752,77.1441,1.26,1,Delhi - Karol Bagh,,0
TXN-2026-100285,CT-2026-1285,2026-08-08 11:50:00,69814.78,UPI Fraud,2,94.9,0,688,1,28.63143,77.20964,0.61,1,Delhi - Connaught Place,,0
TXN-2026-100286,CT-2026-1286,2026-08-30 10:06:00,709824.21,Investment Scam,2,24.0,1,12,0,22.31492,73.19088,1.17,4,Vadodara - Alkapuri,35.2,1
TXN-2026-100287,CT-2026-1287,2026-09-09 09:28:00,15633.7,UPI Fraud,2,2.5,1,38,0,28.63279,77.21384,0.31,4,Delhi - Connaught Place,31.0,1
TXN-2026-100288,CT-2026-1288,2026-09-14 10:02:00,14126.31,Card Phishing,3,5.5,1,11,0,22.31333,73.16521,0.29,3,Vadodara - Alkapuri,63.5,1
TXN-2026-100289,CT-2026-1289,2026-09-15 12:04:00,55171.54,Identity Theft,2,91.8,1,3,0,28.6446,77.23773,1.07,4,Delhi - Connaught Place,,0
TXN-2026-100290,CT-2026-1290,2026-08-09 16:09:00,269821.41,Investment Scam,3,19.8,1,3,1,22.31418,70.80008,0.21,6,Rajkot - Kalawad Road,45.4,1
TXN-2026-100291,CT-2026-1291,2026-09-04 10:42:00,15307.72,UPI Fraud,2,8.9,1,19,0,23.04803,72.59323,0.3,3,Ahmedabad - SG Highway,,0
TXN-2026-100292,CT-2026-1292,2026-09-12 11:54:00,12082.52,UPI Fraud,1,34.8,1,19,0,28.65657,77.19936,0.81,3,Delhi - Karol Bagh,42.4,1
TXN-2026-100293,CT-2026-1293,2026-08-22 11:47:00,103819.9,Card Phishing,3,2.8,1,6,1,21.14042,72.82847,0.29,2,Surat - Ring Road,,0
TXN-2026-100294,CT-2026-1294,2026-08-31 11:09:00,51388.73,Investment Scam,2,3.6,1,9,1,28.6487,77.18171,0.36,4,Delhi - Karol Bagh,,0
TXN-2026-100295,CT-2026-1295,2026-09-20 12:57:00,194095.03,Investment Scam,1,13.1,1,10,0,22.30387,73.18478,0.75,4,Vadodara - Alkapuri,,0
TXN-2026-100296,CT-2026-1296,2026-09-22 11:57:00,40874.07,Loan App Scam,1,6.9,1,20,0,22.28301,70.82145,1.21,5,Rajkot - Kalawad Road,,0
TXN-2026-100297,CT-2026-1297,2026-09-23 12:42:00,5804.27,Card Phishing,2,3.6,1,1,0,21.18535,72.81294,0.6,1,Surat - Ring Road,48.0,1
TXN-2026-100298,CT-2026-1298,2026-09-13 12:30:00,60408.04,Investment Scam,3,6.8,1,13,0,22.31533,73.18337,0.15,4,Vadodara - Alkapuri,38.4,1
TXN-2026-100299,CT-2026-1299,2026-08-03 12:54:00,51633.82,UPI Fraud,1,2.4,1,32,0,22.30802,73.1608,0.29,3,Vadodara - Alkapuri,,0
TXN-2026-100300,CT-2026-1000,2026-09-01 02:14:00,8019.55,Loan App Scam,3,8.8,1,5,0,24.32442,74.58205,0.62,5,Rural / Other Region,37.8,1
TXN-2026-100301,CT-2026-1001,2026-08-25 10:44:00,30042.67,UPI Fraud,3,3.3,1,24,0,28.66522,77.19443,0.45,10,Delhi - Karol Bagh,35.1,1
TXN-2026-100302,CT-2026-1002,2026-08-27 08:55:00,26916.43,UPI Fraud,2,114.4,0,1185,1,22.29932,70.8179,11.64,1,Rajkot - Kalawad Road,,0
TXN-2026-100303,CT-2026-1003,2026-09-02 20:28:00,37580.13,Loan App Scam,4,3.0,1,15,0,28.67552,77.20037,0.18,2,Delhi - Karol Bagh,36.0,1
TXN-2026-100304,CT-2026-1004,2026-08-27 15:32:00,36116.97,UPI Fraud,1,4.6,1,2,0,28.64534,77.18241,0.79,10,Delhi - Karol Bagh,36.5,1
TXN-2026-100305,CT-2026-1005,2026-08-14 15:11:00,364194.42,Investment Scam,1,4.1,1,18,0,22.28845,70.80289,0.51,6,Rajkot - Kalawad Road,31.9,1
TXN-2026-100306,CT-2026-1006,2026-09-07 14:12:00,200166.31,Investment Scam,2,278.7,0,452,1,23.03276,72.56585,0.58,1,Ahmedabad - SG Highway,,0
TXN-2026-100307,CT-2026-1007,2026-08-01 06:14:00,8104.35,Card Phishing,1,246.4,0,212,1,23.04803,72.57461,1.64,2,Ahmedabad - SG Highway,,0
TXN-2026-100308,CT-2026-1008,2026-08-02 10:32:00,336511.53,Investment Scam,5,15.8,1,14,1,28.61961,77.22053,0.77,5,Delhi - Connaught Place,31.7,1
TXN-2026-100309,CT-2026-1009,2026-08-17 11:33:00,204125.21,Investment Scam,1,8.0,1,15,0,22.28902,70.79389,0.6,1,Rajkot - Kalawad Road,40.5,1
TXN-2026-100310,CT-2026-1010,2026-09-25 13:31:00,28766.64,UPI Fraud,3,20.3,1,1,0,27.53524,77.39563,0.46,5,Rural / Other Region,37.7,1
TXN-2026-100311,CT-2026-1011,2026-09-01 13:34:00,647454.7,Investment Scam,2,56.1,0,1212,1,22.30545,70.78,0.73,1,Rajkot - Kalawad Road,,0
TXN-2026-100312,CT-2026-1012,2026-09-02 17:55:00,560107.43,Investment Scam,3,38.9,0,557,1,21.17383,72.80228,1.56,1,Surat - Ring Road,,0
TXN-2026-100313,CT-2026-1013,2026-09-23 14:50:00,68542.13,UPI Fraud,2,300.2,0,832,1,22.3133,73.19377,1.28,1,Vadodara - Alkapuri,,0
TXN-2026-100314,CT-2026-1014,2026-08-17 13:51:00,38138.78,UPI Fraud,2,11.3,1,2,0,23.00329,72.56428,0.37,4,Ahmedabad - SG Highway,50.6,1
TXN-2026-100315,CT-2026-1015,2026-08-14 13:47:00,422916.38,Investment Scam,2,15.7,1,36,0,22.2969,70.78216,0.11,3,Rajkot - Kalawad Road,43.7,1
TXN-2026-100316,CT-2026-1016,2026-08-25 06:25:00,43105.77,Card Phishing,2,8.9,1,9,0,23.01555,72.60545,1.12,5,Ahmedabad - SG Highway,38.4,1
TXN-2026-100317,CT-2026-1017,2026-08-25 08:39:00,6610.54,Loan App Scam,3,11.1,1,28,0,28.63336,77.23249,1.27,1,Delhi - Connaught Place,37.6,1
TXN-2026-100318,CT-2026-1018,2026-09-29 10:16:00,239664.16,Loan App Scam,2,7.8,1,2,1,28.63213,77.20402,0.3,3,Delhi - Connaught Place,38.1,1
TXN-2026-100319,CT-2026-1019,2026-09-05 07:25:00,157426.38,Investment Scam,3,2.1,1,13,0,28.6696,77.22396,0.65,2,Delhi - Karol Bagh,54.7,1
TXN-2026-100320,CT-2026-1020,2026-09-07 10:31:00,94083.57,Card Phishing,4,3.1,1,10,0,22.29369,70.77915,0.17,4,Rajkot - Kalawad Road,37.1,1
TXN-2026-100321,CT-2026-1021,2026-08-12 09:39:00,71923.93,UPI Fraud,2,9.3,1,1,0,22.29743,73.17387,0.18,8,Vadodara - Alkapuri,54.1,1
TXN-2026-100322,CT-2026-1022,2026-08-12 11:26:00,12660.35,Loan App Scam,4,42.8,1,18,0,23.03417,72.57174,1.58,2,Ahmedabad - SG Highway,,0
TXN-2026-100323,CT-2026-1023,2026-08-19 10:08:00,46508.55,UPI Fraud,3,59.6,1,13,0,28.64848,77.20738,0.7,5,Delhi - Karol Bagh,,0
TXN-2026-100324,CT-2026-1024,2026-08-28 17:54:00,30666.2,UPI Fraud,4,5.2,1,4,0,22.31372,73.17035,0.97,5,Vadodara - Alkapuri,35.4,1
TXN-2026-100325,CT-2026-1025,2026-09-25 13:22:00,38917.71,UPI Fraud,3,13.4,1,21,1,23.01594,72.56996,0.96,6,Ahmedabad - SG Highway,34.5,1
TXN-2026-100326,CT-2026-1026,2026-09-15 12:18:00,7235.51,UPI Fraud,4,2.0,1,16,0,22.30713,70.8137,0.41,4,Rajkot - Kalawad Road,11.2,1
TXN-2026-100327,CT-2026-1027,2026-08-22 12:39:00,69842.31,UPI Fraud,2,1.7,1,5,1,26.93722,76.73008,0.94,2,Rural / Other Region,,0
TXN-2026-100328,CT-2026-1028,2026-09-08 16:17:00,97042.97,Identity Theft,4,24.3,1,22,1,21.16617,72.80091,0.42,1,Surat - Ring Road,,0
TXN-2026-100329,CT-2026-1029,2026-08-10 03:55:00,39613.14,UPI Fraud,1,251.8,0,1282,1,28.65319,77.19828,1.4,1,Delhi - Karol Bagh,,0
TXN-2026-100330,CT-2026-1030,2026-08-15 01:09:00,32365.31,Loan App Scam,2,14.5,1,31,0,28.66098,77.17772,0.4,5,Delhi - Karol Bagh,,0
TXN-2026-100331,CT-2026-1031,2026-09-10 10:34:00,66962.55,UPI Fraud,2,20.4,1,31,1,21.17754,72.82535,0.66,3,Surat - Ring Road,,0
TXN-2026-100332,CT-2026-1032,2026-09-19 10:27:00,56353.16,Investment Scam,2,169.9,0,283,1,22.31203,70.79598,4.34,1,Rajkot - Kalawad Road,,0
TXN-2026-100333,CT-2026-1033,2026-08-03 12:09:00,113771.56,UPI Fraud,4,165.6,0,866,1,28.66135,77.19375,4.27,1,Delhi - Karol Bagh,,0
TXN-2026-100334,CT-2026-1034,2026-08-19 10:49:00,32733.72,UPI Fraud,2,10.4,1,1,0,22.30664,73.17858,0.3,4,Vadodara - Alkapuri,35.3,1
TXN-2026-100335,CT-2026-1035,2026-08-19 10:00:00,312806.89,Investment Scam,3,58.6,0,1135,1,22.30173,73.16657,0.78,1,Vadodara - Alkapuri,,0
TXN-2026-100336,CT-2026-1036,2026-08-16 17:42:00,34599.66,Loan App Scam,2,36.3,1,6,0,28.63092,77.20278,0.3,6,Delhi - Connaught Place,39.2,1
TXN-2026-100337,CT-2026-1037,2026-08-30 11:36:00,17305.8,UPI Fraud,3,10.0,1,31,0,28.64465,77.17832,0.33,3,Delhi - Karol Bagh,,0
TXN-2026-100338,CT-2026-1038,2026-09-16 09:54:00,103049.5,UPI Fraud,2,9.3,1,25,0,21.17036,72.80587,2.97,4,Surat - Ring Road,,0
TXN-2026-100339,CT-2026-1039,2026-08-16 14:37:00,68740.01,Loan App Scam,1,291.2,0,1248,1,22.30617,73.17466,1.26,1,Vadodara - Alkapuri,,0
TXN-2026-100340,CT-2026-1040,2026-08-07 01:32:00,30980.39,UPI Fraud,2,29.4,1,10,1,20.66191,79.15083,1.33,3,Rural / Other Region,,0
TXN-2026-100341,CT-2026-1041,2026-08-10 14:57:00,92986.04,Identity Theft,2,11.4,1,16,0,23.50948,75.40758,0.15,4,Rural / Other Region,27.4,1
TXN-2026-100342,CT-2026-1042,2026-08-16 08:39:00,94374.62,UPI Fraud,3,31.0,1,31,1,22.27685,70.80621,0.28,3,Rajkot - Kalawad Road,29.8,1
TXN-2026-100343,CT-2026-1043,2026-09-01 15:50:00,10920.74,Loan App Scam,1,14.4,1,1,0,28.67753,77.16078,0.44,4,Delhi - Karol Bagh,,0
TXN-2026-100344,CT-2026-1044,2026-09-12 12:23:00,40674.23,UPI Fraud,5,28.6,1,19,0,27.59863,75.54826,0.74,7,Rural / Other Region,12.2,1
TXN-2026-100345,CT-2026-1045,2026-09-04 09:50:00,209396.74,UPI Fraud,1,37.2,1,20,0,23.00523,72.58886,0.27,4,Ahmedabad - SG Highway,25.6,1
TXN-2026-100346,CT-2026-1046,2026-08-20 04:29:00,19069.62,UPI Fraud,1,7.6,1,14,1,24.14794,73.52309,0.81,5,Rural / Other Region,,0
TXN-2026-100347,CT-2026-1047,2026-09-01 10:24:00,60086.43,UPI Fraud,3,7.4,1,6,0,23.04282,72.58836,0.23,4,Ahmedabad - SG Highway,28.6,1
TXN-2026-100348,CT-2026-1048,2026-09-08 02:47:00,9205.53,UPI Fraud,2,11.4,1,4,1,22.3114,73.16889,0.8,3,Vadodara - Alkapuri,,0
TXN-2026-100349,CT-2026-1049,2026-08-31 10:40:00,57650.79,UPI Fraud,1,9.1,1,18,0,22.31557,70.81112,0.52,4,Rajkot - Kalawad Road,11.6,1
TXN-2026-100350,CT-2026-1050,2026-08-26 15:49:00,31402.76,UPI Fraud,3,11.2,1,20,0,22.39091,71.92984,0.55,4,Rural / Other Region,24.3,1
TXN-2026-100351,CT-2026-1051,2026-09-22 23:35:00,8515.22,UPI Fraud,3,16.3,1,19,0,21.15895,72.8172,0.59,3,Surat - Ring Road,43.1,1
TXN-2026-100352,CT-2026-1052,2026-09-11 16:08:00,41681.98,UPI Fraud,4,15.9,1,33,0,28.60699,77.22369,0.31,2,Delhi - Connaught Place,47.9,1
TXN-2026-100353,CT-2026-1053,2026-08-05 06:50:00,35861.88,UPI Fraud,2,40.6,1,21,0,28.59965,77.20838,0.65,4,Delhi - Connaught Place,,0
TXN-2026-100354,CT-2026-1054,2026-09-13 13:56:00,16484.08,UPI Fraud,3,11.4,1,6,1,22.31116,70.8023,0.22,6,Rajkot - Kalawad Road,27.0,1
TXN-2026-100355,CT-2026-1055,2026-09-19 10:51:00,30098.86,UPI Fraud,3,3.4,1,9,0,26.31503,77.23395,0.47,2,Rural / Other Region,48.0,1
TXN-2026-100356,CT-2026-1056,2026-09-02 08:44:00,28661.73,Card Phishing,4,8.7,1,12,0,22.31445,70.79428,0.23,6,Rajkot - Kalawad Road,33.7,1
TXN-2026-100357,CT-2026-1057,2026-09-29 16:47:00,62299.8,Card Phishing,2,7.3,1,23,0,28.64603,77.22518,0.25,4,Delhi - Karol Bagh,,0
TXN-2026-100358,CT-2026-1058,2026-08-20 14:57:00,185075.13,Investment Scam,4,6.4,1,4,0,23.03065,72.57003,0.24,4,Ahmedabad - SG Highway,41.2,1
TXN-2026-100359,CT-2026-1059,2026-08-13 14:37:00,25997.53,UPI Fraud,3,11.8,1,10,0,28.63329,77.21176,0.13,6,Delhi - Connaught Place,33.4,1
TXN-2026-100360,CT-2026-1060,2026-08-03 13:45:00,8423.0,UPI Fraud,1,198.0,0,1173,1,22.30427,73.19414,3.65,1,Vadodara - Alkapuri,,0
TXN-2026-100361,CT-2026-1061,2026-09-03 14:29:00,29139.04,Card Phishing,3,45.4,1,4,0,22.28518,73.17985,2.68,6,Vadodara - Alkapuri,,0
TXN-2026-100362,CT-2026-1062,2026-09-03 15:31:00,100828.21,Card Phishing,1,15.1,1,17,1,21.17069,72.81422,0.42,7,Surat - Ring Road,21.9,1
TXN-2026-100363,CT-2026-1063,2026-09-24 07:05:00,8380.82,UPI Fraud,2,336.6,0,474,1,20.26741,73.66752,1.89,3,Rural / Other Region,,0
TXN-2026-100364,CT-2026-1064,2026-08-19 11:35:00,79766.1,UPI Fraud,1,4.3,1,19,1,21.1949,72.86922,0.76,2,Surat - Ring Road,,0
TXN-2026-100365,CT-2026-1065,2026-09-26 16:57:00,37972.18,Card Phishing,4,12.6,1,20,1,22.30158,70.7863,0.59,1,Rajkot - Kalawad Road,,0
TXN-2026-100366,CT-2026-1066,2026-09-25 02:34:00,60513.21,Card Phishing,2,1.8,1,8,0,28.63935,77.18681,0.35,4,Delhi - Karol Bagh,9.3,1
TXN-2026-100367,CT-2026-1067,2026-08-20 11:58:00,12149.22,Loan App Scam,1,54.8,0,1078,1,22.30171,70.80396,1.28,1,Rajkot - Kalawad Road,,0
TXN-2026-100368,CT-2026-1068,2026-09-13 11:50:00,18155.81,UPI Fraud,2,130.4,0,1375,1,23.04153,72.58262,1.59,1,Ahmedabad - SG Highway,,0
TXN-2026-100369,CT-2026-1069,2026-09-19 13:49:00,29008.59,UPI Fraud,1,8.8,1,38,0,22.68757,75.60694,0.66,5,Rural / Other Region,,0
TXN-2026-100370,CT-2026-1070,2026-08-19 21:11:00,29599.62,UPI Fraud,2,4.1,1,5,0,28.61573,77.23322,0.13,1,Delhi - Connaught Place,43.0,1
TXN-2026-100371,CT-2026-1071,2026-08-31 15:26:00,221315.18,Investment Scam,3,8.8,1,1,0,22.31192,73.19581,0.58,4,Vadodara - Alkapuri,22.0,1
TXN-2026-100372,CT-2026-1072,2026-09-16 11:27:00,73482.17,UPI Fraud,2,5.9,1,12,0,22.29925,70.77994,0.31,6,Rajkot - Kalawad Road,13.8,1
TXN-2026-100373,CT-2026-1073,2026-09-05 10:28:00,131902.25,UPI Fraud,1,19.3,1,35,1,28.67169,77.20453,0.21,5,Delhi - Karol Bagh,,0
TXN-2026-100374,CT-2026-1074,2026-09-11 15:48:00,161053.89,UPI Fraud,4,160.7,0,1222,1,23.01631,72.5939,1.56,1,Ahmedabad - SG Highway,,0
TXN-2026-100375,CT-2026-1075,2026-08-02 03:53:00,44734.99,UPI Fraud,3,3.2,1,73,1,27.03944,79.99741,0.12,4,Rural / Other Region,,0
TXN-2026-100376,CT-2026-1076,2026-08-28 17:06:00,15664.88,Card Phishing,1,19.8,1,5,0,22.32276,73.19471,1.02,6,Vadodara - Alkapuri,24.6,1
TXN-2026-100377,CT-2026-1077,2026-08-15 10:34:00,9360.13,UPI Fraud,3,23.7,1,2,0,23.0236,72.58187,0.41,5,Ahmedabad - SG Highway,24.6,1
TXN-2026-100378,CT-2026-1078,2026-09-28 09:02:00,78817.82,UPI Fraud,2,2.9,1,19,0,21.18814,72.82594,1.05,3,Surat - Ring Road,,0
TXN-2026-100379,CT-2026-1079,2026-08-08 11:23:00,60857.91,UPI Fraud,2,30.6,1,3,0,22.31551,70.81147,0.73,4,Rajkot - Kalawad Road,,0
TXN-2026-100380,CT-2026-1080,2026-09-21 09:14:00,15568.89,UPI Fraud,3,2.4,1,3,0,21.22508,70.09847,0.34,9,Rural / Other Region,5.4,1
TXN-2026-100381,CT-2026-1081,2026-08-30 14:45:00,80341.53,Investment Scam,4,21.8,1,11,0,22.31728,70.80756,2.77,3,Rajkot - Kalawad Road,35.8,1
TXN-2026-100382,CT-2026-1082,2026-09-06 21:22:00,13477.64,Card Phishing,1,3.0,1,7,0,28.62785,77.18063,0.74,1,Delhi - Karol Bagh,43.9,1
TXN-2026-100383,CT-2026-1083,2026-09-10 08:52:00,778845.62,Investment Scam,2,11.1,1,10,0,28.61891,77.23259,0.84,3,Delhi - Connaught Place,16.5,1
TXN-2026-100384,CT-2026-1084,2026-08-04 14:25:00,73813.8,UPI Fraud,2,95.5,0,347,1,21.17879,72.81819,2.14,1,Surat - Ring Road,,0
TXN-2026-100385,CT-2026-1085,2026-08-14 10:58:00,113221.18,UPI Fraud,3,47.3,0,441,1,22.28704,70.81065,0.65,1,Rajkot - Kalawad Road,,0
TXN-2026-100386,CT-2026-1086,2026-08-23 13:15:00,27612.98,UPI Fraud,4,6.1,1,5,0,22.31111,73.19224,0.78,2,Vadodara - Alkapuri,42.9,1
TXN-2026-100387,CT-2026-1087,2026-08-21 12:21:00,5718.42,UPI Fraud,3,11.4,1,9,0,22.30851,73.16845,0.33,4,Vadodara - Alkapuri,29.2,1
TXN-2026-100388,CT-2026-1088,2026-09-12 09:14:00,31314.57,UPI Fraud,1,2.1,1,44,0,28.6559,77.16128,0.1,7,Delhi - Karol Bagh,42.2,1
TXN-2026-100389,CT-2026-1089,2026-08-30 07:52:00,15617.52,UPI Fraud,2,1.9,1,12,1,20.82702,71.80663,0.33,4,Rural / Other Region,,0
TXN-2026-100390,CT-2026-1090,2026-08-05 12:57:00,23396.29,UPI Fraud,1,77.9,0,1333,1,23.04247,72.54445,2.72,1,Ahmedabad - SG Highway,,0
TXN-2026-100391,CT-2026-1091,2026-09-06 22:37:00,145696.54,Card Phishing,3,9.3,1,5,0,22.30899,70.8029,0.53,5,Rajkot - Kalawad Road,24.1,1
TXN-2026-100392,CT-2026-1092,2026-09-03 11:16:00,13486.53,UPI Fraud,1,6.5,1,3,0,27.56628,79.29859,0.57,6,Rural / Other Region,22.7,1
TXN-2026-100393,CT-2026-1093,2026-08-12 10:16:00,13919.2,Card Phishing,2,21.5,1,62,0,22.30765,73.20333,0.12,4,Vadodara - Alkapuri,,0
TXN-2026-100394,CT-2026-1094,2026-08-10 10:19:00,59769.65,UPI Fraud,3,8.6,1,62,1,28.6488,77.18445,0.14,6,Delhi - Karol Bagh,,0
TXN-2026-100395,CT-2026-1095,2026-08-17 15:21:00,170603.99,Investment Scam,3,43.4,1,57,0,22.31916,70.80572,0.92,2,Rajkot - Kalawad Road,,0
TXN-2026-100396,CT-2026-1096,2026-09-07 17:24:00,29818.72,Card Phishing,4,6.6,1,1,0,28.64812,77.21233,3.61,7,Delhi - Connaught Place,46.9,1
TXN-2026-100397,CT-2026-1097,2026-08-16 13:15:00,23278.45,UPI Fraud,1,38.9,0,1063,1,21.16989,72.80494,3.94,1,Surat - Ring Road,,0
TXN-2026-100398,CT-2026-1098,2026-08-06 02:03:00,50504.12,UPI Fraud,4,17.6,1,46,1,22.47783,72.41961,0.23,8,Rural / Other Region,40.0,1
TXN-2026-100399,CT-2026-1099,2026-09-18 07:27:00,1145011.75,Investment Scam,3,33.8,1,6,1,21.17171,72.82361,0.87,3,Surat - Ring Road,38.0,1
TXN-2026-100400,CT-2026-1100,2026-09-24 10:10:00,13392.57,Identity Theft,2,5.5,1,10,0,21.48666,79.77993,2.25,2,Rural / Other Region,,0
TXN-2026-100401,CT-2026-1101,2026-08-10 08:16:00,12994.87,UPI Fraud,2,2.9,1,29,0,23.0263,72.54613,0.5,5,Ahmedabad - SG Highway,53.2,1
TXN-2026-100402,CT-2026-1102,2026-09-29 12:21:00,93261.14,Card Phishing,1,21.0,1,8,0,25.87287,76.61693,1.22,4,Rural / Other Region,12.9,1
TXN-2026-100403,CT-2026-1103,2026-08-17 10:38:00,75669.42,Identity Theft,3,6.0,1,2,0,28.61624,77.24551,0.24,4,Delhi - Connaught Place,,0
TXN-2026-100404,CT-2026-1104,2026-09-24 14:32:00,33025.01,Loan App Scam,1,10.1,1,38,0,22.31731,70.79071,0.77,1,Rajkot - Kalawad Road,,0
TXN-2026-100405,CT-2026-1105,2026-08-10 10:19:00,67891.73,UPI Fraud,2,110.3,0,1340,1,22.29197,73.15569,2.99,1,Vadodara - Alkapuri,,0
TXN-2026-100406,CT-2026-1106,2026-09-11 13:13:00,9626.73,Identity Theft,5,3.9,1,4,1,23.03005,72.57947,0.52,2,Ahmedabad - SG Highway,29.9,1
TXN-2026-100407,CT-2026-1107,2026-08-13 08:24:00,46971.74,Card Phishing,2,5.4,1,32,0,28.6401,77.23185,0.28,3,Delhi - Connaught Place,,0
TXN-2026-100408,CT-2026-1108,2026-09-09 02:03:00,225769.15,Investment Scam,4,467.0,0,820,1,28.64259,77.18837,0.52,3,Delhi - Karol Bagh,,0
TXN-2026-100409,CT-2026-1109,2026-09-17 01:17:00,45556.51,UPI Fraud,2,83.2,1,10,1,22.2893,70.79452,2.72,7,Rajkot - Kalawad Road,,0
TXN-2026-100410,CT-2026-1110,2026-08-05 14:47:00,970398.49,Investment Scam,2,62.5,0,606,1,23.03456,72.58638,1.26,1,Ahmedabad - SG Highway,,0
TXN-2026-100411,CT-2026-1111,2026-08-31 21:16:00,6445.88,Card Phishing,1,15.3,1,42,0,23.04094,72.59278,0.82,8,Ahmedabad - SG Highway,,0
TXN-2026-100412,CT-2026-1112,2026-09-27 16:13:00,7494.87,UPI Fraud,2,2.8,1,13,0,23.04446,72.61038,0.18,3,Ahmedabad - SG Highway,53.5,1
TXN-2026-100413,CT-2026-1113,2026-08-07 09:45:00,18138.55,UPI Fraud,3,1.8,1,17,0,22.33415,73.173,0.28,4,Vadodara - Alkapuri,23.0,1
TXN-2026-100414,CT-2026-1114,2026-08-27 11:08:00,273369.15,Investment Scam,2,14.7,1,24,0,28.67076,77.18414,1.46,1,Delhi - Karol Bagh,,0
TXN-2026-100415,CT-2026-1115,2026-09-07 10:05:00,105611.13,Investment Scam,2,4.5,1,26,0,22.3227,73.18819,0.54,3,Vadodara - Alkapuri,27.8,1
TXN-2026-100416,CT-2026-1116,2026-08-18 15:46:00,59623.09,UPI Fraud,5,10.7,1,10,0,21.17977,72.81132,1.21,3,Surat - Ring Road,20.1,1
TXN-2026-100417,CT-2026-1117,2026-09-11 12:07:00,64330.98,Loan App Scam,1,99.4,0,1047,1,28.64574,77.21205,0.61,1,Delhi - Connaught Place,,0
TXN-2026-100418,CT-2026-1118,2026-09-11 13:42:00,681833.54,Investment Scam,1,184.3,0,1267,1,21.17903,72.81819,4.97,1,Surat - Ring Road,,0
TXN-2026-100419,CT-2026-1119,2026-09-28 12:00:00,31326.61,UPI Fraud,2,15.5,1,7,0,23.03733,72.56811,0.87,3,Ahmedabad - SG Highway,,0
TXN-2026-100420,CT-2026-1120,2026-08-02 16:08:00,5932.62,UPI Fraud,2,15.5,1,14,1,22.28829,73.151,0.17,3,Vadodara - Alkapuri,,0
TXN-2026-100421,CT-2026-1121,2026-08-13 08:47:00,87239.58,UPI Fraud,4,1.6,1,13,0,24.83099,77.34983,0.64,4,Rural / Other Region,38.8,1
TXN-2026-100422,CT-2026-1122,2026-09-08 16:35:00,124194.1,UPI Fraud,4,33.6,1,36,0,22.30477,73.1523,0.27,3,Vadodara - Alkapuri,19.7,1
TXN-2026-100423,CT-2026-1123,2026-09-03 10:42:00,334816.54,Investment Scam,1,11.7,1,17,0,22.11678,75.19502,0.14,3,Rural / Other Region,21.2,1
TXN-2026-100424,CT-2026-1124,2026-09-17 11:33:00,47592.62,Card Phishing,2,15.5,1,22,0,22.31701,70.7902,0.53,5,Rajkot - Kalawad Road,,0
TXN-2026-100425,CT-2026-1125,2026-09-22 12:18:00,23737.48,UPI Fraud,3,11.9,1,16,0,23.06034,72.58799,0.3,2,Ahmedabad - SG Highway,19.9,1
TXN-2026-100426,CT-2026-1126,2026-08-26 13:28:00,6907.32,UPI Fraud,1,1.8,1,6,0,22.32379,73.20207,0.54,6,Vadodara - Alkapuri,35.4,1
TXN-2026-100427,CT-2026-1127,2026-08-28 09:29:00,6873.8,Card Phishing,2,25.0,1,16,1,22.30425,70.81157,0.26,5,Rajkot - Kalawad Road,,0
TXN-2026-100428,CT-2026-1128,2026-08-27 14:36:00,427705.8,Investment Scam,1,118.9,0,1128,1,22.30409,73.19116,0.62,3,Vadodara - Alkapuri,,0
TXN-2026-100429,CT-2026-1129,2026-08-22 17:47:00,9845.09,UPI Fraud,1,8.7,1,38,0,26.41968,70.41374,1.55,5,Rural / Other Region,,0
TXN-2026-100430,CT-2026-1130,2026-09-01 09:45:00,266335.7,Investment Scam,2,52.7,1,12,0,22.31362,73.18268,1.77,11,Vadodara - Alkapuri,,0
TXN-2026-100431,CT-2026-1131,2026-08-19 13:12:00,39353.72,UPI Fraud,4,13.5,1,1,0,23.05556,72.58315,0.43,4,Ahmedabad - SG Highway,40.8,1
TXN-2026-100432,CT-2026-1132,2026-08-17 16:01:00,210914.69,Investment Scam,3,260.9,0,1263,1,22.32041,70.81433,0.97,1,Rajkot - Kalawad Road,,0
TXN-2026-100433,CT-2026-1133,2026-08-29 09:48:00,53012.15,Investment Scam,4,3.9,1,4,0,28.62659,77.23371,0.77,7,Delhi - Connaught Place,61.8,1
TXN-2026-100434,CT-2026-1134,2026-09-05 10:26:00,98650.46,Loan App Scam,1,16.0,1,10,0,21.13061,72.83365,1.67,4,Surat - Ring Road,,0
TXN-2026-100435,CT-2026-1135,2026-08-21 14:41:00,123004.75,UPI Fraud,4,17.5,1,40,0,28.66479,77.22699,0.49,5,Delhi - Karol Bagh,58.6,1
TXN-2026-100436,CT-2026-1136,2026-09-15 10:58:00,39397.88,UPI Fraud,2,181.5,0,710,1,28.62891,77.2139,5.73,1,Delhi - Connaught Place,,0
TXN-2026-100437,CT-2026-1137,2026-09-02 02:04:00,632586.0,Investment Scam,3,3.4,1,7,0,22.28067,70.80904,0.3,5,Rajkot - Kalawad Road,-1.5,1
TXN-2026-100438,CT-2026-1138,2026-08-06 02:46:00,51436.58,Loan App Scam,3,20.5,1,12,0,28.65824,77.19733,2.18,5,Delhi - Karol Bagh,,0
TXN-2026-100439,CT-2026-1139,2026-09-23 13:25:00,64216.99,UPI Fraud,2,6.7,1,8,0,21.19531,72.83162,0.84,4,Surat - Ring Road,24.5,1
TXN-2026-100440,CT-2026-1140,2026-09-22 10:23:00,11670.13,Loan App Scam,2,12.2,1,24,0,22.32081,73.16372,0.81,5,Vadodara - Alkapuri,,0
TXN-2026-100441,CT-2026-1141,2026-08-12 10:29:00,74827.86,UPI Fraud,1,261.2,0,394,1,21.14754,72.84379,3.4,1,Surat - Ring Road,,0
TXN-2026-100442,CT-2026-1142,2026-09-29 14:36:00,94410.21,UPI Fraud,3,11.5,1,28,0,28.64657,77.20003,0.74,2,Delhi - Karol Bagh,18.3,1
TXN-2026-100443,CT-2026-1143,2026-08-01 10:00:00,62234.4,UPI Fraud,2,18.8,1,19,0,21.15175,72.85,0.57,3,Surat - Ring Road,,0
TXN-2026-100444,CT-2026-1144,2026-09-01 17:32:00,439067.23,Investment Scam,1,105.7,0,325,1,22.28952,73.18364,0.68,1,Vadodara - Alkapuri,,0
TXN-2026-100445,CT-2026-1145,2026-08-05 21:00:00,24680.15,UPI Fraud,4,11.8,1,137,0,22.30039,73.18256,0.82,3,Vadodara - Alkapuri,,0
TXN-2026-100446,CT-2026-1146,2026-08-16 14:42:00,24732.38,UPI Fraud,2,5.9,1,21,0,23.03788,72.58808,2.87,3,Ahmedabad - SG Highway,,0
TXN-2026-100447,CT-2026-1147,2026-08-07 10:36:00,131170.17,Investment Scam,4,492.8,0,1256,1,28.62139,77.18604,5.81,1,Delhi - Connaught Place,,0
TXN-2026-100448,CT-2026-1148,2026-08-23 11:05:00,9727.54,UPI Fraud,1,6.6,1,13,0,27.194,76.23753,0.22,6,Rural / Other Region,44.0,1
TXN-2026-100449,CT-2026-1149,2026-08-16 12:56:00,21355.01,Identity Theft,1,63.4,0,468,1,28.6532,77.18075,3.07,1,Delhi - Karol Bagh,,0
TXN-2026-100450,CT-2026-1150,2026-09-10 13:04:00,116224.84,Investment Scam,5,3.5,1,24,1,22.27688,73.63373,0.25,1,Rural / Other Region,36.6,1
TXN-2026-100451,CT-2026-1151,2026-08-23 10:36:00,89750.61,Investment Scam,2,38.6,1,1,0,22.28462,70.78266,0.17,7,Rajkot - Kalawad Road,39.1,1
TXN-2026-100452,CT-2026-1152,2026-08-09 07:55:00,7856.53,UPI Fraud,1,16.7,1,9,0,23.96941,78.24723,0.91,2,Rural / Other Region,,0
TXN-2026-100453,CT-2026-1153,2026-08-11 04:38:00,37120.3,UPI Fraud,3,5.2,1,25,0,21.44524,74.06568,0.38,4,Rural / Other Region,58.0,1
TXN-2026-100454,CT-2026-1154,2026-08-26 09:27:00,258913.95,Investment Scam,2,177.1,0,1302,1,23.03431,72.58451,1.36,1,Ahmedabad - SG Highway,,0
TXN-2026-100455,CT-2026-1155,2026-08-17 15:54:00,16968.88,Card Phishing,2,252.5,0,1442,1,23.09654,75.62641,3.41,1,Rural / Other Region,,0
TXN-2026-100456,CT-2026-1156,2026-09-06 07:03:00,298140.21,Investment Scam,1,53.8,1,10,0,23.02493,72.59343,0.33,10,Ahmedabad - SG Highway,30.9,1
TXN-2026-100457,CT-2026-1157,2026-09-19 12:26:00,221830.7,Investment Scam,3,37.0,1,10,0,22.32412,73.19568,0.14,3,Vadodara - Alkapuri,43.5,1
TXN-2026-100458,CT-2026-1158,2026-09-26 16:29:00,560120.37,Investment Scam,2,3.0,1,42,0,28.64334,77.18578,0.41,5,Delhi - Karol Bagh,,0
TXN-2026-100459,CT-2026-1159,2026-09-16 14:35:00,36088.33,UPI Fraud,2,16.7,1,6,0,28.64538,77.19999,0.98,6,Delhi - Karol Bagh,32.6,1
TXN-2026-100460,CT-2026-1160,2026-09-08 17:00:00,32517.34,Card Phishing,2,6.7,1,33,0,28.65429,77.19769,0.77,9,Delhi - Connaught Place,54.4,1
TXN-2026-100461,CT-2026-1161,2026-08-04 06:38:00,68371.62,Card Phishing,1,5.3,1,12,0,22.29829,73.20097,0.22,4,Vadodara - Alkapuri,34.0,1
TXN-2026-100462,CT-2026-1162,2026-09-10 12:46:00,43309.44,UPI Fraud,2,94.3,0,1031,1,22.30247,73.17603,7.16,1,Vadodara - Alkapuri,,0
TXN-2026-100463,CT-2026-1163,2026-08-01 09:42:00,6466.46,UPI Fraud,3,18.9,1,7,1,23.03399,72.58157,0.11,10,Ahmedabad - SG Highway,35.5,1
TXN-2026-100464,CT-2026-1164,2026-08-23 13:29:00,93150.45,Card Phishing,3,178.6,0,568,1,28.64734,77.19726,0.81,1,Delhi - Karol Bagh,,0
TXN-2026-100465,CT-2026-1165,2026-09-12 12:10:00,96586.48,Card Phishing,4,7.6,1,8,0,28.67741,77.1936,0.37,6,Delhi - Karol Bagh,26.6,1
TXN-2026-100466,CT-2026-1166,2026-09-29 15:44:00,82738.23,Card Phishing,2,16.5,1,61,0,22.32021,73.20243,0.38,3,Vadodara - Alkapuri,,0
TXN-2026-100467,CT-2026-1167,2026-08-02 10:53:00,6052.19,Card Phishing,1,31.4,1,3,0,28.62328,77.23294,0.4,1,Delhi - Connaught Place,,0
TXN-2026-100468,CT-2026-1168,2026-09-04 13:40:00,25587.26,UPI Fraud,4,124.0,0,582,1,21.18768,72.81334,0.55,1,Surat - Ring Road,,0
TXN-2026-100469,CT-2026-1169,2026-08-27 12:39:00,776422.1,Investment Scam,3,1.6,1,51,0,22.30246,70.79244,0.75,3,Rajkot - Kalawad Road,31.1,1
TXN-2026-100470,CT-2026-1170,2026-09-14 13:10:00,77787.44,UPI Fraud,3,19.1,1,69,0,22.29988,70.82308,1.27,1,Rajkot - Kalawad Road,,0
TXN-2026-100471,CT-2026-1171,2026-08-29 15:07:00,1102815.13,Investment Scam,3,6.0,1,8,0,23.014,72.58142,1.54,4,Ahmedabad - SG Highway,11.8,1
TXN-2026-100472,CT-2026-1172,2026-09-25 10:29:00,26052.41,UPI Fraud,1,9.3,1,4,0,27.18007,79.46708,1.3,4,Rural / Other Region,,0
TXN-2026-100473,CT-2026-1173,2026-08-13 09:29:00,67246.0,Identity Theft,3,31.5,0,960,1,28.64346,77.16097,0.59,1,Delhi - Karol Bagh,,0
TXN-2026-100474,CT-2026-1174,2026-09-07 11:06:00,21775.78,Identity Theft,1,117.9,0,1324,1,24.93016,79.36148,12.99,1,Rural / Other Region,,0
TXN-2026-100475,CT-2026-1175,2026-09-22 14:53:00,33211.81,Loan App Scam,3,4.0,1,3,0,22.32914,70.81414,1.13,6,Rajkot - Kalawad Road,38.5,1
TXN-2026-100476,CT-2026-1176,2026-09-16 11:00:00,11215.31,UPI Fraud,2,5.1,1,19,0,27.923,71.92173,1.54,1,Rural / Other Region,,0
TXN-2026-100477,CT-2026-1177,2026-09-28 13:57:00,25934.3,UPI Fraud,1,87.9,0,1272,1,22.2922,70.81323,2.72,1,Rajkot - Kalawad Road,,0
TXN-2026-100478,CT-2026-1178,2026-08-01 16:08:00,401135.54,Investment Scam,3,1.8,1,15,0,28.61986,77.18709,0.69,5,Delhi - Karol Bagh,48.0,1
TXN-2026-100479,CT-2026-1179,2026-09-22 11:04:00,10120.89,UPI Fraud,1,13.3,1,3,0,20.1245,76.45964,1.15,3,Rural / Other Region,,0
TXN-2026-100480,CT-2026-1180,2026-09-19 11:30:00,13789.57,Card Phishing,2,10.8,1,13,0,27.10552,78.54746,0.28,3,Rural / Other Region,,0
TXN-2026-100481,CT-2026-1181,2026-08-30 16:51:00,306080.43,Investment Scam,2,3.9,1,13,0,22.33125,73.15402,0.14,7,Vadodara - Alkapuri,23.6,1
TXN-2026-100482,CT-2026-1182,2026-08-26 20:42:00,66250.78,UPI Fraud,2,63.7,0,1060,1,22.34065,73.18454,3.65,1,Vadodara - Alkapuri,,0
TXN-2026-100483,CT-2026-1183,2026-09-13 20:15:00,43019.21,UPI Fraud,1,146.9,0,1214,1,28.63288,77.21942,1.45,1,Delhi - Connaught Place,,0
TXN-2026-100484,CT-2026-1184,2026-08-17 12:19:00,217104.21,Investment Scam,2,8.7,1,17,0,28.65993,77.21372,2.18,3,Delhi - Connaught Place,,0
TXN-2026-100485,CT-2026-1185,2026-08-24 10:26:00,36317.48,UPI Fraud,2,167.3,0,290,1,22.32051,73.17899,3.35,3,Vadodara - Alkapuri,,0
TXN-2026-100486,CT-2026-1186,2026-09-22 12:20:00,357200.23,Investment Scam,1,12.1,1,17,0,23.04465,72.59882,3.59,8,Ahmedabad - SG Highway,,0
TXN-2026-100487,CT-2026-1187,2026-08-01 13:24:00,65356.69,UPI Fraud,2,85.1,0,548,1,26.2601,75.44182,0.7,1,Rural / Other Region,,0
TXN-2026-100488,CT-2026-1188,2026-09-04 06:40:00,477980.56,Investment Scam,1,38.9,1,15,0,22.31482,73.20869,0.12,3,Vadodara - Alkapuri,39.7,1
TXN-2026-100489,CT-2026-1189,2026-08-27 06:46:00,11088.41,UPI Fraud,4,29.8,1,3,0,22.32083,73.17363,0.44,6,Vadodara - Alkapuri,16.8,1
TXN-2026-100490,CT-2026-1190,2026-08-04 09:46:00,575904.34,Investment Scam,1,6.6,1,8,0,28.65892,77.18034,0.35,4,Delhi - Karol Bagh,56.0,1
TXN-2026-100491,CT-2026-1191,2026-08-31 13:29:00,14713.75,Loan App Scam,4,28.3,1,67,1,21.18828,72.81591,1.4,3,Surat - Ring Road,,0
TXN-2026-100492,CT-2026-1192,2026-08-23 08:37:00,27643.84,UPI Fraud,3,3.8,1,16,0,22.32346,73.18251,1.3,4,Vadodara - Alkapuri,39.5,1
TXN-2026-100493,CT-2026-1193,2026-09-25 13:20:00,24116.79,UPI Fraud,2,5.7,1,34,0,28.67684,77.18853,1.42,7,Delhi - Karol Bagh,,0
TXN-2026-100494,CT-2026-1194,2026-09-28 17:09:00,1827606.99,Investment Scam,2,29.5,1,55,0,28.64042,77.21365,1.11,3,Delhi - Karol Bagh,75.5,1
TXN-2026-100495,CT-2026-1195,2026-08-07 16:48:00,15514.23,Card Phishing,3,9.8,1,44,0,22.32075,73.21134,2.01,4,Vadodara - Alkapuri,,0
TXN-2026-100496,CT-2026-1196,2026-09-03 10:26:00,313239.06,Investment Scam,1,2.0,1,7,0,23.01815,72.57702,0.12,7,Ahmedabad - SG Highway,30.3,1
TXN-2026-100497,CT-2026-1197,2026-09-21 11:17:00,132557.16,Loan App Scam,1,3.1,1,88,0,22.31981,73.1529,1.15,4,Vadodara - Alkapuri,,0
TXN-2026-100498,CT-2026-1198,2026-09-05 14:30:00,88651.86,Investment Scam,2,29.8,1,25,0,28.61988,77.21452,0.42,5,Delhi - Connaught Place,,0
TXN-2026-100499,CT-2026-1199,2026-08-16 10:27:00,14503.74,UPI Fraud,1,736.5,0,867,1,23.03455,72.57983,2.36,1,Ahmedabad - SG Highway,,0
TXN-2026-100500,CT-2026-1200,2026-09-06 06:27:00,33763.61,UPI Fraud,5,2.4,1,14,0,22.30613,70.79963,1.46,5,Rajkot - Kalawad Road,40.2,1
TXN-2026-100501,CT-2026-1201,2026-09-05 15:23:00,29307.43,UPI Fraud,4,73.9,0,211,1,23.06129,72.58281,3.24,1,Ahmedabad - SG Highway,,0
TXN-2026-100502,CT-2026-1202,2026-09-03 14:12:00,47926.27,UPI Fraud,2,157.2,0,1450,1,22.30987,70.79944,5.05,1,Rajkot - Kalawad Road,,0
TXN-2026-100503,CT-2026-1203,2026-08-26 12:26:00,18888.14,Card Phishing,3,36.3,1,41,0,22.30081,70.80119,0.24,9,Rajkot - Kalawad Road,,0
TXN-2026-100504,CT-2026-1204,2026-08-27 14:33:00,242279.71,Investment Scam,3,7.9,1,6,0,23.04207,72.59992,0.47,3,Ahmedabad - SG Highway,46.1,1
TXN-2026-100505,CT-2026-1205,2026-08-05 03:43:00,121342.76,UPI Fraud,1,24.0,1,9,0,24.78237,70.14869,0.32,2,Rural / Other Region,37.6,1
TXN-2026-100506,CT-2026-1206,2026-08-12 01:14:00,9553.94,UPI Fraud,5,14.5,1,18,0,22.30661,70.79865,0.17,5,Rajkot - Kalawad Road,19.3,1
TXN-2026-100507,CT-2026-1207,2026-09-21 12:46:00,38447.69,UPI Fraud,3,33.0,0,909,1,22.32098,73.17434,2.82,1,Vadodara - Alkapuri,,0
TXN-2026-100508,CT-2026-1208,2026-09-03 13:09:00,38655.67,Card Phishing,1,25.8,1,16,1,22.3036,73.17483,0.46,1,Vadodara - Alkapuri,,0
TXN-2026-100509,CT-2026-1209,2026-08-14 23:29:00,127682.15,UPI Fraud,1,64.9,0,1156,1,28.62933,77.19107,1.25,1,Delhi - Connaught Place,,0
TXN-2026-100510,CT-2026-1210,2026-08-12 13:14:00,112756.19,Investment Scam,3,9.4,1,13,0,22.29903,70.81043,0.33,7,Rajkot - Kalawad Road,47.0,1
TXN-2026-100511,CT-2026-1211,2026-08-08 16:41:00,133396.36,Card Phishing,1,71.3,0,296,1,28.64768,77.21445,1.66,2,Delhi - Connaught Place,,0
TXN-2026-100512,CT-2026-1212,2026-08-12 05:56:00,11511.62,Card Phishing,3,14.3,1,3,0,21.15924,72.83837,0.52,2,Surat - Ring Road,,0
TXN-2026-100513,CT-2026-1213,2026-08-18 07:45:00,6763.25,UPI Fraud,3,11.1,1,29,0,28.64045,77.19184,0.16,7,Delhi - Karol Bagh,28.2,1
TXN-2026-100514,CT-2026-1214,2026-09-24 10:26:00,36780.57,UPI Fraud,1,18.3,1,63,0,21.17842,72.83304,0.55,3,Surat - Ring Road,,0
TXN-2026-100515,CT-2026-1215,2026-09-11 16:28:00,45451.12,UPI Fraud,1,62.1,0,1031,1,28.67791,77.16048,3.79,1,Delhi - Karol Bagh,,0
TXN-2026-100516,CT-2026-1216,2026-09-21 06:06:00,596006.96,Investment Scam,2,9.2,1,17,0,22.30484,73.16977,0.42,2,Vadodara - Alkapuri,37.6,1
TXN-2026-100517,CT-2026-1217,2026-09-05 11:57:00,5455.61,Identity Theft,3,32.3,1,10,0,23.0313,72.57714,1.08,2,Ahmedabad - SG Highway,,0
TXN-2026-100518,CT-2026-1218,2026-09-21 11:41:00,184987.52,Investment Scam,2,33.3,1,21,0,28.68393,77.19134,0.25,4,Delhi - Karol Bagh,,0
TXN-2026-100519,CT-2026-1219,2026-08-01 17:52:00,122262.44,Card Phishing,4,2.7,1,4,1,22.30101,70.78616,0.87,3,Rajkot - Kalawad Road,,0
TXN-2026-100520,CT-2026-1220,2026-09-01 07:34:00,204503.1,Investment Scam,4,2.0,1,5,0,28.67625,77.21727,1.32,9,Delhi - Karol Bagh,42.7,1
TXN-2026-100521,CT-2026-1221,2026-08-30 11:33:00,24871.33,Loan App Scam,3,5.0,1,21,1,21.17243,72.83816,1.35,6,Surat - Ring Road,,0
TXN-2026-100522,CT-2026-1222,2026-08-19 12:45:00,55528.77,Investment Scam,1,5.2,1,2,0,22.31472,73.1731,0.7,4,Vadodara - Alkapuri,34.3,1
TXN-2026-100523,CT-2026-1223,2026-09-18 03:05:00,46163.3,Identity Theft,2,181.8,0,400,1,22.32089,73.19782,4.02,1,Vadodara - Alkapuri,,0
TXN-2026-100524,CT-2026-1224,2026-08-04 08:26:00,1233423.75,Investment Scam,2,220.2,0,765,1,28.638,77.2034,0.53,1,Delhi - Connaught Place,,0
TXN-2026-100525,CT-2026-1225,2026-08-07 15:31:00,31934.59,Loan App Scam,2,2.0,1,55,0,28.61858,77.20723,0.34,9,Delhi - Connaught Place,,0
TXN-2026-100526,CT-2026-1226,2026-09-08 13:53:00,29779.26,Loan App Scam,5,34.4,1,31,0,22.3334,73.13974,1.9,4,Vadodara - Alkapuri,,0
TXN-2026-100527,CT-2026-1227,2026-08-29 10:50:00,42272.4,UPI Fraud,3,15.5,1,7,1,22.33489,73.17018,2.66,4,Vadodara - Alkapuri,,0
TXN-2026-100528,CT-2026-1228,2026-08-13 12:05:00,85281.52,UPI Fraud,2,14.5,1,52,0,20.17841,76.09505,0.77,5,Rural / Other Region,46.5,1
TXN-2026-100529,CT-2026-1229,2026-08-13 13:07:00,333005.18,Investment Scam,4,1.9,1,68,0,25.74405,79.43634,0.87,7,Rural / Other Region,22.0,1
TXN-2026-100530,CT-2026-1230,2026-08-08 17:58:00,48655.71,UPI Fraud,2,560.5,0,1185,1,22.30894,70.81471,0.52,1,Rajkot - Kalawad Road,,0
TXN-2026-100531,CT-2026-1231,2026-09-06 07:37:00,30471.52,Card Phishing,1,2.3,1,11,0,23.04436,72.57984,0.41,7,Ahmedabad - SG Highway,36.5,1
TXN-2026-100532,CT-2026-1232,2026-08-22 16:32:00,141917.19,Investment Scam,2,96.6,0,405,1,28.64537,77.21973,1.02,1,Delhi - Connaught Place,,0
TXN-2026-100533,CT-2026-1233,2026-09-22 11:02:00,27974.59,UPI Fraud,3,6.5,1,31,0,28.63185,77.23192,0.27,6,Delhi - Connaught Place,20.7,1
TXN-2026-100534,CT-2026-1234,2026-08-19 11:20:00,69212.62,Investment Scam,1,4.6,1,1,0,28.66324,77.20038,1.51,4,Delhi - Karol Bagh,,0
TXN-2026-100535,CT-2026-1235,2026-08-03 19:18:00,143813.66,UPI Fraud,1,2.9,1,23,0,22.30874,70.78713,0.53,9,Rajkot - Kalawad Road,36.5,1
TXN-2026-100536,CT-2026-1236,2026-08-12 20:23:00,195338.69,Investment Scam,4,12.2,1,12,0,21.16204,72.84229,0.92,7,Surat - Ring Road,53.7,1
TXN-2026-100537,CT-2026-1237,2026-08-29 09:11:00,246038.86,Investment Scam,3,17.2,1,9,0,22.31394,70.80425,0.43,8,Rajkot - Kalawad Road,37.8,1
TXN-2026-100538,CT-2026-1238,2026-08-17 11:52:00,21915.16,Card Phishing,2,6.8,1,11,1,22.308,73.18056,0.67,4,Vadodara - Alkapuri,,0
TXN-2026-100539,CT-2026-1239,2026-09-04 13:17:00,49681.84,UPI Fraud,3,5.7,1,40,0,23.39658,78.34803,1.04,3,Rural / Other Region,,0
TXN-2026-100540,CT-2026-1240,2026-09-19 17:24:00,55398.82,UPI Fraud,1,13.3,1,12,0,28.64857,77.22023,2.43,8,Delhi - Connaught Place,25.5,1
TXN-2026-100541,CT-2026-1241,2026-09-25 14:15:00,30355.48,UPI Fraud,2,9.1,1,9,0,28.58716,77.21031,0.59,3,Delhi - Connaught Place,44.2,1
TXN-2026-100542,CT-2026-1242,2026-08-18 11:46:00,63275.65,UPI Fraud,3,7.4,1,32,0,28.67797,77.18194,0.59,4,Delhi - Karol Bagh,43.5,1
TXN-2026-100543,CT-2026-1243,2026-09-26 12:29:00,58730.01,UPI Fraud,2,116.6,0,607,1,22.30348,70.80202,5.79,1,Rajkot - Kalawad Road,,0
TXN-2026-100544,CT-2026-1244,2026-09-12 10:19:00,26377.65,UPI Fraud,1,359.5,0,1235,1,23.04185,72.58211,1.79,1,Ahmedabad - SG Highway,,0
TXN-2026-100545,CT-2026-1245,2026-08-19 13:02:00,24582.56,UPI Fraud,1,6.5,1,15,0,22.31959,73.18531,0.46,1,Vadodara - Alkapuri,,0
TXN-2026-100546,CT-2026-1246,2026-09-22 11:47:00,341192.63,Investment Scam,3,45.7,0,1264,1,23.02828,72.5975,5.22,1,Ahmedabad - SG Highway,,0
TXN-2026-100547,CT-2026-1247,2026-09-14 12:14:00,38078.06,Loan App Scam,3,29.7,1,9,0,21.17917,72.81229,0.18,5,Surat - Ring Road,39.5,1
TXN-2026-100548,CT-2026-1248,2026-08-15 09:57:00,193399.77,Investment Scam,4,10.2,1,38,0,28.63957,77.23452,0.18,7,Delhi - Connaught Place,44.7,1
TXN-2026-100549,CT-2026-1249,2026-08-25 22:48:00,7304.53,UPI Fraud,1,9.5,1,2,0,28.64827,77.193,0.35,8,Delhi - Karol Bagh,21.6,1
TXN-2026-100550,CT-2026-1250,2026-09-18 11:31:00,151689.88,Investment Scam,2,18.7,1,13,1,21.17808,72.79615,0.44,1,Surat - Ring Road,,0
TXN-2026-100551,CT-2026-1251,2026-08-11 07:34:00,58553.49,UPI Fraud,2,33.5,0,281,1,27.31037,72.15775,5.89,2,Rural / Other Region,,0
TXN-2026-100552,CT-2026-1252,2026-08-21 08:37:00,1082113.75,Investment Scam,2,6.3,1,2,0,28.62213,77.20909,0.74,5,Delhi - Connaught Place,23.2,1
TXN-2026-100553,CT-2026-1253,2026-08-30 12:33:00,93733.73,Investment Scam,4,7.7,1,10,0,27.97387,73.75241,0.15,3,Rural / Other Region,34.9,1
TXN-2026-100554,CT-2026-1254,2026-08-03 11:44:00,35893.57,UPI Fraud,1,21.1,1,22,1,28.63317,77.23763,0.29,8,Delhi - Connaught Place,39.1,1
TXN-2026-100555,CT-2026-1255,2026-08-02 00:06:00,37031.48,Card Phishing,4,4.9,1,3,0,22.31975,73.20191,0.44,2,Vadodara - Alkapuri,35.4,1
TXN-2026-100556,CT-2026-1256,2026-08-11 12:51:00,20799.21,Loan App Scam,3,14.7,1,23,0,21.17215,72.81515,1.33,5,Surat - Ring Road,,0
TXN-2026-100557,CT-2026-1257,2026-08-06 11:34:00,106788.38,UPI Fraud,3,16.6,1,14,0,23.02307,72.59936,0.83,6,Ahmedabad - SG Highway,39.5,1
TXN-2026-100558,CT-2026-1258,2026-08-16 06:36:00,17548.09,UPI Fraud,1,215.6,0,442,1,21.5079,78.05953,2.05,4,Rural / Other Region,,0
TXN-2026-100559,CT-2026-1259,2026-09-17 07:04:00,42300.47,Loan App Scam,3,20.4,1,14,0,22.33257,73.19034,0.95,2,Vadodara - Alkapuri,,0
TXN-2026-100560,CT-2026-1260,2026-08-08 16:56:00,270798.83,Investment Scam,2,27.6,1,5,0,23.02882,72.60091,0.29,3,Ahmedabad - SG Highway,46.9,1
TXN-2026-100561,CT-2026-1261,2026-08-07 11:50:00,255486.04,Investment Scam,2,8.9,1,29,0,23.53571,76.44515,0.49,5,Rural / Other Region,24.4,1
TXN-2026-100562,CT-2026-1262,2026-08-24 08:46:00,179755.72,UPI Fraud,1,1.8,1,37,0,28.64075,77.22357,0.48,3,Delhi - Connaught Place,39.3,1
TXN-2026-100563,CT-2026-1263,2026-08-08 04:40:00,93323.53,UPI Fraud,1,78.8,0,1270,1,23.0204,72.58449,1.3,1,Ahmedabad - SG Highway,,0
TXN-2026-100564,CT-2026-1264,2026-08-07 09:44:00,115306.56,Identity Theft,2,74.5,0,1298,1,26.77079,76.78464,1.05,1,Rural / Other Region,,0
TXN-2026-100565,CT-2026-1265,2026-09-13 11:01:00,28087.46,Card Phishing,2,14.6,1,22,0,23.02909,72.59884,0.2,3,Ahmedabad - SG Highway,,0
TXN-2026-100566,CT-2026-1266,2026-08-11 06:23:00,8753.77,UPI Fraud,3,33.1,1,27,0,21.17588,72.8286,0.44,9,Surat - Ring Road,,0
TXN-2026-100567,CT-2026-1267,2026-08-28 14:05:00,42476.34,UPI Fraud,3,6.5,1,7,0,28.6287,77.2248,0.95,6,Delhi - Connaught Place,47.0,1
TXN-2026-100568,CT-2026-1268,2026-09-28 16:19:00,52289.02,UPI Fraud,2,21.5,1,25,0,21.16399,72.82461,0.44,7,Surat - Ring Road,39.7,1
TXN-2026-100569,CT-2026-1269,2026-08-15 07:50:00,6091.39,UPI Fraud,2,2.1,1,16,0,28.66639,77.18686,0.24,3,Delhi - Karol Bagh,14.5,1
TXN-2026-100570,CT-2026-1270,2026-09-15 11:49:00,24398.35,Loan App Scam,1,8.3,1,1,0,21.17577,72.8117,0.8,9,Surat - Ring Road,20.0,1
TXN-2026-100571,CT-2026-1271,2026-08-07 13:26:00,37838.23,UPI Fraud,2,4.3,1,16,0,22.39784,78.23451,1.05,5,Rural / Other Region,40.6,1
TXN-2026-100572,CT-2026-1272,2026-08-24 08:22:00,11235.92,UPI Fraud,1,3.3,1,11,0,28.64786,77.25085,0.77,2,Delhi - Connaught Place,30.4,1
TXN-2026-100573,CT-2026-1273,2026-09-01 13:25:00,50479.12,Investment Scam,2,2.4,1,6,0,21.18137,72.82176,0.36,5,Surat - Ring Road,49.1,1
TXN-2026-100574,CT-2026-1274,2026-08-16 13:30:00,111454.25,Card Phishing,1,41.9,1,6,0,27.39062,76.39145,1.25,13,Rural / Other Region,,0
TXN-2026-100575,CT-2026-1275,2026-08-11 10:03:00,40923.69,UPI Fraud,3,2.8,1,4,0,23.9337,71.27743,0.35,5,Rural / Other Region,37.2,1
TXN-2026-100576,CT-2026-1276,2026-09-16 15:31:00,9883.09,UPI Fraud,5,2.6,1,35,1,22.30862,70.80542,0.17,1,Rajkot - Kalawad Road,35.3,1
TXN-2026-100577,CT-2026-1277,2026-09-25 06:54:00,1450819.92,Investment Scam,3,19.5,1,26,0,28.65287,77.1997,0.38,2,Delhi - Karol Bagh,12.9,1
TXN-2026-100578,CT-2026-1278,2026-09-12 12:25:00,15949.74,Loan App Scam,3,4.4,1,19,1,21.1768,72.84876,0.65,7,Surat - Ring Road,,0
TXN-2026-100579,CT-2026-1279,2026-09-22 16:22:00,33445.56,UPI Fraud,2,77.7,0,1353,1,21.6458,73.11683,1.87,1,Rural / Other Region,,0
TXN-2026-100580,CT-2026-1280,2026-08-12 13:58:00,30430.0,UPI Fraud,5,136.2,0,365,1,28.61023,77.21353,1.06,2,Delhi - Connaught Place,,0
TXN-2026-100581,CT-2026-1281,2026-08-29 15:09:00,36236.19,UPI Fraud,1,159.4,0,378,1,27.65251,73.42599,1.48,1,Rural / Other Region,,0
TXN-2026-100582,CT-2026-1282,2026-08-26 15:56:00,290303.37,Investment Scam,5,9.3,1,12,0,22.30847,73.18437,1.02,3,Vadodara - Alkapuri,39.0,1
TXN-2026-100583,CT-2026-1283,2026-09-19 16:40:00,96295.18,UPI Fraud,4,1.7,1,22,0,27.61171,75.67937,0.93,3,Rural / Other Region,30.5,1
TXN-2026-100584,CT-2026-1284,2026-09-28 08:05:00,25091.2,Loan App Scam,3,4.6,1,4,0,21.17279,72.83809,0.92,4,Surat - Ring Road,31.8,1
TXN-2026-100585,CT-2026-1285,2026-09-03 09:56:00,12337.1,Identity Theft,2,8.9,1,21,0,22.31595,73.17234,0.64,3,Vadodara - Alkapuri,,0
TXN-2026-100586,CT-2026-1286,2026-09-13 16:57:00,12508.3,UPI Fraud,2,22.5,1,4,0,23.05248,72.56886,0.13,7,Ahmedabad - SG Highway,24.2,1
TXN-2026-100587,CT-2026-1287,2026-08-24 11:00:00,45649.21,Card Phishing,2,8.8,1,8,0,26.37934,76.43472,0.24,5,Rural / Other Region,52.0,1
TXN-2026-100588,CT-2026-1288,2026-09-09 12:45:00,75855.4,UPI Fraud,1,79.1,0,453,1,21.16695,72.82385,0.86,1,Surat - Ring Road,,0
TXN-2026-100589,CT-2026-1289,2026-08-10 12:46:00,26204.87,UPI Fraud,3,406.3,0,1058,1,26.45372,70.16539,1.06,1,Rural / Other Region,,0
TXN-2026-100590,CT-2026-1290,2026-08-12 12:50:00,106949.75,UPI Fraud,2,48.8,1,45,0,28.60988,77.23094,0.34,5,Delhi - Connaught Place,,0
TXN-2026-100591,CT-2026-1291,2026-09-10 13:51:00,18352.02,Loan App Scam,1,13.9,1,17,0,28.63374,77.21645,1.28,4,Delhi - Connaught Place,,0
TXN-2026-100592,CT-2026-1292,2026-08-19 12:09:00,434724.33,Investment Scam,3,307.1,0,556,1,23.02213,72.565,0.85,1,Ahmedabad - SG Highway,,0
TXN-2026-100593,CT-2026-1293,2026-09-11 11:32:00,115970.34,UPI Fraud,3,5.2,1,32,0,28.60305,77.18487,0.24,7,Delhi - Connaught Place,45.0,1
TXN-2026-100594,CT-2026-1294,2026-09-24 13:04:00,31998.0,UPI Fraud,3,28.0,1,41,1,21.13302,72.80045,0.29,1,Surat - Ring Road,,0
TXN-2026-100595,CT-2026-1295,2026-08-18 14:33:00,240445.69,Investment Scam,3,12.5,1,1,0,22.32365,73.20138,0.15,4,Vadodara - Alkapuri,39.1,1
TXN-2026-100596,CT-2026-1296,2026-09-20 16:54:00,56850.68,UPI Fraud,1,12.0,1,6,1,22.18258,71.58373,0.14,1,Rural / Other Region,,0
TXN-2026-100597,CT-2026-1297,2026-09-03 11:50:00,39494.19,Loan App Scam,2,267.9,0,321,1,22.29903,70.82563,0.93,1,Rajkot - Kalawad Road,,0
TXN-2026-100598,CT-2026-1298,2026-08-26 13:43:00,63724.12,Card Phishing,1,58.4,0,704,1,21.15964,72.84611,2.34,2,Surat - Ring Road,,0
TXN-2026-100599,CT-2026-1299,2026-08-25 10:37:00,27255.93,UPI Fraud,1,18.2,1,24,0,22.29887,73.17074,0.13,4,Vadodara - Alkapuri,,0
TXN-2026-100600,CT-2026-1000,2026-08-11 09:27:00,41971.75,Card Phishing,1,15.9,1,43,1,28.63486,77.22035,1.66,5,Delhi - Connaught Place,,0
TXN-2026-100601,CT-2026-1001,2026-08-11 05:38:00,284265.12,Investment Scam,2,2.6,1,41,0,28.62625,77.2206,0.93,2,Delhi - Connaught Place,37.9,1
TXN-2026-100602,CT-2026-1002,2026-08-11 17:44:00,12352.39,UPI Fraud,2,18.7,1,10,0,22.98652,78.74576,0.57,6,Rural / Other Region,5.5,1
TXN-2026-100603,CT-2026-1003,2026-08-17 11:22:00,27210.38,UPI Fraud,1,15.6,1,22,0,23.01909,72.58952,0.54,4,Ahmedabad - SG Highway,,0
TXN-2026-100604,CT-2026-1004,2026-08-07 15:56:00,83419.97,UPI Fraud,3,12.4,1,8,0,22.29719,73.18343,0.3,2,Vadodara - Alkapuri,31.0,1
TXN-2026-100605,CT-2026-1005,2026-08-05 13:25:00,91755.45,UPI Fraud,2,49.3,0,599,1,21.19703,72.81089,4.44,1,Surat - Ring Road,,0
TXN-2026-100606,CT-2026-1006,2026-08-21 09:47:00,91586.94,UPI Fraud,2,8.7,1,11,0,22.30122,70.81349,0.3,4,Rajkot - Kalawad Road,35.9,1
TXN-2026-100607,CT-2026-1007,2026-09-01 12:53:00,73364.78,Loan App Scam,5,17.2,1,35,0,21.18604,72.84527,0.55,4,Surat - Ring Road,,0
TXN-2026-100608,CT-2026-1008,2026-09-22 16:00:00,35173.73,Card Phishing,2,6.0,1,2,0,23.04001,72.5948,1.94,6,Ahmedabad - SG Highway,25.9,1
TXN-2026-100609,CT-2026-1009,2026-08-26 17:25:00,45811.06,Card Phishing,4,28.0,1,31,0,22.17187,70.38972,0.58,7,Rural / Other Region,31.3,1
TXN-2026-100610,CT-2026-1010,2026-09-11 12:11:00,41267.45,Loan App Scam,3,13.2,1,7,0,21.17624,72.84147,0.14,6,Surat - Ring Road,12.7,1
TXN-2026-100611,CT-2026-1011,2026-09-19 08:03:00,60194.31,UPI Fraud,2,80.3,0,1358,1,28.65692,77.20636,16.3,1,Delhi - Karol Bagh,,0
TXN-2026-100612,CT-2026-1012,2026-08-05 10:53:00,10426.53,Loan App Scam,4,16.8,1,3,0,28.65831,77.19155,0.21,2,Delhi - Karol Bagh,48.9,1
TXN-2026-100613,CT-2026-1013,2026-09-11 22:56:00,131779.47,UPI Fraud,2,2.0,1,37,0,22.30112,70.79016,2.3,2,Rajkot - Kalawad Road,35.4,1
TXN-2026-100614,CT-2026-1014,2026-08-16 10:21:00,148746.02,Card Phishing,1,7.9,1,34,0,22.34013,73.1953,2.37,5,Vadodara - Alkapuri,28.4,1
TXN-2026-100615,CT-2026-1015,2026-08-10 17:33:00,63316.9,Card Phishing,2,46.2,1,15,0,22.30279,73.16382,0.37,4,Vadodara - Alkapuri,,0
TXN-2026-100616,CT-2026-1016,2026-09-27 13:48:00,82379.76,UPI Fraud,1,4.1,1,29,0,28.63888,77.19209,2.29,8,Delhi - Karol Bagh,,0
TXN-2026-100617,CT-2026-1017,2026-08-13 21:03:00,101416.27,UPI Fraud,4,2.8,1,32,0,28.64386,77.17929,0.95,6,Delhi - Karol Bagh,19.5,1
TXN-2026-100618,CT-2026-1018,2026-09-02 19:12:00,50347.63,Card Phishing,3,3.8,1,44,1,23.01942,72.57545,0.25,4,Ahmedabad - SG Highway,,0
TXN-2026-100619,CT-2026-1019,2026-08-02 09:41:00,115531.55,Investment Scam,2,340.6,0,700,1,23.04223,72.58894,5.21,1,Ahmedabad - SG Highway,,0
TXN-2026-100620,CT-2026-1020,2026-09-10 17:48:00,195863.81,Investment Scam,2,123.0,0,1099,1,28.62061,77.22889,2.29,1,Delhi - Connaught Place,,0
TXN-2026-100621,CT-2026-1021,2026-08-04 11:11:00,10983.15,UPI Fraud,1,122.6,0,365,1,22.29195,73.17042,2.75,1,Vadodara - Alkapuri,,0
TXN-2026-100622,CT-2026-1022,2026-09-29 11:18:00,75289.78,Card Phishing,3,11.2,1,9,0,28.65843,77.22964,2.05,5,Delhi - Connaught Place,12.7,1
TXN-2026-100623,CT-2026-1023,2026-09-07 06:28:00,9718.63,UPI Fraud,2,10.9,1,13,0,22.28325,70.80922,0.25,3,Rajkot - Kalawad Road,,0
TXN-2026-100624,CT-2026-1024,2026-08-07 09:02:00,185577.19,UPI Fraud,2,99.3,0,1364,1,22.30057,73.1955,1.17,1,Vadodara - Alkapuri,,0
TXN-2026-100625,CT-2026-1025,2026-08-31 10:58:00,19281.09,UPI Fraud,3,10.5,1,24,1,23.04075,72.57198,0.11,5,Ahmedabad - SG Highway,43.1,1
TXN-2026-100626,CT-2026-1026,2026-09-21 08:19:00,6676.49,UPI Fraud,2,14.7,1,25,0,23.0235,72.57231,0.86,3,Ahmedabad - SG Highway,,0
TXN-2026-100627,CT-2026-1027,2026-09-26 15:37:00,24584.91,Loan App Scam,1,20.9,1,11,0,23.01801,72.58948,0.86,2,Ahmedabad - SG Highway,,0
TXN-2026-100628,CT-2026-1028,2026-08-29 16:33:00,15804.33,UPI Fraud,2,13.6,1,33,0,22.2977,73.20069,0.57,6,Vadodara - Alkapuri,34.3,1
TXN-2026-100629,CT-2026-1029,2026-09-26 15:54:00,43129.46,UPI Fraud,2,8.9,1,19,0,22.30942,73.18905,0.78,2,Vadodara - Alkapuri,,0
TXN-2026-100630,CT-2026-1030,2026-09-29 16:17:00,321745.69,Investment Scam,2,29.3,1,11,0,23.03699,72.60146,0.28,3,Ahmedabad - SG Highway,20.9,1
TXN-2026-100631,CT-2026-1031,2026-09-09 06:29:00,52510.57,UPI Fraud,4,12.2,1,1,0,28.64439,77.21475,0.56,6,Delhi - Connaught Place,39.5,1
TXN-2026-100632,CT-2026-1032,2026-09-09 10:27:00,73083.89,Investment Scam,1,2.2,1,5,1,28.59859,77.20037,0.22,3,Delhi - Connaught Place,,0
TXN-2026-100633,CT-2026-1033,2026-08-17 14:22:00,141157.52,Loan App Scam,2,4.3,1,28,0,22.31678,73.19682,0.14,5,Vadodara - Alkapuri,44.1,1
TXN-2026-100634,CT-2026-1034,2026-09-17 13:52:00,128054.63,UPI Fraud,1,40.1,1,14,0,22.29279,70.81504,0.34,9,Rajkot - Kalawad Road,29.9,1
TXN-2026-100635,CT-2026-1035,2026-09-11 11:51:00,44157.94,Card Phishing,3,8.5,1,34,0,23.04052,72.57772,0.2,4,Ahmedabad - SG Highway,21.7,1
TXN-2026-100636,CT-2026-1036,2026-09-09 08:03:00,39090.94,Card Phishing,5,24.8,1,5,0,21.15838,72.83449,0.21,5,Surat - Ring Road,23.4,1
TXN-2026-100637,CT-2026-1037,2026-09-27 21:02:00,127547.97,Investment Scam,2,51.2,0,436,1,28.6406,77.22643,1.08,1,Delhi - Connaught Place,,0
TXN-2026-100638,CT-2026-1038,2026-09-28 22:11:00,95638.88,Investment Scam,3,75.9,0,258,1,27.97932,79.42429,12.32,1,Rural / Other Region,,0
TXN-2026-100639,CT-2026-1039,2026-09-13 17:03:00,19039.42,UPI Fraud,1,27.6,1,47,0,23.12339,73.81368,0.86,4,Rural / Other Region,,0
TXN-2026-100640,CT-2026-1040,2026-09-01 12:46:00,204246.96,Investment Scam,1,8.2,1,15,0,22.30698,70.79766,0.25,4,Rajkot - Kalawad Road,,0
TXN-2026-100641,CT-2026-1041,2026-09-11 13:21:00,165618.49,UPI Fraud,3,3.6,1,10,1,21.17308,72.8437,0.12,4,Surat - Ring Road,38.6,1
TXN-2026-100642,CT-2026-1042,2026-08-02 03:28:00,56512.18,Investment Scam,2,4.6,1,9,0,28.62173,77.21043,0.43,4,Delhi - Connaught Place,32.8,1
TXN-2026-100643,CT-2026-1043,2026-09-09 16:44:00,6857.56,UPI Fraud,2,54.0,0,1497,1,22.28978,70.78712,0.82,1,Rajkot - Kalawad Road,,0
TXN-2026-100644,CT-2026-1044,2026-09-13 11:18:00,35544.73,UPI Fraud,2,6.4,1,4,0,23.06724,72.59533,0.52,6,Ahmedabad - SG Highway,21.8,1
TXN-2026-100645,CT-2026-1045,2026-08-29 14:03:00,37891.14,UPI Fraud,1,17.9,1,6,0,21.76076,71.80246,0.95,7,Rural / Other Region,,0
TXN-2026-100646,CT-2026-1046,2026-09-14 12:28:00,170344.39,Investment Scam,5,18.8,1,13,0,28.62098,77.22619,0.21,4,Delhi - Connaught Place,36.2,1
TXN-2026-100647,CT-2026-1047,2026-08-21 10:56:00,14445.45,Card Phishing,1,6.0,1,15,0,28.65473,77.17387,0.15,8,Delhi - Karol Bagh,31.7,1
TXN-2026-100648,CT-2026-1048,2026-09-10 15:18:00,12248.3,UPI Fraud,2,15.2,1,28,0,28.64839,77.17461,1.77,5,Delhi - Karol Bagh,,0
TXN-2026-100649,CT-2026-1049,2026-09-18 15:47:00,5618.84,UPI Fraud,2,20.3,1,2,1,23.04872,72.57699,0.5,3,Ahmedabad - SG Highway,,0
TXN-2026-100650,CT-2026-1050,2026-09-12 06:43:00,468069.4,Investment Scam,3,82.6,0,198,1,27.50146,74.05521,1.32,1,Rural / Other Region,,0
TXN-2026-100651,CT-2026-1051,2026-09-20 10:48:00,176077.49,UPI Fraud,3,1.9,1,35,0,23.01512,72.59204,0.64,5,Ahmedabad - SG Highway,5.9,1
TXN-2026-100652,CT-2026-1052,2026-09-11 23:23:00,168800.96,UPI Fraud,1,9.6,1,17,0,21.15321,72.81858,0.15,2,Surat - Ring Road,39.0,1
TXN-2026-100653,CT-2026-1053,2026-08-05 16:30:00,37294.37,Card Phishing,1,3.2,1,4,0,21.16811,72.85007,0.82,3,Surat - Ring Road,43.2,1
TXN-2026-100654,CT-2026-1054,2026-08-16 10:24:00,23108.67,Card Phishing,2,2.0,1,1,1,21.16423,72.83557,0.33,5,Surat - Ring Road,,0
TXN-2026-100655,CT-2026-1055,2026-08-08 09:48:00,54881.99,UPI Fraud,4,18.8,1,5,0,28.65443,77.17938,1.2,5,Delhi - Karol Bagh,38.5,1
TXN-2026-100656,CT-2026-1056,2026-08-21 14:36:00,461691.56,Investment Scam,2,4.1,1,23,0,28.62286,77.24582,0.13,4,Delhi - Connaught Place,32.1,1
TXN-2026-100657,CT-2026-1057,2026-08-10 09:05:00,8275.2,UPI Fraud,4,54.3,0,993,1,28.62691,77.22338,3.34,1,Delhi - Connaught Place,,0
TXN-2026-100658,CT-2026-1058,2026-08-14 13:40:00,59615.78,UPI Fraud,4,2.4,1,3,0,28.64719,77.2168,1.59,7,Delhi - Connaught Place,39.0,1
TXN-2026-100659,CT-2026-1059,2026-08-07 06:35:00,75167.48,Card Phishing,4,1.6,1,17,0,23.03705,72.56375,0.23,3,Ahmedabad - SG Highway,27.4,1
TXN-2026-100660,CT-2026-1060,2026-09-13 15:57:00,15693.08,UPI Fraud,2,5.3,1,44,0,22.2985,70.79911,0.65,2,Rajkot - Kalawad Road,,0
TXN-2026-100661,CT-2026-1061,2026-09-06 12:28:00,43369.92,UPI Fraud,1,15.6,1,55,0,25.89531,76.93987,0.61,5,Rural / Other Region,,0
TXN-2026-100662,CT-2026-1062,2026-08-12 17:01:00,28667.86,Card Phishing,2,3.5,1,3,0,28.64262,77.19727,0.69,2,Delhi - Karol Bagh,16.7,1
TXN-2026-100663,CT-2026-1063,2026-08-17 16:35:00,42163.98,UPI Fraud,1,23.6,1,20,0,28.63794,77.18907,0.19,5,Delhi - Connaught Place,37.1,1
TXN-2026-100664,CT-2026-1064,2026-09-27 11:24:00,42250.09,UPI Fraud,2,4.4,1,30,1,22.28628,73.19951,0.22,3,Vadodara - Alkapuri,,0
TXN-2026-100665,CT-2026-1065,2026-09-06 08:31:00,458636.6,Investment Scam,5,5.6,1,22,0,25.55686,77.19172,0.32,5,Rural / Other Region,55.9,1
TXN-2026-100666,CT-2026-1066,2026-08-18 09:44:00,103235.07,Investment Scam,1,3.2,1,11,0,21.16789,72.83245,2.43,4,Surat - Ring Road,,0
TXN-2026-100667,CT-2026-1067,2026-08-11 14:49:00,200464.6,Investment Scam,2,10.1,1,14,0,28.64566,77.18806,0.71,3,Delhi - Karol Bagh,32.1,1
TXN-2026-100668,CT-2026-1068,2026-08-11 10:45:00,9371.55,UPI Fraud,1,112.3,0,271,1,24.85465,78.60729,2.1,1,Rural / Other Region,,0
TXN-2026-100669,CT-2026-1069,2026-09-18 06:04:00,154380.8,Investment Scam,1,6.6,1,7,1,28.6667,77.18508,0.6,6,Delhi - Karol Bagh,44.2,1
TXN-2026-100670,CT-2026-1070,2026-09-12 03:56:00,43307.93,UPI Fraud,1,82.7,0,492,1,28.6554,77.16732,1.24,1,Delhi - Karol Bagh,,0
TXN-2026-100671,CT-2026-1071,2026-09-23 17:57:00,12659.21,UPI Fraud,1,53.1,1,13,0,22.30632,73.19556,0.45,4,Vadodara - Alkapuri,23.7,1
TXN-2026-100672,CT-2026-1072,2026-08-26 23:05:00,103690.33,UPI Fraud,3,200.6,0,752,1,22.17511,75.09777,0.76,1,Rural / Other Region,,0
TXN-2026-100673,CT-2026-1073,2026-09-13 09:55:00,20912.37,Card Phishing,4,40.3,0,380,1,23.83986,78.2715,1.91,1,Rural / Other Region,,0
TXN-2026-100674,CT-2026-1074,2026-09-04 14:31:00,82485.86,UPI Fraud,3,10.8,1,22,0,21.18004,72.82422,0.91,3,Surat - Ring Road,34.5,1
TXN-2026-100675,CT-2026-1075,2026-08-09 08:12:00,16022.19,Card Phishing,1,21.7,1,28,0,28.61872,77.23025,0.1,4,Delhi - Connaught Place,60.6,1
TXN-2026-100676,CT-2026-1076,2026-09-02 13:43:00,56960.01,Investment Scam,3,1.9,1,50,0,22.29885,70.80606,0.38,7,Rajkot - Kalawad Road,50.4,1
TXN-2026-100677,CT-2026-1077,2026-08-28 09:20:00,22658.84,UPI Fraud,2,53.4,1,3,1,22.31389,73.18173,0.13,3,Vadodara - Alkapuri,,0
TXN-2026-100678,CT-2026-1078,2026-09-15 15:23:00,6850.18,UPI Fraud,1,119.0,0,982,1,22.31856,73.15784,7.72,1,Vadodara - Alkapuri,,0
TXN-2026-100679,CT-2026-1079,2026-09-04 01:44:00,23373.24,UPI Fraud,3,9.6,1,28,0,27.50604,70.1241,0.22,7,Rural / Other Region,42.8,1
TXN-2026-100680,CT-2026-1080,2026-08-12 19:31:00,38934.2,UPI Fraud,3,21.2,1,1,0,22.31258,70.80103,0.45,7,Rajkot - Kalawad Road,28.8,1
TXN-2026-100681,CT-2026-1081,2026-09-18 16:14:00,34675.87,UPI Fraud,2,8.8,1,13,0,28.63477,77.19772,0.36,2,Delhi - Karol Bagh,20.4,1
TXN-2026-100682,CT-2026-1082,2026-08-22 05:50:00,237160.98,Identity Theft,3,13.7,1,3,0,23.67032,72.73821,0.21,5,Rural / Other Region,,0
TXN-2026-100683,CT-2026-1083,2026-09-22 12:22:00,62737.48,Investment Scam,4,10.9,1,20,0,26.53087,78.51882,0.53,3,Rural / Other Region,15.6,1
TXN-2026-100684,CT-2026-1084,2026-09-24 19:01:00,24764.94,UPI Fraud,1,6.1,1,6,0,21.16172,72.83577,0.78,5,Surat - Ring Road,46.7,1
TXN-2026-100685,CT-2026-1085,2026-08-19 11:27:00,26392.4,UPI Fraud,1,50.1,0,471,1,22.57998,78.42956,6.51,1,Rural / Other Region,,0
TXN-2026-100686,CT-2026-1086,2026-08-15 16:19:00,38376.3,Card Phishing,2,110.3,0,259,1,22.28713,70.77701,4.22,1,Rajkot - Kalawad Road,,0
TXN-2026-100687,CT-2026-1087,2026-08-28 16:44:00,38541.58,Card Phishing,2,11.5,1,26,0,28.63358,77.18734,1.56,6,Delhi - Karol Bagh,13.6,1
TXN-2026-100688,CT-2026-1088,2026-08-08 08:11:00,244835.15,Investment Scam,2,15.9,1,27,1,28.6438,77.17436,0.35,2,Delhi - Karol Bagh,,0
TXN-2026-100689,CT-2026-1089,2026-08-07 10:50:00,89669.43,Loan App Scam,1,15.1,1,49,1,23.03237,72.57656,0.74,2,Ahmedabad - SG Highway,,0
TXN-2026-100690,CT-2026-1090,2026-08-31 10:16:00,37466.5,Card Phishing,3,15.1,1,9,0,22.3189,73.1875,0.82,7,Vadodara - Alkapuri,33.9,1
TXN-2026-100691,CT-2026-1091,2026-09-22 19:42:00,182548.71,Investment Scam,2,6.0,1,6,1,22.32546,73.16646,0.27,2,Vadodara - Alkapuri,27.9,1
TXN-2026-100692,CT-2026-1092,2026-09-08 11:29:00,25871.07,UPI Fraud,2,15.1,1,12,0,28.63229,77.23794,0.79,6,Delhi - Connaught Place,37.1,1
TXN-2026-100693,CT-2026-1093,2026-08-07 15:09:00,14237.26,UPI Fraud,1,277.2,0,714,1,20.86851,77.91733,2.36,1,Rural / Other Region,,0
TXN-2026-100694,CT-2026-1094,2026-09-25 08:33:00,27401.48,Identity Theft,1,147.6,0,1245,1,22.28676,70.81831,1.28,1,Rajkot - Kalawad Road,,0
TXN-2026-100695,CT-2026-1095,2026-09-06 06:20:00,273300.57,Investment Scam,2,2.1,1,2,0,22.32046,73.19347,0.58,5,Vadodara - Alkapuri,36.7,1
TXN-2026-100696,CT-2026-1096,2026-09-25 09:50:00,39445.5,UPI Fraud,1,11.7,1,3,1,28.64364,77.20243,0.2,4,Delhi - Connaught Place,49.8,1
TXN-2026-100697,CT-2026-1097,2026-08-24 21:29:00,28731.74,Card Phishing,2,3.6,1,38,0,27.21602,79.52077,0.19,5,Rural / Other Region,19.5,1
TXN-2026-100698,CT-2026-1098,2026-09-23 12:31:00,234618.66,Investment Scam,4,14.4,1,69,0,28.6064,77.2172,0.9,6,Delhi - Connaught Place,,0
TXN-2026-100699,CT-2026-1099,2026-09-10 21:15:00,684770.49,Investment Scam,1,17.2,1,4,0,22.331,73.15969,2.12,3,Vadodara - Alkapuri,45.1,1
TXN-2026-100700,CT-2026-1100,2026-08-17 11:41:00,16126.94,UPI Fraud,3,20.5,1,32,0,21.16212,72.84307,1.14,6,Surat - Ring Road,,0
TXN-2026-100701,CT-2026-1101,2026-09-12 10:52:00,51898.8,Loan App Scam,3,28.2,1,10,0,23.03047,72.59163,0.33,2,Ahmedabad - SG Highway,,0
TXN-2026-100702,CT-2026-1102,2026-08-24 14:45:00,167200.55,Investment Scam,3,17.3,1,3,0,28.6539,77.24853,0.13,4,Delhi - Connaught Place,35.5,1
TXN-2026-100703,CT-2026-1103,2026-08-12 10:23:00,23983.54,Card Phishing,2,9.7,1,2,1,22.3005,70.80159,0.15,4,Rajkot - Kalawad Road,46.6,1
TXN-2026-100704,CT-2026-1104,2026-08-15 13:19:00,52470.72,UPI Fraud,1,5.4,1,7,0,28.65103,77.18052,0.58,4,Delhi - Karol Bagh,33.0,1
TXN-2026-100705,CT-2026-1105,2026-09-16 16:21:00,37239.48,Loan App Scam,2,3.1,1,50,0,22.31011,70.80584,0.44,4,Rajkot - Kalawad Road,,0
TXN-2026-100706,CT-2026-1106,2026-08-10 12:50:00,6763.41,UPI Fraud,2,26.2,1,21,0,21.20492,72.83421,0.34,4,Surat - Ring Road,36.8,1
TXN-2026-100707,CT-2026-1107,2026-08-24 14:38:00,41823.32,UPI Fraud,1,17.7,1,5,0,23.04308,72.56298,0.28,10,Ahmedabad - SG Highway,34.6,1
TXN-2026-100708,CT-2026-1108,2026-09-27 15:35:00,14927.6,UPI Fraud,4,192.9,0,763,1,22.29715,70.82152,2.48,1,Rajkot - Kalawad Road,,0
TXN-2026-100709,CT-2026-1109,2026-08-25 13:42:00,84799.61,UPI Fraud,3,7.1,1,43,0,22.12261,70.62341,0.22,4,Rural / Other Region,36.9,1
TXN-2026-100710,CT-2026-1110,2026-09-16 06:52:00,237559.25,Investment Scam,4,13.8,1,1,0,22.30907,73.17433,0.86,4,Vadodara - Alkapuri,49.5,1
TXN-2026-100711,CT-2026-1111,2026-08-17 08:53:00,5582.34,Loan App Scam,1,4.1,1,9,0,23.03304,72.57767,1.07,6,Ahmedabad - SG Highway,20.5,1
TXN-2026-100712,CT-2026-1112,2026-09-03 13:01:00,17643.06,UPI Fraud,1,12.4,1,30,0,22.30084,73.1758,0.35,5,Vadodara - Alkapuri,59.4,1
TXN-2026-100713,CT-2026-1113,2026-09-23 05:35:00,8262.97,Loan App Scam,4,18.9,1,16,0,28.63331,77.19878,0.92,1,Delhi - Connaught Place,41.1,1
TXN-2026-100714,CT-2026-1114,2026-08-22 13:39:00,51247.56,UPI Fraud,1,179.3,0,453,1,28.66636,77.18839,3.89,1,Delhi - Karol Bagh,,0
TXN-2026-100715,CT-2026-1115,2026-08-15 13:15:00,60939.72,Card Phishing,5,16.4,1,22,1,21.15563,72.84298,0.96,6,Surat - Ring Road,28.1,1
TXN-2026-100716,CT-2026-1116,2026-08-08 08:45:00,110592.74,Investment Scam,2,20.0,1,4,0,28.61362,77.21255,0.21,5,Delhi - Karol Bagh,25.1,1
TXN-2026-100717,CT-2026-1117,2026-08-02 11:13:00,15226.57,Card Phishing,1,19.9,1,8,0,22.3113,73.18799,1.43,3,Vadodara - Alkapuri,28.0,1
TXN-2026-100718,CT-2026-1118,2026-09-26 23:56:00,112443.86,UPI Fraud,1,10.5,1,36,0,22.32024,73.19201,0.57,3,Vadodara - Alkapuri,,0
TXN-2026-100719,CT-2026-1119,2026-09-27 10:08:00,41278.65,UPI Fraud,2,40.7,1,114,1,22.30433,70.7976,2.42,8,Rajkot - Kalawad Road,,0
TXN-2026-100720,CT-2026-1120,2026-08-01 13:21:00,584731.5,Investment Scam,4,14.8,1,29,0,28.63878,77.20759,1.17,4,Delhi - Connaught Place,33.5,1
TXN-2026-100721,CT-2026-1121,2026-08-24 17:49:00,13791.83,UPI Fraud,2,7.5,1,18,0,22.30942,73.1896,0.57,5,Vadodara - Alkapuri,50.4,1
TXN-2026-100722,CT-2026-1122,2026-08-02 09:44:00,1646340.67,Investment Scam,2,14.2,1,5,0,22.30137,70.80579,0.15,6,Rajkot - Kalawad Road,39.2,1
TXN-2026-100723,CT-2026-1123,2026-09-20 03:15:00,114637.36,Investment Scam,3,37.1,0,824,1,22.30554,73.17757,7.42,1,Vadodara - Alkapuri,,0
TXN-2026-100724,CT-2026-1124,2026-09-10 07:39:00,11885.78,UPI Fraud,1,51.9,0,209,1,22.30911,70.78342,9.64,1,Rajkot - Kalawad Road,,0
TXN-2026-100725,CT-2026-1125,2026-09-17 10:49:00,316604.25,Investment Scam,2,53.6,1,21,0,24.25578,72.14085,1.15,4,Rural / Other Region,,0
TXN-2026-100726,CT-2026-1126,2026-08-18 15:54:00,103874.72,Card Phishing,1,35.6,1,1,0,22.29195,73.18858,0.74,4,Vadodara - Alkapuri,,0
TXN-2026-100727,CT-2026-1127,2026-09-03 02:06:00,93512.14,Investment Scam,1,4.7,1,29,0,28.66315,77.21063,0.44,4,Delhi - Karol Bagh,29.3,1
TXN-2026-100728,CT-2026-1128,2026-08-22 12:56:00,49301.34,UPI Fraud,3,3.6,1,2,0,22.28893,70.79817,0.15,4,Rajkot - Kalawad Road,31.5,1
TXN-2026-100729,CT-2026-1129,2026-08-14 08:13:00,668802.99,Investment Scam,3,37.3,1,8,1,23.76264,76.95823,0.11,4,Rural / Other Region,46.9,1
TXN-2026-100730,CT-2026-1130,2026-08-21 11:39:00,75102.46,UPI Fraud,4,12.8,1,64,0,25.62277,77.68596,1.54,5,Rural / Other Region,,0
TXN-2026-100731,CT-2026-1131,2026-08-26 16:13:00,14002.41,UPI Fraud,1,10.8,1,14,1,22.2986,73.17787,0.83,5,Vadodara - Alkapuri,,0
TXN-2026-100732,CT-2026-1132,2026-08-01 22:21:00,26449.19,Card Phishing,3,19.6,1,4,0,21.17289,72.83835,1.45,3,Surat - Ring Road,62.6,1
TXN-2026-100733,CT-2026-1133,2026-08-03 14:44:00,38731.2,Card Phishing,3,30.6,1,2,0,24.27973,71.30439,0.16,6,Rural / Other Region,25.8,1
TXN-2026-100734,CT-2026-1134,2026-09-17 09:18:00,27564.7,UPI Fraud,1,96.9,0,1419,1,22.32581,73.1935,4.22,1,Vadodara - Alkapuri,,0
TXN-2026-100735,CT-2026-1135,2026-09-27 07:28:00,143909.09,UPI Fraud,1,39.0,0,1149,1,28.65396,77.20123,6.14,1,Delhi - Karol Bagh,,0
TXN-2026-100736,CT-2026-1136,2026-08-13 10:57:00,169305.72,Investment Scam,1,1.9,1,10,0,22.28435,70.79543,0.74,4,Rajkot - Kalawad Road,40.8,1
TXN-2026-100737,CT-2026-1137,2026-08-30 16:28:00,50842.7,Card Phishing,1,14.4,1,79,0,28.63948,77.2192,0.61,7,Delhi - Connaught Place,,0
TXN-2026-100738,CT-2026-1138,2026-09-18 15:11:00,446619.15,Investment Scam,5,2.7,1,1,0,23.02485,72.58242,1.18,5,Ahmedabad - SG Highway,23.7,1
TXN-2026-100739,CT-2026-1139,2026-09-22 12:08:00,163374.55,UPI Fraud,1,108.9,0,656,1,21.16384,72.83823,1.36,1,Surat - Ring Road,,0
TXN-2026-100740,CT-2026-1140,2026-09-05 08:58:00,38688.38,UPI Fraud,3,5.4,1,83,0,21.16783,72.84066,1.3,1,Surat - Ring Road,,0
TXN-2026-100741,CT-2026-1141,2026-08-03 13:32:00,39020.37,UPI Fraud,3,24.5,1,7,0,28.63392,77.21556,0.84,3,Delhi - Connaught Place,12.0,1
TXN-2026-100742,CT-2026-1142,2026-09-15 12:02:00,13472.93,UPI Fraud,3,177.3,0,1085,1,22.28673,73.18672,1.16,2,Vadodara - Alkapuri,,0
TXN-2026-100743,CT-2026-1143,2026-08-03 11:48:00,67569.56,UPI Fraud,2,16.5,1,11,0,23.07183,72.58679,1.6,4,Ahmedabad - SG Highway,6.7,1
TXN-2026-100744,CT-2026-1144,2026-08-07 09:33:00,804216.44,Investment Scam,2,8.6,1,22,1,21.18498,72.82936,0.74,4,Surat - Ring Road,32.0,1
TXN-2026-100745,CT-2026-1145,2026-08-15 13:36:00,224892.87,Investment Scam,3,6.5,1,8,0,24.09826,71.12737,0.28,7,Rural / Other Region,43.2,1
TXN-2026-100746,CT-2026-1146,2026-08-08 15:47:00,150344.09,UPI Fraud,3,17.3,1,7,0,21.42506,76.99635,0.35,7,Rural / Other Region,46.0,1
TXN-2026-100747,CT-2026-1147,2026-09-13 15:08:00,32097.34,Card Phishing,2,29.3,1,30,0,28.63519,77.21495,0.51,6,Delhi - Connaught Place,,0
TXN-2026-100748,CT-2026-1148,2026-08-31 04:02:00,11722.19,UPI Fraud,2,6.2,1,7,1,28.64969,77.15144,1.75,4,Delhi - Karol Bagh,,0
TXN-2026-100749,CT-2026-1149,2026-08-25 07:09:00,22660.26,UPI Fraud,3,13.4,1,21,0,26.98692,74.58399,1.4,4,Rural / Other Region,32.9,1
TXN-2026-100750,CT-2026-1150,2026-09-25 14:46:00,227438.9,Investment Scam,2,2.4,1,40,0,21.1878,72.83111,0.34,3,Surat - Ring Road,27.2,1
TXN-2026-100751,CT-2026-1151,2026-08-30 08:07:00,63471.67,Investment Scam,3,5.7,1,10,0,28.64033,77.17641,0.3,3,Delhi - Karol Bagh,33.4,1
TXN-2026-100752,CT-2026-1152,2026-09-18 14:28:00,30775.47,UPI Fraud,4,5.1,1,17,0,23.01726,72.57848,0.57,5,Ahmedabad - SG Highway,24.5,1
TXN-2026-100753,CT-2026-1153,2026-09-25 10:19:00,16266.79,UPI Fraud,1,6.0,1,27,0,22.29713,70.80556,0.65,3,Rajkot - Kalawad Road,,0
TXN-2026-100754,CT-2026-1154,2026-09-13 14:53:00,51444.31,Loan App Scam,4,6.1,1,8,1,28.65819,77.19733,0.92,6,Delhi - Karol Bagh,23.3,1
TXN-2026-100755,CT-2026-1155,2026-09-12 14:14:00,33796.34,Identity Theft,1,2.0,1,14,0,22.29665,70.80177,0.34,10,Rajkot - Kalawad Road,35.3,1
TXN-2026-100756,CT-2026-1156,2026-08-22 13:54:00,67439.52,Loan App Scam,2,12.0,1,9,0,23.67858,72.10185,0.4,2,Rural / Other Region,,0
TXN-2026-100757,CT-2026-1157,2026-08-14 06:36:00,63095.4,Loan App Scam,1,6.9,1,4,1,22.3247,70.79333,1.13,8,Rajkot - Kalawad Road,48.3,1
TXN-2026-100758,CT-2026-1158,2026-09-19 16:31:00,867822.89,Investment Scam,2,28.1,1,3,0,22.81114,75.52669,2.75,4,Rural / Other Region,,0
TXN-2026-100759,CT-2026-1159,2026-08-21 23:48:00,91199.01,UPI Fraud,2,1.7,1,1,0,21.17012,72.83718,1.0,3,Surat - Ring Road,18.4,1
TXN-2026-100760,CT-2026-1160,2026-08-29 11:37:00,84769.02,UPI Fraud,1,10.0,1,5,0,27.49644,73.40936,0.55,7,Rural / Other Region,28.7,1
TXN-2026-100761,CT-2026-1161,2026-09-02 13:35:00,155321.78,UPI Fraud,4,15.8,1,2,0,20.89924,74.51859,0.36,7,Rural / Other Region,25.8,1
TXN-2026-100762,CT-2026-1162,2026-09-17 16:40:00,77750.62,UPI Fraud,2,4.4,1,7,0,23.02435,72.59204,1.14,6,Ahmedabad - SG Highway,48.2,1
TXN-2026-100763,CT-2026-1163,2026-09-15 15:45:00,66400.02,Investment Scam,2,645.2,0,1008,1,23.03779,72.59456,2.43,1,Ahmedabad - SG Highway,,0
TXN-2026-100764,CT-2026-1164,2026-08-08 12:56:00,141915.67,Investment Scam,2,4.9,1,17,0,28.63259,77.19408,1.43,1,Delhi - Karol Bagh,,0
TXN-2026-100765,CT-2026-1165,2026-09-08 16:56:00,142663.56,UPI Fraud,2,20.2,1,12,1,28.6328,77.19501,2.1,4,Delhi - Karol Bagh,,0
TXN-2026-100766,CT-2026-1166,2026-08-19 13:40:00,26125.78,Card Phishing,5,12.4,1,35,0,20.48017,76.64513,0.4,4,Rural / Other Region,48.5,1
TXN-2026-100767,CT-2026-1167,2026-08-11 13:17:00,64702.51,UPI Fraud,2,217.2,0,1010,1,23.02151,72.61136,0.97,1,Ahmedabad - SG Highway,,0
TXN-2026-100768,CT-2026-1168,2026-09-10 10:41:00,1406037.94,Investment Scam,3,21.9,1,23,0,28.64112,77.22965,0.9,4,Delhi - Connaught Place,55.2,1
TXN-2026-100769,CT-2026-1169,2026-09-23 17:56:00,25690.05,UPI Fraud,1,1.9,1,18,1,22.32844,73.20754,0.27,4,Vadodara - Alkapuri,,0
TXN-2026-100770,CT-2026-1170,2026-08-19 22:27:00,59745.35,UPI Fraud,4,32.8,1,7,0,23.05271,72.57657,0.16,5,Ahmedabad - SG Highway,19.0,1
TXN-2026-100771,CT-2026-1171,2026-08-22 09:50:00,5429.83,UPI Fraud,3,519.1,0,860,1,22.32969,70.7868,0.65,1,Rajkot - Kalawad Road,,0
TXN-2026-100772,CT-2026-1172,2026-09-24 09:25:00,13902.57,Loan App Scam,2,36.3,1,8,0,28.65426,77.1884,0.24,1,Delhi - Karol Bagh,,0
TXN-2026-100773,CT-2026-1173,2026-08-03 19:34:00,6873.25,Loan App Scam,1,5.0,1,8,0,22.31195,70.82832,0.32,4,Rajkot - Kalawad Road,,0
TXN-2026-100774,CT-2026-1174,2026-08-05 17:14:00,25405.41,Loan App Scam,2,4.9,1,17,0,28.67214,77.19948,0.31,9,Delhi - Connaught Place,22.5,1
TXN-2026-100775,CT-2026-1175,2026-09-24 11:49:00,78778.99,UPI Fraud,3,15.8,1,7,0,28.66127,77.20013,0.83,4,Delhi - Connaught Place,38.2,1
TXN-2026-100776,CT-2026-1176,2026-08-11 01:49:00,19220.81,Loan App Scam,3,12.1,1,3,0,22.30752,70.79074,0.39,8,Rajkot - Kalawad Road,40.8,1
TXN-2026-100777,CT-2026-1177,2026-08-06 11:19:00,6805.1,UPI Fraud,3,42.2,1,9,0,21.1897,72.79653,0.53,2,Surat - Ring Road,15.7,1
TXN-2026-100778,CT-2026-1178,2026-08-28 13:15:00,266118.49,Investment Scam,3,32.5,1,43,0,28.6379,77.15614,0.61,3,Delhi - Karol Bagh,,0
TXN-2026-100779,CT-2026-1179,2026-08-29 11:23:00,19444.69,UPI Fraud,2,11.2,1,59,0,28.64978,77.17512,1.8,7,Delhi - Karol Bagh,,0
TXN-2026-100780,CT-2026-1180,2026-09-15 14:30:00,1734463.73,Investment Scam,2,3.6,1,13,0,23.0316,72.58923,0.39,7,Ahmedabad - SG Highway,54.0,1
TXN-2026-100781,CT-2026-1181,2026-08-23 16:09:00,174246.84,Investment Scam,5,17.9,1,4,1,27.26757,75.23912,0.17,5,Rural / Other Region,47.2,1
TXN-2026-100782,CT-2026-1182,2026-08-14 11:12:00,52680.59,Identity Theft,5,54.0,1,17,0,28.65972,77.2127,0.83,2,Delhi - Karol Bagh,50.9,1
TXN-2026-100783,CT-2026-1183,2026-09-08 16:17:00,29037.98,Loan App Scam,2,4.4,1,6,0,28.62762,77.19809,0.61,5,Delhi - Connaught Place,22.4,1
TXN-2026-100784,CT-2026-1184,2026-08-30 12:57:00,37541.55,UPI Fraud,2,81.4,0,280,1,23.03811,72.58122,4.82,1,Ahmedabad - SG Highway,,0
TXN-2026-100785,CT-2026-1185,2026-08-02 14:08:00,5944.4,UPI Fraud,1,10.1,1,51,1,22.86826,71.40579,0.6,1,Rural / Other Region,,0
TXN-2026-100786,CT-2026-1186,2026-09-25 13:04:00,108994.56,UPI Fraud,3,6.0,1,8,0,25.14659,72.29419,4.34,5,Rural / Other Region,,0
TXN-2026-100787,CT-2026-1187,2026-08-04 08:34:00,40404.77,UPI Fraud,2,19.8,1,23,0,22.151,72.43769,0.22,5,Rural / Other Region,,0
TXN-2026-100788,CT-2026-1188,2026-09-07 17:10:00,126158.07,Investment Scam,2,6.2,1,30,0,22.34769,73.16912,1.67,5,Vadodara - Alkapuri,52.1,1
TXN-2026-100789,CT-2026-1189,2026-08-13 15:25:00,467608.82,Investment Scam,2,104.1,0,602,1,23.81286,77.99513,1.15,1,Rural / Other Region,,0
TXN-2026-100790,CT-2026-1190,2026-08-10 14:28:00,30913.5,UPI Fraud,3,21.2,1,38,1,21.57873,70.92978,0.27,4,Rural / Other Region,,0
TXN-2026-100791,CT-2026-1191,2026-08-22 14:10:00,74754.12,Card Phishing,2,4.3,1,16,0,28.62199,77.17823,0.84,4,Delhi - Karol Bagh,33.8,1
TXN-2026-100792,CT-2026-1192,2026-09-24 12:41:00,1139065.04,Investment Scam,4,16.2,1,1,1,28.65844,77.16392,0.35,2,Delhi - Karol Bagh,48.8,1
TXN-2026-100793,CT-2026-1193,2026-09-19 09:31:00,140110.89,Identity Theft,2,15.4,1,2,0,26.33233,78.82606,1.52,2,Rural / Other Region,35.4,1
TXN-2026-100794,CT-2026-1194,2026-08-19 14:01:00,71789.63,UPI Fraud,1,29.0,1,43,0,28.64083,77.18917,0.99,3,Delhi - Karol Bagh,,0
TXN-2026-100795,CT-2026-1195,2026-08-26 17:06:00,11855.89,UPI Fraud,3,385.9,0,879,1,20.56643,73.7649,1.36,1,Rural / Other Region,,0
TXN-2026-100796,CT-2026-1196,2026-09-03 17:47:00,27450.36,Loan App Scam,5,2.1,1,13,0,23.04282,72.58145,0.59,2,Ahmedabad - SG Highway,25.0,1
TXN-2026-100797,CT-2026-1197,2026-09-12 13:04:00,45231.8,Card Phishing,3,11.4,1,11,1,22.31102,73.15592,0.28,3,Vadodara - Alkapuri,,0
TXN-2026-100798,CT-2026-1198,2026-09-04 03:53:00,19991.15,UPI Fraud,2,106.1,0,527,1,28.6474,77.19512,5.75,1,Delhi - Karol Bagh,,0
TXN-2026-100799,CT-2026-1199,2026-08-10 04:09:00,82816.54,UPI Fraud,5,17.1,1,4,0,22.98967,72.57446,0.43,3,Ahmedabad - SG Highway,16.9,1
TXN-2026-100800,CT-2026-1200,2026-08-05 12:41:00,1311753.94,Investment Scam,1,19.0,1,54,0,28.66658,77.18708,0.68,10,Delhi - Karol Bagh,18.6,1
TXN-2026-100801,CT-2026-1201,2026-09-27 16:17:00,144654.02,Investment Scam,2,20.9,1,12,0,21.18528,72.83856,0.82,5,Surat - Ring Road,28.0,1
TXN-2026-100802,CT-2026-1202,2026-08-03 13:30:00,784248.14,Investment Scam,1,23.9,1,1,0,23.05141,72.57769,0.73,6,Ahmedabad - SG Highway,28.4,1
TXN-2026-100803,CT-2026-1203,2026-09-06 08:32:00,176571.55,UPI Fraud,1,6.9,1,18,0,22.40328,78.15472,0.93,5,Rural / Other Region,50.3,1
TXN-2026-100804,CT-2026-1204,2026-08-16 10:38:00,17317.39,Card Phishing,1,13.8,1,23,1,22.4218,78.32652,0.39,4,Rural / Other Region,,0
TXN-2026-100805,CT-2026-1205,2026-08-15 08:22:00,495239.88,Investment Scam,4,28.5,1,5,0,28.65819,77.17771,0.12,9,Delhi - Karol Bagh,35.3,1
TXN-2026-100806,CT-2026-1206,2026-09-08 12:37:00,64126.16,Loan App Scam,3,10.4,1,20,0,22.29317,70.80065,1.13,3,Rajkot - Kalawad Road,33.6,1
TXN-2026-100807,CT-2026-1207,2026-09-09 11:04:00,67937.01,UPI Fraud,1,187.4,0,1384,1,22.33181,73.18694,4.91,2,Vadodara - Alkapuri,,0
TXN-2026-100808,CT-2026-1208,2026-09-26 14:02:00,13267.42,UPI Fraud,5,6.3,1,22,0,21.18532,72.83616,0.6,3,Surat - Ring Road,28.9,1
TXN-2026-100809,CT-2026-1209,2026-08-31 11:58:00,50514.5,Identity Theft,2,188.4,0,1064,1,28.64398,77.23451,1.17,1,Delhi - Connaught Place,,0
TXN-2026-100810,CT-2026-1210,2026-09-15 16:57:00,172062.64,Investment Scam,3,31.1,1,19,0,21.18487,72.82376,1.47,7,Surat - Ring Road,13.7,1
TXN-2026-100811,CT-2026-1211,2026-09-23 09:09:00,23051.57,UPI Fraud,2,5.7,1,2,0,22.29335,70.79944,0.31,3,Rajkot - Kalawad Road,39.9,1
TXN-2026-100812,CT-2026-1212,2026-08-23 07:50:00,522174.27,Investment Scam,2,48.6,0,1171,1,22.30473,70.78825,2.93,1,Rajkot - Kalawad Road,,0
TXN-2026-100813,CT-2026-1213,2026-09-03 12:14:00,13402.81,UPI Fraud,3,12.6,1,2,1,22.29076,70.79019,1.5,5,Rajkot - Kalawad Road,39.2,1
TXN-2026-100814,CT-2026-1214,2026-09-03 15:01:00,580273.5,Investment Scam,1,53.9,0,1454,1,28.64274,77.19109,2.76,1,Delhi - Karol Bagh,,0
TXN-2026-100815,CT-2026-1215,2026-08-25 12:44:00,67675.89,Card Phishing,2,5.6,1,42,0,26.47905,77.51154,0.58,5,Rural / Other Region,16.4,1
TXN-2026-100816,CT-2026-1216,2026-08-16 03:48:00,18532.16,UPI Fraud,2,9.7,1,12,0,23.02772,72.60867,2.71,4,Ahmedabad - SG Highway,,0
TXN-2026-100817,CT-2026-1217,2026-09-18 12:15:00,84586.22,UPI Fraud,1,1.5,1,4,0,22.33398,73.1483,0.3,9,Vadodara - Alkapuri,35.1,1
TXN-2026-100818,CT-2026-1218,2026-09-04 12:37:00,16032.33,UPI Fraud,3,4.9,1,25,0,23.02637,72.56425,0.11,6,Ahmedabad - SG Highway,34.5,1
TXN-2026-100819,CT-2026-1219,2026-08-22 12:56:00,19778.28,UPI Fraud,2,11.5,1,30,0,23.01937,72.59152,0.25,8,Ahmedabad - SG Highway,44.6,1
TXN-2026-100820,CT-2026-1220,2026-08-07 09:35:00,76971.72,Card Phishing,1,12.0,1,24,0,22.2951,70.7861,0.12,3,Rajkot - Kalawad Road,,0
TXN-2026-100821,CT-2026-1221,2026-09-29 10:38:00,73412.35,Investment Scam,2,12.9,1,39,0,23.59348,76.87174,0.55,4,Rural / Other Region,,0
TXN-2026-100822,CT-2026-1222,2026-09-16 14:26:00,11564.89,UPI Fraud,2,11.0,1,2,0,23.03811,72.59079,0.3,11,Ahmedabad - SG Highway,42.5,1
TXN-2026-100823,CT-2026-1223,2026-08-09 07:41:00,40204.18,UPI Fraud,3,584.4,0,438,1,28.62969,77.21531,1.38,1,Delhi - Connaught Place,,0
TXN-2026-100824,CT-2026-1224,2026-08-19 11:31:00,27130.14,UPI Fraud,2,27.9,1,1,0,28.64831,77.20953,0.8,4,Delhi - Connaught Place,,0
TXN-2026-100825,CT-2026-1225,2026-09-11 08:50:00,7516.48,UPI Fraud,4,12.6,1,14,0,27.45286,79.29653,0.49,4,Rural / Other Region,35.7,1
TXN-2026-100826,CT-2026-1226,2026-08-24 11:53:00,520583.33,Investment Scam,4,11.4,1,49,0,28.65966,77.21976,0.64,7,Delhi - Connaught Place,25.5,1
TXN-2026-100827,CT-2026-1227,2026-09-14 17:14:00,25170.87,Loan App Scam,4,61.9,1,28,0,27.16331,71.38371,0.46,6,Rural / Other Region,,0
TXN-2026-100828,CT-2026-1228,2026-09-10 17:52:00,737040.06,Investment Scam,3,49.6,0,897,1,23.03617,72.60406,5.77,1,Ahmedabad - SG Highway,,0
TXN-2026-100829,CT-2026-1229,2026-08-17 15:13:00,7635.63,Card Phishing,1,7.0,1,24,0,22.30907,73.16658,0.17,5,Vadodara - Alkapuri,,0
TXN-2026-100830,CT-2026-1230,2026-09-15 10:42:00,72445.31,UPI Fraud,3,10.0,1,20,0,22.29742,73.18984,0.11,3,Vadodara - Alkapuri,33.4,1
TXN-2026-100831,CT-2026-1231,2026-08-28 13:19:00,150511.59,Investment Scam,3,56.9,0,1404,1,28.64523,77.17936,1.27,3,Delhi - Karol Bagh,,0
TXN-2026-100832,CT-2026-1232,2026-09-18 10:42:00,15328.21,UPI Fraud,4,6.9,1,3,0,23.0232,72.57189,0.19,2,Ahmedabad - SG Highway,33.8,1
TXN-2026-100833,CT-2026-1233,2026-09-01 12:33:00,8804.78,UPI Fraud,4,101.3,0,827,1,22.31978,73.16772,9.56,2,Vadodara - Alkapuri,,0
TXN-2026-100834,CT-2026-1234,2026-09-23 19:56:00,45113.48,Loan App Scam,2,109.8,0,463,1,28.6374,77.23505,8.59,1,Delhi - Connaught Place,,0
TXN-2026-100835,CT-2026-1235,2026-09-21 12:17:00,111410.04,UPI Fraud,2,3.1,1,2,0,22.32554,73.19224,1.06,6,Vadodara - Alkapuri,40.1,1
TXN-2026-100836,CT-2026-1236,2026-08-11 08:24:00,11626.13,UPI Fraud,1,47.0,0,755,1,21.16038,72.83727,1.54,1,Surat - Ring Road,,0
TXN-2026-100837,CT-2026-1237,2026-08-23 14:17:00,32000.24,UPI Fraud,3,1.8,1,7,0,23.03824,72.61681,0.76,4,Ahmedabad - SG Highway,31.7,1
TXN-2026-100838,CT-2026-1238,2026-08-14 12:47:00,49374.57,UPI Fraud,2,22.8,1,26,0,28.64934,77.16195,1.21,6,Delhi - Karol Bagh,59.6,1
TXN-2026-100839,CT-2026-1239,2026-09-24 02:26:00,30222.21,UPI Fraud,2,2.9,1,5,0,21.1539,72.85051,0.7,4,Surat - Ring Road,25.7,1
TXN-2026-100840,CT-2026-1240,2026-08-17 12:39:00,10918.81,UPI Fraud,3,3.3,1,20,0,23.03908,72.56063,0.21,7,Ahmedabad - SG Highway,47.9,1
TXN-2026-100841,CT-2026-1241,2026-09-02 11:33:00,25476.51,Loan App Scam,5,1.8,1,25,0,21.17796,72.82323,1.61,3,Surat - Ring Road,40.7,1
TXN-2026-100842,CT-2026-1242,2026-08-10 12:05:00,49288.3,UPI Fraud,3,61.0,0,1010,1,26.87215,70.07671,2.08,2,Rural / Other Region,,0
TXN-2026-100843,CT-2026-1243,2026-08-07 00:03:00,58308.75,Identity Theft,1,152.5,0,940,1,25.10445,78.54217,1.81,1,Rural / Other Region,,0
TXN-2026-100844,CT-2026-1244,2026-08-04 11:53:00,79147.37,UPI Fraud,2,10.7,1,20,0,28.62854,77.19267,0.33,7,Delhi - Connaught Place,6.3,1
TXN-2026-100845,CT-2026-1245,2026-09-21 15:15:00,10771.96,Loan App Scam,5,4.8,1,50,0,23.039,72.56943,0.12,5,Ahmedabad - SG Highway,15.1,1
TXN-2026-100846,CT-2026-1246,2026-08-16 15:31:00,43202.93,Card Phishing,2,14.3,1,34,0,22.32647,73.17651,0.48,7,Vadodara - Alkapuri,14.0,1
TXN-2026-100847,CT-2026-1247,2026-09-17 16:23:00,8586.32,UPI Fraud,4,31.1,0,504,1,22.33093,70.80687,1.92,1,Rajkot - Kalawad Road,,0
TXN-2026-100848,CT-2026-1248,2026-08-01 10:05:00,12684.32,UPI Fraud,2,2.1,1,26,0,28.63654,77.22535,0.15,3,Delhi - Connaught Place,25.4,1
TXN-2026-100849,CT-2026-1249,2026-09-22 12:52:00,502726.11,Investment Scam,3,7.7,1,32,0,22.33636,73.18632,0.48,6,Vadodara - Alkapuri,25.5,1
TXN-2026-100850,CT-2026-1250,2026-09-21 12:32:00,177263.46,UPI Fraud,2,11.9,1,49,0,22.31394,70.79331,0.78,5,Rajkot - Kalawad Road,,0
TXN-2026-100851,CT-2026-1251,2026-09-03 14:08:00,8991.34,Identity Theft,4,30.6,1,53,0,23.0295,72.59109,0.61,4,Ahmedabad - SG Highway,,0
TXN-2026-100852,CT-2026-1252,2026-09-06 11:03:00,52207.66,UPI Fraud,3,364.6,0,1276,1,23.03192,72.60762,5.58,1,Ahmedabad - SG Highway,,0
TXN-2026-100853,CT-2026-1253,2026-09-29 22:25:00,29499.58,Loan App Scam,1,205.4,0,640,1,23.04147,72.58484,1.73,2,Ahmedabad - SG Highway,,0
TXN-2026-100854,CT-2026-1254,2026-09-21 07:52:00,39584.12,UPI Fraud,3,76.7,0,1249,1,22.28321,73.17999,2.26,1,Vadodara - Alkapuri,,0
TXN-2026-100855,CT-2026-1255,2026-08-15 11:08:00,83351.89,UPI Fraud,4,1.5,1,16,0,23.6856,78.06782,2.44,6,Rural / Other Region,11.2,1
TXN-2026-100856,CT-2026-1256,2026-08-19 08:54:00,35859.59,UPI Fraud,3,6.1,1,14,0,22.29976,70.79203,0.19,1,Rajkot - Kalawad Road,,0
TXN-2026-100857,CT-2026-1257,2026-09-24 09:22:00,73802.52,Card Phishing,3,11.6,1,11,1,22.32076,73.19783,0.24,4,Vadodara - Alkapuri,,0
TXN-2026-100858,CT-2026-1258,2026-08-08 07:27:00,37430.49,Identity Theft,2,3.1,1,16,0,28.64961,77.18124,0.47,6,Delhi - Karol Bagh,,0
TXN-2026-100859,CT-2026-1259,2026-09-10 16:50:00,329739.51,Investment Scam,3,2.2,1,6,0,21.16862,72.82708,0.61,3,Surat - Ring Road,23.8,1
TXN-2026-100860,CT-2026-1260,2026-08-01 16:20:00,16434.07,UPI Fraud,2,33.1,0,1478,1,21.19165,72.815,3.43,1,Surat - Ring Road,,0
TXN-2026-100861,CT-2026-1261,2026-08-26 08:27:00,81084.29,Card Phishing,4,4.2,1,8,0,23.53902,71.87598,0.46,9,Rural / Other Region,52.1,1
TXN-2026-100862,CT-2026-1262,2026-09-19 12:13:00,136548.6,Investment Scam,3,4.9,1,15,0,22.29925,70.79731,0.91,3,Rajkot - Kalawad Road,32.7,1
TXN-2026-100863,CT-2026-1263,2026-09-13 12:16:00,427048.17,Investment Scam,3,17.9,1,57,0,28.61741,77.18667,0.71,4,Delhi - Connaught Place,25.2,1
TXN-2026-100864,CT-2026-1264,2026-08-14 06:18:00,27611.85,UPI Fraud,3,20.7,1,26,0,22.29983,73.17637,0.35,3,Vadodara - Alkapuri,,0
TXN-2026-100865,CT-2026-1265,2026-08-08 03:17:00,20918.73,UPI Fraud,5,44.1,0,447,1,22.32844,70.80714,3.97,2,Rajkot - Kalawad Road,,0
TXN-2026-100866,CT-2026-1266,2026-08-20 08:55:00,122499.04,Loan App Scam,3,9.9,1,18,0,28.63803,77.17686,0.2,1,Delhi - Karol Bagh,25.5,1
TXN-2026-100867,CT-2026-1267,2026-08-06 13:33:00,21426.83,UPI Fraud,2,188.6,0,469,1,23.02957,72.61294,2.33,1,Ahmedabad - SG Highway,,0
TXN-2026-100868,CT-2026-1268,2026-09-19 00:47:00,13122.58,Card Phishing,3,103.4,0,475,1,28.6679,77.18582,0.8,1,Delhi - Karol Bagh,,0
TXN-2026-100869,CT-2026-1269,2026-09-11 09:23:00,87808.95,UPI Fraud,4,42.5,1,18,0,22.31084,73.17201,1.9,8,Vadodara - Alkapuri,,0
TXN-2026-100870,CT-2026-1270,2026-08-20 17:29:00,13044.03,UPI Fraud,3,6.9,1,13,0,23.03565,72.58896,0.15,5,Ahmedabad - SG Highway,29.3,1
TXN-2026-100871,CT-2026-1271,2026-09-18 13:07:00,72563.95,Investment Scam,3,60.6,0,424,1,22.28592,70.79958,3.21,1,Rajkot - Kalawad Road,,0
TXN-2026-100872,CT-2026-1272,2026-08-18 07:06:00,46313.44,Card Phishing,4,45.1,1,26,0,21.15959,72.82483,0.37,7,Surat - Ring Road,,0
TXN-2026-100873,CT-2026-1273,2026-08-25 13:45:00,820094.93,Investment Scam,2,46.7,0,332,1,28.62992,77.20075,0.85,1,Delhi - Connaught Place,,0
TXN-2026-100874,CT-2026-1274,2026-09-18 13:48:00,77539.52,UPI Fraud,2,89.6,1,30,0,28.65866,77.17672,0.44,5,Delhi - Karol Bagh,,0
TXN-2026-100875,CT-2026-1275,2026-08-04 16:50:00,23089.0,UPI Fraud,2,28.5,1,13,0,21.16569,72.83281,0.31,8,Surat - Ring Road,,0
TXN-2026-100876,CT-2026-1276,2026-09-05 13:42:00,1151752.83,Investment Scam,2,17.7,1,43,0,28.66199,77.18686,0.97,9,Delhi - Karol Bagh,35.2,1
TXN-2026-100877,CT-2026-1277,2026-09-11 09:19:00,14277.74,Card Phishing,3,4.0,1,20,0,21.14318,72.82117,0.2,5,Surat - Ring Road,39.1,1
TXN-2026-100878,CT-2026-1278,2026-09-02 10:40:00,53165.44,Investment Scam,2,18.1,1,16,0,28.63899,77.21356,0.77,4,Delhi - Karol Bagh,,0
TXN-2026-100879,CT-2026-1279,2026-09-07 12:48:00,15729.0,Card Phishing,1,325.9,0,1138,1,21.17889,72.83085,1.41,2,Surat - Ring Road,,0
TXN-2026-100880,CT-2026-1280,2026-08-08 12:36:00,673029.95,Investment Scam,2,3.3,1,6,0,26.8048,78.03424,0.81,10,Rural / Other Region,43.4,1
TXN-2026-100881,CT-2026-1281,2026-08-07 14:08:00,32353.12,UPI Fraud,5,42.1,1,5,0,27.80154,79.66397,1.86,5,Rural / Other Region,6.0,1
TXN-2026-100882,CT-2026-1282,2026-08-20 14:02:00,227517.05,Investment Scam,2,66.0,0,616,1,21.18557,72.84828,3.9,1,Surat - Ring Road,,0
TXN-2026-100883,CT-2026-1283,2026-09-20 16:36:00,633303.9,Investment Scam,5,1.7,1,23,0,22.3233,70.79986,0.27,5,Rajkot - Kalawad Road,35.2,1
TXN-2026-100884,CT-2026-1284,2026-08-11 14:02:00,918653.2,Investment Scam,2,14.5,1,13,0,24.0005,78.89036,3.28,2,Rural / Other Region,16.8,1
TXN-2026-100885,CT-2026-1285,2026-09-17 15:56:00,71515.04,Loan App Scam,2,17.6,1,43,0,21.15749,72.83471,0.12,4,Surat - Ring Road,28.1,1
TXN-2026-100886,CT-2026-1286,2026-09-22 06:32:00,82734.33,Investment Scam,4,1.9,1,4,0,20.65212,78.29868,0.18,4,Rural / Other Region,22.0,1
TXN-2026-100887,CT-2026-1287,2026-08-06 09:07:00,176751.65,Loan App Scam,4,8.1,1,32,0,22.32978,70.81309,0.28,4,Rajkot - Kalawad Road,34.8,1
TXN-2026-100888,CT-2026-1288,2026-08-15 15:03:00,32715.5,UPI Fraud,3,10.3,1,6,0,23.02206,72.53843,0.33,6,Ahmedabad - SG Highway,39.1,1
TXN-2026-100889,CT-2026-1289,2026-08-09 14:11:00,186435.5,Card Phishing,3,3.3,1,67,0,21.18353,72.8364,0.46,5,Surat - Ring Road,27.2,1
TXN-2026-100890,CT-2026-1290,2026-09-07 10:49:00,59026.25,UPI Fraud,2,2.8,1,40,1,21.17195,72.82909,2.91,2,Surat - Ring Road,,0
TXN-2026-100891,CT-2026-1291,2026-09-19 13:28:00,7983.88,UPI Fraud,2,136.4,0,858,1,23.02071,72.57856,1.66,1,Ahmedabad - SG Highway,,0
TXN-2026-100892,CT-2026-1292,2026-08-03 09:20:00,73148.21,UPI Fraud,3,11.5,1,6,0,28.62553,77.21352,5.48,8,Delhi - Connaught Place,,0
TXN-2026-100893,CT-2026-1293,2026-08-25 19:25:00,36152.25,UPI Fraud,4,16.8,1,5,0,23.0336,72.58623,1.51,2,Ahmedabad - SG Highway,31.0,1
TXN-2026-100894,CT-2026-1294,2026-08-11 02:12:00,1287323.93,Investment Scam,2,5.1,1,41,0,20.45471,77.1783,1.49,5,Rural / Other Region,30.6,1
TXN-2026-100895,CT-2026-1295,2026-08-15 11:38:00,18341.19,UPI Fraud,1,162.8,0,839,1,22.28469,70.80571,1.32,1,Rajkot - Kalawad Road,,0
TXN-2026-100896,CT-2026-1296,2026-09-16 06:50:00,120189.56,UPI Fraud,1,270.5,0,1096,1,28.62031,77.21766,4.56,2,Delhi - Connaught Place,,0
TXN-2026-100897,CT-2026-1297,2026-09-05 17:20:00,62487.75,UPI Fraud,3,5.6,1,2,0,22.2879,70.79008,0.11,3,Rajkot - Kalawad Road,39.8,1
TXN-2026-100898,CT-2026-1298,2026-09-26 21:56:00,135470.67,UPI Fraud,3,9.2,1,25,0,28.67814,77.24341,0.13,6,Delhi - Connaught Place,37.7,1
TXN-2026-100899,CT-2026-1299,2026-08-12 11:06:00,8210.43,Identity Theft,3,23.7,1,45,0,28.63025,77.21812,1.47,2,Delhi - Connaught Place,,0
TXN-2026-100900,CT-2026-1000,2026-08-28 11:54:00,27461.11,Loan App Scam,2,183.3,0,758,1,23.04415,72.57577,3.16,1,Ahmedabad - SG Highway,,0
TXN-2026-100901,CT-2026-1001,2026-08-21 11:16:00,77191.88,Card Phishing,1,5.2,1,5,0,28.65584,77.1929,0.75,4,Delhi - Karol Bagh,37.5,1
TXN-2026-100902,CT-2026-1002,2026-09-19 13:49:00,28641.37,Identity Theft,3,17.8,1,15,0,28.64206,77.18256,0.92,2,Delhi - Karol Bagh,,0
TXN-2026-100903,CT-2026-1003,2026-08-08 08:17:00,17367.77,Identity Theft,2,5.9,1,9,0,22.30916,73.19251,0.68,4,Vadodara - Alkapuri,42.2,1
TXN-2026-100904,CT-2026-1004,2026-08-08 15:46:00,90883.0,Investment Scam,3,5.7,1,58,0,21.38376,79.22873,0.23,3,Rural / Other Region,,0
TXN-2026-100905,CT-2026-1005,2026-09-15 14:01:00,59040.57,UPI Fraud,3,8.9,1,24,0,21.19813,72.83814,0.8,5,Surat - Ring Road,36.7,1
TXN-2026-100906,CT-2026-1006,2026-09-21 04:25:00,19246.45,Identity Theft,2,6.2,1,70,0,22.32833,73.19596,0.57,1,Vadodara - Alkapuri,,0
TXN-2026-100907,CT-2026-1007,2026-08-14 11:11:00,95478.35,Investment Scam,3,10.7,1,11,0,28.61943,77.2191,0.35,4,Delhi - Connaught Place,40.3,1
TXN-2026-100908,CT-2026-1008,2026-09-27 13:30:00,139206.98,Card Phishing,4,7.3,1,67,1,24.78494,77.54355,1.19,4,Rural / Other Region,,0
TXN-2026-100909,CT-2026-1009,2026-09-24 16:01:00,32999.54,UPI Fraud,2,2.0,1,8,1,28.63838,77.23718,0.2,3,Delhi - Connaught Place,40.6,1
TXN-2026-100910,CT-2026-1010,2026-08-18 16:09:00,16817.49,Identity Theft,2,95.7,0,733,1,22.29361,70.79334,1.97,1,Rajkot - Kalawad Road,,0
TXN-2026-100911,CT-2026-1011,2026-08-24 11:16:00,75347.95,Card Phishing,4,3.7,1,71,0,22.29011,70.77472,0.52,4,Rajkot - Kalawad Road,,0
TXN-2026-100912,CT-2026-1012,2026-09-28 23:28:00,45724.71,UPI Fraud,4,6.4,1,15,0,28.62355,77.19834,0.39,1,Delhi - Karol Bagh,,0
TXN-2026-100913,CT-2026-1013,2026-09-10 23:01:00,5623.71,UPI Fraud,4,2.6,1,2,0,23.16479,70.26294,1.28,12,Rural / Other Region,39.4,1
TXN-2026-100914,CT-2026-1014,2026-08-17 01:46:00,118686.77,UPI Fraud,2,38.0,0,402,1,28.60963,77.22685,1.37,2,Delhi - Connaught Place,,0
TXN-2026-100915,CT-2026-1015,2026-08-04 19:41:00,17735.92,UPI Fraud,2,18.2,1,9,0,21.76983,71.5124,0.2,3,Rural / Other Region,27.0,1
TXN-2026-100916,CT-2026-1016,2026-09-13 12:33:00,47407.91,Card Phishing,1,214.9,0,966,1,22.32478,73.17938,4.16,1,Vadodara - Alkapuri,,0
TXN-2026-100917,CT-2026-1017,2026-09-17 16:16:00,95710.18,Loan App Scam,2,2.7,1,4,0,22.29081,73.17989,0.2,7,Vadodara - Alkapuri,41.3,1
TXN-2026-100918,CT-2026-1018,2026-09-25 12:11:00,255065.23,Investment Scam,3,10.2,1,23,1,21.17623,72.82178,0.62,2,Surat - Ring Road,,0
TXN-2026-100919,CT-2026-1019,2026-09-07 20:21:00,56581.16,UPI Fraud,2,2.2,1,69,1,22.28186,73.18987,0.88,7,Vadodara - Alkapuri,,0
TXN-2026-100920,CT-2026-1020,2026-09-18 11:33:00,73687.87,Card Phishing,5,76.2,1,19,0,22.32602,73.20213,0.19,3,Vadodara - Alkapuri,,0
TXN-2026-100921,CT-2026-1021,2026-08-27 09:12:00,12573.39,UPI Fraud,2,7.1,1,130,0,24.55653,72.08606,0.34,6,Rural / Other Region,37.4,1
TXN-2026-100922,CT-2026-1022,2026-08-17 09:54:00,29010.55,Loan App Scam,3,12.7,1,25,0,28.66172,77.17366,0.31,6,Delhi - Karol Bagh,54.8,1
TXN-2026-100923,CT-2026-1023,2026-09-09 21:56:00,30263.9,UPI Fraud,1,190.7,0,355,1,21.1684,72.82318,5.33,1,Surat - Ring Road,,0
TXN-2026-100924,CT-2026-1024,2026-08-14 14:28:00,62990.12,Loan App Scam,2,47.3,1,17,0,22.30839,73.17289,1.22,4,Vadodara - Alkapuri,,0
TXN-2026-100925,CT-2026-1025,2026-08-29 15:55:00,22293.29,UPI Fraud,3,28.7,1,25,0,22.29539,73.17631,0.59,4,Vadodara - Alkapuri,44.1,1
TXN-2026-100926,CT-2026-1026,2026-08-18 08:39:00,46036.97,UPI Fraud,3,7.1,1,2,0,28.64123,77.21432,0.92,6,Delhi - Connaught Place,28.9,1
TXN-2026-100927,CT-2026-1027,2026-09-05 08:17:00,28513.13,Loan App Scam,2,7.7,1,4,0,22.31138,70.78901,0.25,6,Rajkot - Kalawad Road,32.8,1
TXN-2026-100928,CT-2026-1028,2026-08-09 10:19:00,25945.96,UPI Fraud,3,19.6,1,9,0,21.14992,72.82,0.5,4,Surat - Ring Road,42.2,1
TXN-2026-100929,CT-2026-1029,2026-08-03 11:42:00,18582.88,Identity Theft,3,9.9,1,47,0,28.63461,77.18501,0.47,3,Delhi - Karol Bagh,35.3,1
TXN-2026-100930,CT-2026-1030,2026-08-28 14:19:00,43774.18,UPI Fraud,1,7.5,1,20,0,22.30521,70.79842,0.22,9,Rajkot - Kalawad Road,60.7,1
TXN-2026-100931,CT-2026-1031,2026-09-02 11:52:00,70682.9,UPI Fraud,1,9.8,1,13,0,28.65163,77.20439,0.44,6,Delhi - Karol Bagh,22.3,1
TXN-2026-100932,CT-2026-1032,2026-09-28 17:17:00,43943.89,UPI Fraud,1,58.6,0,731,1,23.03915,72.58657,2.34,1,Ahmedabad - SG Highway,,0
TXN-2026-100933,CT-2026-1033,2026-09-23 11:45:00,22515.16,UPI Fraud,4,24.3,1,32,0,28.62633,77.18978,0.27,7,Delhi - Karol Bagh,59.0,1
TXN-2026-100934,CT-2026-1034,2026-08-30 08:58:00,533817.05,Investment Scam,3,36.6,1,36,0,22.31553,70.79144,0.14,5,Rajkot - Kalawad Road,34.9,1
TXN-2026-100935,CT-2026-1035,2026-08-17 12:57:00,124880.27,UPI Fraud,3,7.6,1,30,0,22.34006,75.41071,1.77,6,Rural / Other Region,,0
TXN-2026-100936,CT-2026-1036,2026-08-20 12:35:00,76911.17,UPI Fraud,3,4.6,1,12,0,21.16928,72.82912,0.25,6,Surat - Ring Road,30.0,1
TXN-2026-100937,CT-2026-1037,2026-08-11 07:21:00,71821.73,UPI Fraud,5,14.2,1,9,0,23.02857,72.58824,0.68,3,Ahmedabad - SG Highway,36.4,1
TXN-2026-100938,CT-2026-1038,2026-09-19 17:10:00,121486.59,UPI Fraud,2,5.3,1,32,0,21.16171,72.83568,1.49,2,Surat - Ring Road,,0
TXN-2026-100939,CT-2026-1039,2026-08-14 16:53:00,11290.71,UPI Fraud,1,6.1,1,2,0,28.64803,77.19894,0.84,5,Delhi - Karol Bagh,29.6,1
TXN-2026-100940,CT-2026-1040,2026-08-08 09:47:00,45237.04,Loan App Scam,2,236.2,0,710,1,22.32489,73.17258,6.66,1,Vadodara - Alkapuri,,0
TXN-2026-100941,CT-2026-1041,2026-08-14 15:07:00,165881.63,Investment Scam,2,58.3,0,623,1,25.47311,71.04826,0.79,1,Rural / Other Region,,0
TXN-2026-100942,CT-2026-1042,2026-08-17 13:41:00,71695.51,UPI Fraud,5,10.4,1,10,0,21.16801,72.8547,0.23,3,Surat - Ring Road,53.5,1
TXN-2026-100943,CT-2026-1043,2026-09-15 13:42:00,123543.66,UPI Fraud,2,67.5,0,272,1,23.03835,72.6006,0.92,1,Ahmedabad - SG Highway,,0
TXN-2026-100944,CT-2026-1044,2026-09-14 16:12:00,124377.43,Investment Scam,3,30.8,0,256,1,23.39689,73.42568,0.93,2,Rural / Other Region,,0
TXN-2026-100945,CT-2026-1045,2026-09-01 11:08:00,6503.67,UPI Fraud,2,29.1,1,7,0,22.31588,73.17154,0.91,5,Vadodara - Alkapuri,,0
TXN-2026-100946,CT-2026-1046,2026-08-06 12:50:00,341156.94,Investment Scam,2,4.4,1,26,0,22.32141,73.16381,0.66,2,Vadodara - Alkapuri,,0
TXN-2026-100947,CT-2026-1047,2026-08-26 08:27:00,43238.23,UPI Fraud,3,4.6,1,25,1,22.32391,73.18172,0.19,8,Vadodara - Alkapuri,56.0,1
TXN-2026-100948,CT-2026-1048,2026-08-18 10:33:00,370348.14,Investment Scam,2,78.6,0,1227,1,28.60612,77.20923,2.1,1,Delhi - Connaught Place,,0
TXN-2026-100949,CT-2026-1049,2026-09-28 07:25:00,415524.06,Investment Scam,1,1.8,1,53,1,27.58282,70.70098,1.01,10,Rural / Other Region,,0
TXN-2026-100950,CT-2026-1050,2026-09-29 16:38:00,104980.21,Loan App Scam,1,13.0,1,15,0,21.16043,72.79188,1.81,9,Surat - Ring Road,,0
TXN-2026-100951,CT-2026-1051,2026-09-12 17:52:00,105517.58,UPI Fraud,1,45.0,1,6,0,20.66124,76.34821,1.29,2,Rural / Other Region,,0
TXN-2026-100952,CT-2026-1052,2026-08-02 10:10:00,79058.91,UPI Fraud,2,2.4,1,34,1,28.62906,77.20975,0.13,2,Delhi - Connaught Place,,0
TXN-2026-100953,CT-2026-1053,2026-09-27 05:23:00,17014.54,Identity Theft,2,2.0,1,5,0,25.35585,79.1203,0.13,6,Rural / Other Region,49.9,1
TXN-2026-100954,CT-2026-1054,2026-09-09 08:48:00,99807.47,Card Phishing,1,5.9,1,17,0,21.17898,72.86369,0.43,4,Surat - Ring Road,32.4,1
TXN-2026-100955,CT-2026-1055,2026-08-24 16:22:00,19885.04,Card Phishing,3,23.2,1,3,1,22.31682,70.78937,0.31,7,Rajkot - Kalawad Road,,0
TXN-2026-100956,CT-2026-1056,2026-08-22 11:19:00,1086175.51,Investment Scam,1,25.6,1,13,0,22.66654,74.40133,0.54,2,Rural / Other Region,49.2,1
TXN-2026-100957,CT-2026-1057,2026-09-21 06:49:00,6245.01,UPI Fraud,3,4.6,1,43,0,28.61539,77.20495,0.25,9,Delhi - Connaught Place,39.1,1
TXN-2026-100958,CT-2026-1058,2026-09-11 11:11:00,116909.4,Identity Theft,2,7.3,1,8,0,22.33788,73.17582,0.19,6,Vadodara - Alkapuri,63.1,1
TXN-2026-100959,CT-2026-1059,2026-09-28 22:16:00,418608.09,Investment Scam,1,223.9,0,652,1,22.3119,70.82389,1.57,1,Rajkot - Kalawad Road,,0
TXN-2026-100960,CT-2026-1060,2026-08-09 15:55:00,19966.05,Loan App Scam,2,33.4,1,6,0,23.02051,72.58106,1.27,6,Ahmedabad - SG Highway,,0
TXN-2026-100961,CT-2026-1061,2026-09-08 16:18:00,52396.94,Investment Scam,2,15.3,1,11,0,22.29861,70.78945,0.14,4,Rajkot - Kalawad Road,25.7,1
TXN-2026-100962,CT-2026-1062,2026-08-31 13:12:00,48906.43,UPI Fraud,3,16.3,1,8,1,21.16173,72.81618,0.43,6,Surat - Ring Road,33.0,1
TXN-2026-100963,CT-2026-1063,2026-08-23 10:36:00,207147.03,UPI Fraud,2,7.9,1,27,0,28.61552,77.17346,0.7,5,Delhi - Karol Bagh,26.0,1
TXN-2026-100964,CT-2026-1064,2026-09-01 07:21:00,445165.97,Investment Scam,1,32.1,1,3,0,21.21013,72.81731,1.28,7,Surat - Ring Road,23.2,1
TXN-2026-100965,CT-2026-1065,2026-08-07 07:46:00,57557.23,UPI Fraud,3,4.8,1,34,1,22.32264,70.81503,1.22,7,Rajkot - Kalawad Road,18.9,1
TXN-2026-100966,CT-2026-1066,2026-09-28 06:22:00,75255.64,Card Phishing,1,160.2,0,353,1,27.41703,78.53946,2.01,3,Rural / Other Region,,0
TXN-2026-100967,CT-2026-1067,2026-08-08 21:58:00,238567.66,UPI Fraud,3,6.0,1,17,0,28.62055,77.20859,1.55,5,Delhi - Connaught Place,25.6,1
TXN-2026-100968,CT-2026-1068,2026-08-03 17:54:00,130712.5,Investment Scam,2,6.4,1,20,0,23.96828,72.46074,0.11,4,Rural / Other Region,43.2,1
TXN-2026-100969,CT-2026-1069,2026-09-05 10:53:00,14273.61,UPI Fraud,1,567.9,0,646,1,23.04366,72.59051,3.64,1,Ahmedabad - SG Highway,,0
TXN-2026-100970,CT-2026-1070,2026-09-23 10:22:00,12933.86,UPI Fraud,3,12.8,1,17,1,22.30587,70.78405,1.02,6,Rajkot - Kalawad Road,18.1,1
TXN-2026-100971,CT-2026-1071,2026-08-22 12:53:00,56494.11,Loan App Scam,2,9.7,1,4,0,24.12299,75.35449,2.12,7,Rural / Other Region,40.5,1
TXN-2026-100972,CT-2026-1072,2026-09-24 10:42:00,47037.49,UPI Fraud,2,68.7,0,303,1,22.3263,73.19042,1.07,2,Vadodara - Alkapuri,,0
TXN-2026-100973,CT-2026-1073,2026-09-20 05:17:00,164780.64,UPI Fraud,2,6.4,1,37,0,21.1445,72.83594,0.36,1,Surat - Ring Road,48.3,1
TXN-2026-100974,CT-2026-1074,2026-09-05 12:39:00,74389.15,Card Phishing,3,17.7,1,1,0,21.13167,72.8412,0.94,3,Surat - Ring Road,40.3,1
TXN-2026-100975,CT-2026-1075,2026-09-14 14:58:00,73468.03,Investment Scam,2,4.8,1,9,0,21.1706,72.81541,0.61,7,Surat - Ring Road,40.6,1
TXN-2026-100976,CT-2026-1076,2026-08-07 11:47:00,394894.65,Investment Scam,5,29.9,1,8,0,22.28211,70.79009,0.95,7,Rajkot - Kalawad Road,38.0,1
TXN-2026-100977,CT-2026-1077,2026-09-12 13:51:00,118159.68,Investment Scam,2,34.7,1,15,0,28.64545,77.17424,0.11,5,Delhi - Karol Bagh,,0
TXN-2026-100978,CT-2026-1078,2026-08-18 16:20:00,81278.1,UPI Fraud,3,3.9,1,15,1,24.45155,76.84823,0.36,2,Rural / Other Region,60.8,1
TXN-2026-100979,CT-2026-1079,2026-09-24 11:12:00,188307.77,Investment Scam,3,3.9,1,10,1,21.17262,72.8504,0.55,1,Surat - Ring Road,15.1,1
TXN-2026-100980,CT-2026-1080,2026-09-02 08:53:00,97257.88,Card Phishing,1,6.0,1,28,0,28.64023,77.21859,0.87,7,Delhi - Connaught Place,21.6,1
TXN-2026-100981,CT-2026-1081,2026-08-31 13:17:00,209331.93,Investment Scam,1,5.8,1,22,0,22.30749,73.2011,0.48,2,Vadodara - Alkapuri,,0
TXN-2026-100982,CT-2026-1082,2026-09-15 13:02:00,39586.18,Identity Theft,4,58.1,0,1105,1,22.25481,75.88878,1.8,1,Rural / Other Region,,0
TXN-2026-100983,CT-2026-1083,2026-08-17 11:25:00,80000.76,Identity Theft,4,5.1,1,14,0,22.37437,79.97075,0.67,4,Rural / Other Region,39.2,1
TXN-2026-100984,CT-2026-1084,2026-08-19 17:14:00,97415.99,Loan App Scam,4,2.4,1,20,0,21.40249,70.89576,0.64,1,Rural / Other Region,,0
TXN-2026-100985,CT-2026-1085,2026-08-07 09:29:00,119909.64,Loan App Scam,1,23.0,1,39,0,28.66245,77.19073,0.77,3,Delhi - Karol Bagh,,0
TXN-2026-100986,CT-2026-1086,2026-09-11 14:32:00,128394.82,Card Phishing,4,2.9,1,20,0,21.17987,75.47668,0.84,3,Rural / Other Region,54.3,1
TXN-2026-100987,CT-2026-1087,2026-09-27 12:58:00,191391.97,Investment Scam,1,14.7,1,12,0,28.65039,77.17635,1.84,7,Delhi - Karol Bagh,,0
TXN-2026-100988,CT-2026-1088,2026-08-31 17:19:00,15864.22,Identity Theft,1,20.5,1,67,1,28.63813,77.20459,0.7,7,Delhi - Karol Bagh,,0
TXN-2026-100989,CT-2026-1089,2026-08-30 14:02:00,891526.8,Investment Scam,2,29.1,1,9,0,28.65952,77.19067,0.3,6,Delhi - Karol Bagh,58.6,1
TXN-2026-100990,CT-2026-1090,2026-08-05 17:09:00,45338.94,UPI Fraud,2,178.4,0,675,1,22.31218,70.78869,4.68,1,Rajkot - Kalawad Road,,0
TXN-2026-100991,CT-2026-1091,2026-08-16 14:18:00,8359.32,UPI Fraud,3,15.4,1,7,0,28.62483,77.22472,0.18,7,Delhi - Connaught Place,22.9,1
TXN-2026-100992,CT-2026-1092,2026-08-28 12:32:00,36943.65,UPI Fraud,1,16.2,1,26,0,21.73908,70.14803,0.62,7,Rural / Other Region,38.6,1
TXN-2026-100993,CT-2026-1093,2026-08-03 06:14:00,33604.64,UPI Fraud,2,11.9,1,9,0,24.41749,78.46232,0.71,3,Rural / Other Region,17.5,1
TXN-2026-100994,CT-2026-1094,2026-09-24 00:46:00,75505.31,UPI Fraud,4,2.4,1,47,0,22.30303,73.18387,3.18,5,Vadodara - Alkapuri,,0
TXN-2026-100995,CT-2026-1095,2026-09-04 08:16:00,264279.25,Investment Scam,4,11.4,1,59,0,22.29509,70.8251,0.63,4,Rajkot - Kalawad Road,,0
TXN-2026-100996,CT-2026-1096,2026-09-26 01:25:00,76857.8,UPI Fraud,2,79.6,0,1297,1,28.6329,77.21719,4.44,1,Delhi - Karol Bagh,,0
TXN-2026-100997,CT-2026-1097,2026-08-27 14:03:00,10498.16,UPI Fraud,3,34.8,0,424,1,22.32221,70.80115,0.93,1,Rajkot - Kalawad Road,,0
TXN-2026-100998,CT-2026-1098,2026-08-09 13:19:00,138658.4,Investment Scam,3,70.5,1,15,0,22.31685,73.18416,0.12,1,Vadodara - Alkapuri,,0
TXN-2026-100999,CT-2026-1099,2026-09-21 15:16:00,12453.11,Card Phishing,1,5.8,1,10,1,23.04624,72.57899,1.31,9,Ahmedabad - SG Highway,,0
TXN-2026-101000,CT-2026-1100,2026-08-06 12:15:00,11735.57,Loan App Scam,1,4.8,1,2,0,25.9439,76.05217,0.18,3,Rural / Other Region,41.0,1
TXN-2026-101001,CT-2026-1101,2026-08-19 09:03:00,32436.6,UPI Fraud,5,21.5,1,11,0,23.03903,72.56567,0.12,3,Ahmedabad - SG Highway,18.0,1
TXN-2026-101002,CT-2026-1102,2026-08-01 07:31:00,177401.68,Investment Scam,1,1.6,1,33,0,22.29098,70.81198,0.36,5,Rajkot - Kalawad Road,,0
TXN-2026-101003,CT-2026-1103,2026-09-05 13:01:00,96457.95,Investment Scam,5,7.5,1,49,1,22.29033,73.16862,0.82,5,Vadodara - Alkapuri,,0
TXN-2026-101004,CT-2026-1104,2026-08-03 08:06:00,101445.19,Card Phishing,2,3.7,1,7,0,23.04359,72.59524,0.35,6,Ahmedabad - SG Highway,39.4,1
TXN-2026-101005,CT-2026-1105,2026-09-18 11:01:00,114735.48,UPI Fraud,3,20.6,1,30,0,20.35207,76.64627,0.97,6,Rural / Other Region,28.5,1
TXN-2026-101006,CT-2026-1106,2026-09-10 17:12:00,36288.06,UPI Fraud,3,2.2,1,21,0,28.60837,77.211,0.56,5,Delhi - Connaught Place,18.8,1
TXN-2026-101007,CT-2026-1107,2026-09-03 13:12:00,23095.05,Loan App Scam,2,6.4,1,7,0,28.6333,77.2087,0.58,5,Delhi - Connaught Place,33.3,1
TXN-2026-101008,CT-2026-1108,2026-09-22 22:14:00,492821.57,Investment Scam,4,9.2,1,16,0,28.65544,77.18528,0.15,5,Delhi - Karol Bagh,27.4,1
TXN-2026-101009,CT-2026-1109,2026-08-09 09:25:00,830447.56,Investment Scam,5,11.7,1,7,0,25.50982,79.51414,1.07,4,Rural / Other Region,13.6,1
TXN-2026-101010,CT-2026-1110,2026-08-05 14:30:00,41769.45,UPI Fraud,1,9.4,1,46,1,23.04064,72.57666,0.37,5,Ahmedabad - SG Highway,,0
TXN-2026-101011,CT-2026-1111,2026-08-18 16:29:00,225332.49,Investment Scam,1,3.1,1,4,0,28.6422,77.17135,0.85,3,Delhi - Karol Bagh,,0
TXN-2026-101012,CT-2026-1112,2026-09-29 07:33:00,66703.57,Card Phishing,1,49.5,1,25,1,21.97652,71.75271,0.37,4,Rural / Other Region,,0
TXN-2026-101013,CT-2026-1113,2026-09-23 14:39:00,10248.84,UPI Fraud,3,37.9,1,28,0,28.65417,77.19976,0.9,5,Delhi - Karol Bagh,28.7,1
TXN-2026-101014,CT-2026-1114,2026-09-21 04:47:00,34622.15,UPI Fraud,3,25.4,1,3,0,21.18118,72.82549,0.12,4,Surat - Ring Road,39.5,1
TXN-2026-101015,CT-2026-1115,2026-08-20 16:22:00,503378.64,Investment Scam,3,30.4,1,36,0,22.29563,70.80299,1.22,7,Rajkot - Kalawad Road,27.3,1
TXN-2026-101016,CT-2026-1116,2026-09-27 16:26:00,49040.95,UPI Fraud,2,2.8,1,7,0,22.29833,70.78741,0.46,7,Rajkot - Kalawad Road,,0
TXN-2026-101017,CT-2026-1117,2026-09-25 14:23:00,47898.03,UPI Fraud,3,14.3,1,41,0,21.76666,77.91656,0.3,7,Rural / Other Region,41.4,1
TXN-2026-101018,CT-2026-1118,2026-09-19 13:00:00,107107.68,UPI Fraud,1,118.5,0,261,1,28.61424,77.23414,0.91,2,Delhi - Connaught Place,,0
TXN-2026-101019,CT-2026-1119,2026-09-24 08:56:00,407611.6,Investment Scam,3,147.1,0,415,1,23.01078,72.61275,1.02,1,Ahmedabad - SG Highway,,0
TXN-2026-101020,CT-2026-1120,2026-08-13 10:28:00,51848.58,UPI Fraud,3,9.6,1,26,0,28.62997,77.21945,0.11,4,Delhi - Connaught Place,37.0,1
TXN-2026-101021,CT-2026-1121,2026-09-25 14:16:00,72237.58,UPI Fraud,2,14.5,1,22,0,22.31006,70.81405,0.11,4,Rajkot - Kalawad Road,31.4,1
TXN-2026-101022,CT-2026-1122,2026-09-28 16:10:00,11558.48,Card Phishing,1,2.1,1,3,0,23.02484,72.60506,1.28,5,Ahmedabad - SG Highway,31.9,1
TXN-2026-101023,CT-2026-1123,2026-08-20 13:13:00,70839.24,UPI Fraud,1,30.3,1,13,0,28.60326,77.26,0.84,5,Delhi - Connaught Place,,0
TXN-2026-101024,CT-2026-1124,2026-09-16 05:21:00,1498613.87,Investment Scam,2,5.1,1,11,0,28.67076,77.17882,0.13,4,Delhi - Karol Bagh,16.2,1
TXN-2026-101025,CT-2026-1125,2026-09-12 11:00:00,177074.11,UPI Fraud,2,92.2,0,1202,1,23.13622,75.26209,2.21,1,Rural / Other Region,,0
TXN-2026-101026,CT-2026-1126,2026-08-02 13:34:00,38831.95,UPI Fraud,2,5.0,1,5,0,28.64085,77.22762,1.55,5,Delhi - Connaught Place,19.8,1
TXN-2026-101027,CT-2026-1127,2026-08-02 13:33:00,111475.75,Investment Scam,4,3.4,1,1,0,21.16849,72.81033,0.25,1,Surat - Ring Road,58.3,1
TXN-2026-101028,CT-2026-1128,2026-08-05 13:31:00,33665.39,Card Phishing,2,8.0,1,82,0,22.31796,70.80873,0.79,3,Rajkot - Kalawad Road,,0
TXN-2026-101029,CT-2026-1129,2026-08-11 02:13:00,75589.16,Card Phishing,3,5.1,1,2,0,21.77751,71.95027,1.74,5,Rural / Other Region,18.8,1
TXN-2026-101030,CT-2026-1130,2026-09-17 20:08:00,10540.89,Identity Theft,2,15.7,1,4,0,22.32352,73.18179,0.48,2,Vadodara - Alkapuri,,0
TXN-2026-101031,CT-2026-1131,2026-09-05 10:44:00,180955.02,Investment Scam,1,54.8,0,742,1,22.3158,70.80216,2.3,1,Rajkot - Kalawad Road,,0
TXN-2026-101032,CT-2026-1132,2026-08-27 14:54:00,31556.16,UPI Fraud,4,4.8,1,20,0,22.29701,70.80367,0.35,4,Rajkot - Kalawad Road,24.7,1
TXN-2026-101033,CT-2026-1133,2026-09-10 10:04:00,15799.89,UPI Fraud,5,9.3,1,9,1,28.62703,77.22018,1.62,4,Delhi - Connaught Place,26.4,1
TXN-2026-101034,CT-2026-1134,2026-08-15 13:47:00,379295.5,Investment Scam,4,52.5,0,948,1,28.6383,77.21354,6.62,3,Delhi - Karol Bagh,,0
TXN-2026-101035,CT-2026-1135,2026-08-26 13:35:00,17511.75,Loan App Scam,3,13.8,1,64,1,23.63677,77.86218,1.41,3,Rural / Other Region,,0
TXN-2026-101036,CT-2026-1136,2026-08-27 11:26:00,136894.75,UPI Fraud,2,68.8,0,1195,1,22.32066,70.8014,1.19,1,Rajkot - Kalawad Road,,0
TXN-2026-101037,CT-2026-1137,2026-08-01 15:29:00,32115.89,Card Phishing,4,9.9,1,59,0,20.69675,77.82901,0.34,2,Rural / Other Region,,0
TXN-2026-101038,CT-2026-1138,2026-09-13 13:42:00,9582.11,Card Phishing,2,42.9,1,14,0,22.33569,73.17433,0.13,7,Vadodara - Alkapuri,,0
TXN-2026-101039,CT-2026-1139,2026-08-08 08:54:00,35138.4,UPI Fraud,3,6.5,1,26,0,22.27088,73.19137,0.23,6,Vadodara - Alkapuri,42.3,1
TXN-2026-101040,CT-2026-1140,2026-09-07 19:01:00,43945.53,Loan App Scam,2,37.7,0,1129,1,28.63287,77.20866,1.69,1,Delhi - Connaught Place,,0
TXN-2026-101041,CT-2026-1141,2026-08-05 11:03:00,894793.44,Investment Scam,2,20.2,1,13,0,22.29345,73.16953,0.43,7,Vadodara - Alkapuri,39.7,1
TXN-2026-101042,CT-2026-1142,2026-08-10 08:25:00,123790.73,Investment Scam,5,9.7,1,46,1,22.30078,73.20892,0.19,5,Vadodara - Alkapuri,34.8,1
TXN-2026-101043,CT-2026-1143,2026-08-28 13:42:00,15611.77,UPI Fraud,2,10.0,1,19,1,28.60209,77.20019,0.31,5,Delhi - Connaught Place,,0
TXN-2026-101044,CT-2026-1144,2026-08-30 09:03:00,43232.03,UPI Fraud,3,3.1,1,22,0,21.3203,79.97382,0.5,4,Rural / Other Region,12.1,1
TXN-2026-101045,CT-2026-1145,2026-08-04 15:25:00,74848.41,Loan App Scam,2,254.0,0,637,1,22.30922,70.78335,3.6,1,Rajkot - Kalawad Road,,0
TXN-2026-101046,CT-2026-1146,2026-09-27 12:44:00,27950.74,UPI Fraud,1,12.8,1,11,1,28.62866,77.19561,0.11,3,Delhi - Connaught Place,,0
TXN-2026-101047,CT-2026-1147,2026-08-22 12:06:00,7718.33,Loan App Scam,4,5.0,1,24,1,28.60665,77.22468,0.91,3,Delhi - Connaught Place,,0
TXN-2026-101048,CT-2026-1148,2026-09-29 13:05:00,76672.49,UPI Fraud,1,19.0,1,29,0,21.16096,72.82147,0.58,7,Surat - Ring Road,41.0,1
TXN-2026-101049,CT-2026-1149,2026-08-25 16:28:00,44835.94,Card Phishing,3,11.1,1,1,0,23.02093,72.58122,0.73,8,Ahmedabad - SG Highway,51.2,1
TXN-2026-101050,CT-2026-1150,2026-08-30 14:22:00,27039.42,Card Phishing,4,3.1,1,34,0,26.72141,78.24332,0.17,5,Rural / Other Region,10.2,1
TXN-2026-101051,CT-2026-1151,2026-09-28 08:37:00,302579.11,Investment Scam,1,183.7,0,490,1,21.15703,72.86002,1.93,1,Surat - Ring Road,,0
TXN-2026-101052,CT-2026-1152,2026-09-05 10:44:00,5662.94,Card Phishing,3,9.9,1,10,1,28.6475,77.17744,0.29,3,Delhi - Karol Bagh,19.0,1
TXN-2026-101053,CT-2026-1153,2026-09-29 10:34:00,117254.1,Card Phishing,1,191.5,0,1379,1,21.18373,72.80533,0.78,1,Surat - Ring Road,,0
TXN-2026-101054,CT-2026-1154,2026-09-18 08:02:00,34677.61,Card Phishing,1,5.5,1,7,1,21.16312,72.82515,0.3,3,Surat - Ring Road,,0
TXN-2026-101055,CT-2026-1155,2026-08-09 08:12:00,27036.2,Card Phishing,4,3.2,1,17,0,20.11466,79.60679,1.06,4,Rural / Other Region,30.6,1
TXN-2026-101056,CT-2026-1156,2026-09-08 06:01:00,52264.16,UPI Fraud,1,20.3,1,2,0,22.28714,73.18457,0.15,8,Vadodara - Alkapuri,,0
TXN-2026-101057,CT-2026-1157,2026-08-17 13:12:00,23323.44,UPI Fraud,2,4.2,1,22,0,23.02904,72.61661,2.2,6,Ahmedabad - SG Highway,,0
TXN-2026-101058,CT-2026-1158,2026-09-27 10:38:00,45009.6,Loan App Scam,3,43.8,1,51,0,23.00602,72.56578,0.62,4,Ahmedabad - SG Highway,,0
TXN-2026-101059,CT-2026-1159,2026-09-09 09:41:00,34689.44,Identity Theft,3,2.3,1,31,0,22.30482,70.80446,0.48,6,Rajkot - Kalawad Road,36.9,1
TXN-2026-101060,CT-2026-1160,2026-08-12 13:21:00,69873.84,UPI Fraud,1,17.8,1,6,0,21.84638,77.06124,0.28,5,Rural / Other Region,38.1,1
TXN-2026-101061,CT-2026-1161,2026-08-01 16:12:00,10117.76,Card Phishing,2,2.4,1,10,0,23.02382,72.59533,0.75,8,Ahmedabad - SG Highway,41.1,1
TXN-2026-101062,CT-2026-1162,2026-09-25 16:28:00,608609.29,Investment Scam,2,8.2,1,3,1,22.31426,73.19525,0.57,9,Vadodara - Alkapuri,28.3,1
TXN-2026-101063,CT-2026-1163,2026-08-14 21:29:00,53867.31,Identity Theft,2,15.9,1,7,0,22.28111,70.79682,0.49,5,Rajkot - Kalawad Road,24.2,1
TXN-2026-101064,CT-2026-1164,2026-09-04 21:48:00,873010.36,Investment Scam,1,142.9,0,1138,1,23.91829,72.19751,2.67,1,Rural / Other Region,,0
TXN-2026-101065,CT-2026-1165,2026-08-31 13:19:00,571085.66,Investment Scam,3,26.4,1,13,0,24.7066,72.04544,0.2,5,Rural / Other Region,14.4,1
TXN-2026-101066,CT-2026-1166,2026-08-18 12:30:00,72119.18,Investment Scam,3,31.9,0,1495,1,21.17759,72.81526,9.08,1,Surat - Ring Road,,0
TXN-2026-101067,CT-2026-1167,2026-08-28 22:30:00,37725.94,UPI Fraud,2,39.9,0,1146,1,28.61817,77.24695,1.09,1,Delhi - Connaught Place,,0
TXN-2026-101068,CT-2026-1168,2026-09-15 09:39:00,115787.88,Card Phishing,1,190.4,0,186,1,23.05283,72.58932,3.84,1,Ahmedabad - SG Highway,,0
TXN-2026-101069,CT-2026-1169,2026-08-23 13:21:00,24071.27,Loan App Scam,3,15.3,1,22,0,22.28096,70.78871,0.57,6,Rajkot - Kalawad Road,25.0,1
TXN-2026-101070,CT-2026-1170,2026-09-23 21:08:00,77439.8,UPI Fraud,1,2.0,1,23,0,21.16388,72.84363,1.05,3,Surat - Ring Road,64.6,1
TXN-2026-101071,CT-2026-1171,2026-08-16 17:57:00,489908.83,Investment Scam,1,2.6,1,24,0,28.6416,77.20597,0.62,8,Delhi - Karol Bagh,21.3,1
TXN-2026-101072,CT-2026-1172,2026-09-20 07:01:00,51434.57,UPI Fraud,2,10.5,1,55,0,21.54685,79.00894,0.15,7,Rural / Other Region,,0
TXN-2026-101073,CT-2026-1173,2026-09-24 11:00:00,60390.68,UPI Fraud,3,3.2,1,2,0,23.02963,72.58498,0.31,8,Ahmedabad - SG Highway,46.2,1
TXN-2026-101074,CT-2026-1174,2026-09-06 17:26:00,349263.86,Investment Scam,4,10.9,1,49,0,28.65363,77.18776,0.14,2,Delhi - Karol Bagh,,0
TXN-2026-101075,CT-2026-1175,2026-09-28 16:36:00,45547.5,UPI Fraud,3,13.1,1,3,1,28.64312,77.21876,1.23,6,Delhi - Connaught Place,26.6,1
TXN-2026-101076,CT-2026-1176,2026-08-28 08:19:00,28999.12,Card Phishing,1,5.6,1,23,0,27.10064,72.59476,0.66,4,Rural / Other Region,,0
TXN-2026-101077,CT-2026-1177,2026-09-05 17:14:00,706507.76,Investment Scam,2,7.9,1,19,0,23.03807,72.56394,0.35,1,Ahmedabad - SG Highway,51.3,1
TXN-2026-101078,CT-2026-1178,2026-09-25 20:13:00,72238.24,Card Phishing,3,18.6,1,20,0,28.61876,77.22137,0.26,2,Delhi - Connaught Place,38.9,1
TXN-2026-101079,CT-2026-1179,2026-08-27 08:29:00,28525.64,Card Phishing,1,15.3,1,28,0,22.82843,79.00457,0.65,7,Rural / Other Region,25.6,1
TXN-2026-101080,CT-2026-1180,2026-08-21 08:56:00,27882.35,Loan App Scam,2,4.9,1,7,0,23.04598,72.55442,1.14,5,Ahmedabad - SG Highway,29.5,1
TXN-2026-101081,CT-2026-1181,2026-09-07 08:23:00,167029.24,Investment Scam,1,40.7,1,7,0,22.32311,73.16146,0.63,2,Vadodara - Alkapuri,,0
TXN-2026-101082,CT-2026-1182,2026-08-23 19:04:00,27870.36,Loan App Scam,2,62.7,0,758,1,22.28932,70.77851,2.48,1,Rajkot - Kalawad Road,,0
TXN-2026-101083,CT-2026-1183,2026-09-14 06:17:00,5163.01,UPI Fraud,3,23.9,1,8,0,23.04256,72.60315,1.3,4,Ahmedabad - SG Highway,30.5,1
TXN-2026-101084,CT-2026-1184,2026-09-09 14:07:00,20288.26,Identity Theft,2,64.8,0,390,1,23.43299,79.3887,4.34,1,Rural / Other Region,,0
TXN-2026-101085,CT-2026-1185,2026-09-14 00:17:00,272443.54,UPI Fraud,4,19.2,1,16,0,21.15061,72.82084,0.91,2,Surat - Ring Road,48.8,1
TXN-2026-101086,CT-2026-1186,2026-09-02 10:37:00,979954.37,Investment Scam,2,15.5,1,5,0,22.29457,70.79853,0.19,4,Rajkot - Kalawad Road,10.8,1
TXN-2026-101087,CT-2026-1187,2026-08-19 11:05:00,59355.93,UPI Fraud,1,346.9,0,1026,1,28.62485,77.23077,5.12,1,Delhi - Connaught Place,,0
TXN-2026-101088,CT-2026-1188,2026-08-06 16:05:00,74331.88,Loan App Scam,1,4.6,1,1,0,22.31997,73.16332,0.29,3,Vadodara - Alkapuri,15.8,1
TXN-2026-101089,CT-2026-1189,2026-08-30 14:03:00,51266.83,UPI Fraud,3,9.3,1,5,0,22.30771,70.79749,0.56,3,Rajkot - Kalawad Road,55.5,1
TXN-2026-101090,CT-2026-1190,2026-08-05 12:07:00,60537.5,UPI Fraud,3,65.7,0,624,1,22.11167,73.66721,3.74,2,Rural / Other Region,,0
TXN-2026-101091,CT-2026-1191,2026-09-12 15:55:00,73360.85,Identity Theft,3,16.1,1,14,0,28.62234,77.19788,1.24,5,Delhi - Connaught Place,,0
TXN-2026-101092,CT-2026-1192,2026-08-30 15:39:00,27974.7,UPI Fraud,1,14.4,1,7,1,23.03611,72.59094,1.63,5,Ahmedabad - SG Highway,,0
TXN-2026-101093,CT-2026-1193,2026-09-24 12:40:00,16878.81,UPI Fraud,2,17.1,1,5,0,21.19539,72.82659,0.67,4,Surat - Ring Road,24.5,1
TXN-2026-101094,CT-2026-1194,2026-08-27 14:10:00,77016.15,UPI Fraud,1,32.1,1,93,0,21.18109,72.82584,0.23,2,Surat - Ring Road,,0
TXN-2026-101095,CT-2026-1195,2026-08-06 17:26:00,32584.06,Card Phishing,2,14.5,1,11,0,28.64456,77.15578,0.42,7,Delhi - Karol Bagh,,0
TXN-2026-101096,CT-2026-1196,2026-09-06 09:37:00,11418.0,UPI Fraud,2,5.7,1,12,1,23.03341,72.57304,0.59,9,Ahmedabad - SG Highway,29.2,1
TXN-2026-101097,CT-2026-1197,2026-09-02 14:22:00,44769.59,UPI Fraud,2,2.9,1,25,0,27.57205,72.31103,1.04,1,Rural / Other Region,,0
TXN-2026-101098,CT-2026-1198,2026-09-12 09:43:00,261968.9,Investment Scam,3,282.5,0,1308,1,28.63142,77.1986,3.2,1,Delhi - Karol Bagh,,0
TXN-2026-101099,CT-2026-1199,2026-08-04 12:53:00,389474.83,Investment Scam,2,3.2,1,3,0,28.66831,77.21018,0.23,10,Delhi - Karol Bagh,44.8,1
TXN-2026-101100,CT-2026-1200,2026-08-30 10:12:00,32039.82,UPI Fraud,1,50.2,0,1027,1,21.21516,72.81414,1.28,1,Surat - Ring Road,,0
TXN-2026-101101,CT-2026-1201,2026-09-05 06:50:00,5948.7,UPI Fraud,1,3.9,1,1,1,22.31229,70.8065,0.84,2,Rajkot - Kalawad Road,,0
TXN-2026-101102,CT-2026-1202,2026-09-07 17:26:00,28882.43,Identity Theft,4,10.7,1,20,0,22.32378,70.8112,0.93,6,Rajkot - Kalawad Road,33.7,1
TXN-2026-101103,CT-2026-1203,2026-08-26 15:47:00,59532.88,Loan App Scam,2,110.8,0,1445,1,28.63962,77.21459,2.56,1,Delhi - Connaught Place,,0
TXN-2026-101104,CT-2026-1204,2026-09-28 15:57:00,108713.86,UPI Fraud,1,8.0,1,26,0,20.41173,75.27155,0.77,2,Rural / Other Region,,0
TXN-2026-101105,CT-2026-1205,2026-08-04 14:22:00,646494.55,Investment Scam,2,1.5,1,2,1,26.84157,75.77177,2.36,7,Rural / Other Region,27.9,1
TXN-2026-101106,CT-2026-1206,2026-08-18 09:25:00,310275.09,Investment Scam,4,2.5,1,37,0,22.01737,74.53232,0.45,3,Rural / Other Region,28.0,1
TXN-2026-101107,CT-2026-1207,2026-09-25 14:45:00,30369.36,Card Phishing,4,180.4,0,464,1,22.3297,73.19166,2.41,1,Vadodara - Alkapuri,,0
TXN-2026-101108,CT-2026-1208,2026-09-28 14:22:00,8118.4,Card Phishing,2,76.8,0,1355,1,28.64578,77.21342,6.63,1,Delhi - Karol Bagh,,0
TXN-2026-101109,CT-2026-1209,2026-08-01 13:51:00,188317.97,Investment Scam,2,4.7,1,1,1,21.16938,72.81734,1.59,2,Surat - Ring Road,,0
TXN-2026-101110,CT-2026-1210,2026-08-07 11:21:00,444384.09,Investment Scam,2,12.4,1,10,0,22.30856,73.18905,2.07,3,Vadodara - Alkapuri,27.3,1
TXN-2026-101111,CT-2026-1211,2026-09-21 17:00:00,235244.1,Investment Scam,2,5.5,1,16,1,26.40767,77.96723,0.47,5,Rural / Other Region,23.7,1
TXN-2026-101112,CT-2026-1212,2026-09-02 10:16:00,23519.97,Loan App Scam,4,2.3,1,22,0,23.03365,72.57184,0.52,1,Ahmedabad - SG Highway,27.9,1
TXN-2026-101113,CT-2026-1213,2026-08-05 10:40:00,61836.56,Identity Theft,3,13.5,1,1,0,21.16041,74.9546,0.17,7,Rural / Other Region,21.3,1
TXN-2026-101114,CT-2026-1214,2026-09-19 13:46:00,126658.08,UPI Fraud,3,32.4,0,967,1,23.01637,72.61168,0.78,3,Ahmedabad - SG Highway,,0
TXN-2026-101115,CT-2026-1215,2026-08-17 11:44:00,122272.15,Card Phishing,3,20.4,1,10,0,22.29132,70.81933,0.42,6,Rajkot - Kalawad Road,41.6,1
TXN-2026-101116,CT-2026-1216,2026-08-04 12:03:00,65178.31,Investment Scam,4,139.3,0,1491,1,22.30241,70.77686,1.51,1,Rajkot - Kalawad Road,,0
TXN-2026-101117,CT-2026-1217,2026-08-06 09:26:00,35454.9,Identity Theft,3,4.2,1,25,1,22.29525,70.80532,1.27,5,Rajkot - Kalawad Road,,0
TXN-2026-101118,CT-2026-1218,2026-08-25 17:19:00,585317.51,Investment Scam,5,13.9,1,7,0,23.9085,75.50409,0.22,5,Rural / Other Region,18.3,1
TXN-2026-101119,CT-2026-1219,2026-08-20 12:56:00,123343.79,UPI Fraud,3,93.4,0,1065,1,28.61971,77.20344,2.13,2,Delhi - Karol Bagh,,0
TXN-2026-101120,CT-2026-1220,2026-09-26 10:05:00,60496.03,UPI Fraud,1,9.4,1,16,0,25.56596,73.2456,0.61,3,Rural / Other Region,,0
TXN-2026-101121,CT-2026-1221,2026-08-26 11:42:00,441114.64,Investment Scam,2,8.8,1,22,0,21.16133,72.81533,0.59,7,Surat - Ring Road,20.0,1
TXN-2026-101122,CT-2026-1222,2026-09-16 11:07:00,628742.44,Investment Scam,1,10.4,1,9,0,28.65356,77.18853,0.65,6,Delhi - Karol Bagh,25.6,1
TXN-2026-101123,CT-2026-1223,2026-08-18 10:47:00,30383.3,Card Phishing,5,5.7,1,12,0,28.63993,77.23541,0.63,5,Delhi - Connaught Place,28.8,1
TXN-2026-101124,CT-2026-1224,2026-09-08 08:46:00,307377.22,UPI Fraud,2,44.5,1,54,0,22.63778,75.9259,0.22,1,Rural / Other Region,,0
TXN-2026-101125,CT-2026-1225,2026-08-02 10:15:00,58988.39,UPI Fraud,2,1.7,1,9,0,22.32483,73.19811,0.23,4,Vadodara - Alkapuri,39.2,1
TXN-2026-101126,CT-2026-1226,2026-08-13 10:57:00,694361.81,Investment Scam,2,5.6,1,82,1,22.32527,70.79036,1.44,4,Rajkot - Kalawad Road,,0
TXN-2026-101127,CT-2026-1227,2026-08-21 09:14:00,10669.09,Identity Theft,4,10.9,1,6,0,28.67514,77.19777,0.58,3,Delhi - Karol Bagh,35.6,1
TXN-2026-101128,CT-2026-1228,2026-08-01 10:44:00,59341.51,UPI Fraud,2,2.4,1,6,0,21.18508,72.84637,0.31,5,Surat - Ring Road,30.9,1
TXN-2026-101129,CT-2026-1229,2026-09-01 12:51:00,49243.02,UPI Fraud,2,8.4,1,28,0,23.44868,73.65391,1.9,6,Rural / Other Region,,0
TXN-2026-101130,CT-2026-1230,2026-08-03 13:35:00,15808.16,UPI Fraud,2,105.1,0,1354,1,26.59355,70.6537,0.86,1,Rural / Other Region,,0
TXN-2026-101131,CT-2026-1231,2026-09-17 01:40:00,7771.15,Loan App Scam,2,26.5,1,31,0,21.52039,73.71394,0.18,8,Rural / Other Region,43.3,1
TXN-2026-101132,CT-2026-1232,2026-08-26 04:38:00,26365.91,UPI Fraud,1,7.7,1,38,0,22.32848,70.81049,0.56,5,Rajkot - Kalawad Road,27.3,1
TXN-2026-101133,CT-2026-1233,2026-08-04 14:03:00,283693.85,UPI Fraud,2,4.1,1,9,0,21.17908,72.83081,0.53,3,Surat - Ring Road,35.7,1
TXN-2026-101134,CT-2026-1234,2026-09-07 05:38:00,35451.56,UPI Fraud,2,2.5,1,14,0,22.31362,70.81705,0.87,5,Rajkot - Kalawad Road,38.0,1
TXN-2026-101135,CT-2026-1235,2026-09-03 13:20:00,32288.38,Loan App Scam,1,28.1,1,8,0,27.03046,75.90917,1.0,5,Rural / Other Region,,0
TXN-2026-101136,CT-2026-1236,2026-08-31 09:04:00,32264.32,UPI Fraud,1,12.4,1,42,0,21.17945,72.803,0.28,5,Surat - Ring Road,37.6,1
TXN-2026-101137,CT-2026-1237,2026-09-12 04:07:00,9551.91,UPI Fraud,5,11.7,1,3,0,28.67396,77.19466,0.64,6,Delhi - Karol Bagh,35.3,1
TXN-2026-101138,CT-2026-1238,2026-09-23 15:57:00,191294.67,Investment Scam,3,6.4,1,2,1,22.29407,70.79462,3.7,3,Rajkot - Kalawad Road,,0
TXN-2026-101139,CT-2026-1239,2026-08-08 10:43:00,18008.01,Card Phishing,5,8.9,1,1,0,21.18846,72.82791,2.1,4,Surat - Ring Road,38.9,1
TXN-2026-101140,CT-2026-1240,2026-08-07 10:04:00,295136.17,Investment Scam,3,25.9,1,34,0,22.83179,71.59929,1.72,7,Rural / Other Region,38.4,1
TXN-2026-101141,CT-2026-1241,2026-09-14 08:16:00,621161.39,Investment Scam,1,11.3,1,7,1,23.61064,71.89364,1.41,3,Rural / Other Region,42.3,1
TXN-2026-101142,CT-2026-1242,2026-09-25 08:52:00,156066.34,Investment Scam,3,70.4,0,721,1,20.68642,75.47455,1.53,1,Rural / Other Region,,0
TXN-2026-101143,CT-2026-1243,2026-08-04 12:08:00,1100082.08,Investment Scam,1,8.2,1,15,0,23.02567,72.5921,0.67,5,Ahmedabad - SG Highway,48.2,1
TXN-2026-101144,CT-2026-1244,2026-09-15 10:24:00,5204.66,Card Phishing,2,101.9,0,376,1,21.16927,72.85211,2.12,1,Surat - Ring Road,,0
TXN-2026-101145,CT-2026-1245,2026-08-13 06:31:00,41051.84,UPI Fraud,3,44.7,1,20,0,23.03549,72.62088,0.7,1,Ahmedabad - SG Highway,,0
TXN-2026-101146,CT-2026-1246,2026-08-15 10:11:00,26700.24,UPI Fraud,2,2.7,1,19,0,22.30202,70.83327,0.75,5,Rajkot - Kalawad Road,37.1,1
TXN-2026-101147,CT-2026-1247,2026-09-17 08:11:00,50138.83,UPI Fraud,2,19.2,1,29,0,21.16348,72.85489,0.45,6,Surat - Ring Road,47.7,1
TXN-2026-101148,CT-2026-1248,2026-08-03 14:54:00,701328.18,Investment Scam,2,13.8,1,33,0,25.73809,72.50487,0.12,2,Rural / Other Region,30.4,1
TXN-2026-101149,CT-2026-1249,2026-08-09 10:01:00,30322.95,UPI Fraud,1,66.5,0,774,1,22.32005,70.808,0.57,1,Rajkot - Kalawad Road,,0
TXN-2026-101150,CT-2026-1250,2026-09-02 15:16:00,11651.7,UPI Fraud,1,21.2,1,3,1,23.03688,72.57411,0.14,9,Ahmedabad - SG Highway,,0
TXN-2026-101151,CT-2026-1251,2026-09-24 07:48:00,69365.96,Identity Theft,2,4.1,1,11,0,21.17469,72.82896,0.16,5,Surat - Ring Road,30.7,1
TXN-2026-101152,CT-2026-1252,2026-09-07 10:31:00,12159.34,Card Phishing,2,6.9,1,7,0,28.64775,77.1861,0.2,2,Delhi - Karol Bagh,49.4,1
TXN-2026-101153,CT-2026-1253,2026-09-02 12:46:00,42639.02,UPI Fraud,2,25.0,1,24,0,28.66642,77.19962,0.44,1,Delhi - Karol Bagh,,0
TXN-2026-101154,CT-2026-1254,2026-09-08 14:12:00,94736.57,Loan App Scam,1,1.6,1,64,0,22.32441,73.1955,0.12,3,Vadodara - Alkapuri,,0
TXN-2026-101155,CT-2026-1255,2026-08-30 09:28:00,9570.91,Identity Theft,1,135.2,0,1323,1,25.34252,78.64406,1.64,1,Rural / Other Region,,0
TXN-2026-101156,CT-2026-1256,2026-09-27 11:50:00,80219.93,Card Phishing,2,167.9,0,1430,1,26.71827,79.41631,1.09,1,Rural / Other Region,,0
TXN-2026-101157,CT-2026-1257,2026-08-27 08:44:00,24753.15,Loan App Scam,2,13.2,1,12,0,28.64619,77.17312,0.88,8,Delhi - Karol Bagh,45.1,1
TXN-2026-101158,CT-2026-1258,2026-09-23 05:31:00,600907.55,Investment Scam,1,197.2,0,1354,1,27.46619,75.96334,0.51,1,Rural / Other Region,,0
TXN-2026-101159,CT-2026-1259,2026-09-07 17:46:00,90365.76,Loan App Scam,2,2.2,1,1,0,21.20115,72.81573,0.4,4,Surat - Ring Road,31.2,1
TXN-2026-101160,CT-2026-1260,2026-09-08 13:10:00,345315.83,Investment Scam,1,28.5,1,14,1,28.66921,77.21587,0.46,6,Delhi - Karol Bagh,,0
TXN-2026-101161,CT-2026-1261,2026-09-25 11:05:00,115211.6,Card Phishing,2,4.0,1,2,0,23.03399,72.57481,1.76,1,Ahmedabad - SG Highway,,0
TXN-2026-101162,CT-2026-1262,2026-08-11 08:36:00,7273.19,Card Phishing,4,6.9,1,6,0,22.30892,73.17906,1.21,3,Vadodara - Alkapuri,18.9,1
TXN-2026-101163,CT-2026-1263,2026-08-29 20:40:00,38302.16,Card Phishing,3,19.1,1,38,0,23.01997,72.59895,0.2,6,Ahmedabad - SG Highway,38.0,1
TXN-2026-101164,CT-2026-1264,2026-09-26 13:54:00,25821.17,UPI Fraud,5,100.0,0,1232,1,24.25916,72.01613,2.45,1,Rural / Other Region,,0
TXN-2026-101165,CT-2026-1265,2026-09-13 13:46:00,73853.29,Card Phishing,1,197.2,0,1303,1,22.3144,73.199,3.21,1,Vadodara - Alkapuri,,0
TXN-2026-101166,CT-2026-1266,2026-08-25 17:02:00,26714.61,UPI Fraud,1,31.2,0,896,1,28.67188,77.16583,2.09,1,Delhi - Karol Bagh,,0
TXN-2026-101167,CT-2026-1267,2026-08-28 23:22:00,6463.38,Card Phishing,2,2.0,1,25,1,22.31013,70.79754,0.57,4,Rajkot - Kalawad Road,,0
TXN-2026-101168,CT-2026-1268,2026-08-25 14:51:00,218171.96,Investment Scam,2,4.2,1,24,0,28.60734,77.22349,0.2,3,Delhi - Connaught Place,36.2,1
TXN-2026-101169,CT-2026-1269,2026-08-11 16:45:00,15777.51,Card Phishing,2,280.7,0,1065,1,28.64198,77.20357,5.15,1,Delhi - Connaught Place,,0
TXN-2026-101170,CT-2026-1270,2026-08-04 13:21:00,72006.97,UPI Fraud,2,4.4,1,4,0,22.30097,73.16869,0.89,13,Vadodara - Alkapuri,44.4,1
TXN-2026-101171,CT-2026-1271,2026-08-31 02:31:00,28613.5,UPI Fraud,2,5.8,1,2,0,22.30626,73.18568,0.75,2,Vadodara - Alkapuri,,0
TXN-2026-101172,CT-2026-1272,2026-09-21 02:00:00,70416.95,UPI Fraud,3,4.8,1,41,0,26.18042,77.00907,1.32,1,Rural / Other Region,,0
TXN-2026-101173,CT-2026-1273,2026-08-06 16:41:00,5346.78,Loan App Scam,5,22.0,1,21,0,28.66774,77.19868,0.11,4,Delhi - Karol Bagh,43.9,1
TXN-2026-101174,CT-2026-1274,2026-08-27 13:04:00,37520.88,UPI Fraud,2,4.2,1,5,0,24.21824,73.5772,0.36,2,Rural / Other Region,42.2,1
TXN-2026-101175,CT-2026-1275,2026-09-16 23:14:00,42870.27,UPI Fraud,2,20.7,1,3,0,28.62166,77.22278,0.88,1,Delhi - Connaught Place,,0
TXN-2026-101176,CT-2026-1276,2026-09-21 12:01:00,32322.4,Loan App Scam,2,16.0,1,30,0,21.15416,72.83304,0.23,2,Surat - Ring Road,,0
TXN-2026-101177,CT-2026-1277,2026-09-01 21:21:00,158479.38,Investment Scam,3,17.0,1,6,0,22.30056,73.15798,1.33,2,Vadodara - Alkapuri,39.2,1
TXN-2026-101178,CT-2026-1278,2026-09-28 13:42:00,7604.15,UPI Fraud,4,73.3,0,445,1,20.30561,79.26872,2.19,1,Rural / Other Region,,0
TXN-2026-101179,CT-2026-1279,2026-08-30 12:16:00,16653.64,UPI Fraud,3,5.0,1,9,0,22.31886,70.80041,0.13,3,Rajkot - Kalawad Road,36.3,1
TXN-2026-101180,CT-2026-1280,2026-09-06 08:10:00,80475.64,Card Phishing,1,9.5,1,13,0,28.69484,77.22689,0.61,3,Delhi - Karol Bagh,26.5,1
TXN-2026-101181,CT-2026-1281,2026-09-23 12:51:00,17634.35,UPI Fraud,1,10.2,1,1,1,21.17025,72.83905,0.77,1,Surat - Ring Road,,0
TXN-2026-101182,CT-2026-1282,2026-08-02 06:09:00,170216.76,Investment Scam,2,2.8,1,11,1,20.60683,72.01957,0.3,7,Rural / Other Region,42.3,1
TXN-2026-101183,CT-2026-1283,2026-08-04 10:20:00,9811.02,UPI Fraud,5,5.4,1,14,0,22.33979,70.81344,1.2,5,Rajkot - Kalawad Road,29.3,1
TXN-2026-101184,CT-2026-1284,2026-09-22 08:34:00,185029.79,Investment Scam,1,4.5,1,25,1,26.7039,70.11557,0.35,2,Rural / Other Region,,0
TXN-2026-101185,CT-2026-1285,2026-08-05 13:54:00,15498.57,UPI Fraud,2,24.7,1,43,0,23.02933,72.59707,0.21,3,Ahmedabad - SG Highway,,0
TXN-2026-101186,CT-2026-1286,2026-08-09 13:02:00,27715.29,Identity Theft,4,6.8,1,5,0,23.06468,72.59816,1.35,6,Ahmedabad - SG Highway,45.8,1
TXN-2026-101187,CT-2026-1287,2026-09-10 09:42:00,184467.17,Investment Scam,1,1.7,1,34,1,28.63329,77.21282,0.36,3,Delhi - Karol Bagh,,0
TXN-2026-101188,CT-2026-1288,2026-08-03 11:36:00,92436.02,Investment Scam,2,4.6,1,32,0,22.29833,73.16766,1.98,1,Vadodara - Alkapuri,,0
TXN-2026-101189,CT-2026-1289,2026-08-25 02:20:00,699421.7,Investment Scam,3,7.4,1,28,0,27.91752,78.0809,0.55,7,Rural / Other Region,56.1,1
TXN-2026-101190,CT-2026-1290,2026-08-07 13:44:00,136690.87,Investment Scam,2,6.4,1,1,0,26.37942,74.94685,0.77,2,Rural / Other Region,27.4,1
TXN-2026-101191,CT-2026-1291,2026-08-03 15:46:00,171027.94,Investment Scam,3,15.6,1,10,0,23.03676,72.60167,0.34,7,Ahmedabad - SG Highway,25.3,1
TXN-2026-101192,CT-2026-1292,2026-08-16 13:41:00,40006.77,UPI Fraud,2,40.9,1,5,0,28.61683,77.2157,0.33,5,Delhi - Connaught Place,12.8,1
TXN-2026-101193,CT-2026-1293,2026-09-12 09:16:00,86361.29,Loan App Scam,5,27.9,1,7,1,22.31431,73.19003,0.71,4,Vadodara - Alkapuri,,0
TXN-2026-101194,CT-2026-1294,2026-09-09 12:27:00,17176.09,UPI Fraud,1,57.6,0,979,1,28.63735,77.17926,1.24,1,Delhi - Karol Bagh,,0
TXN-2026-101195,CT-2026-1295,2026-08-31 05:13:00,97026.31,UPI Fraud,3,3.3,1,24,0,21.75768,77.4142,0.83,4,Rural / Other Region,46.2,1
TXN-2026-101196,CT-2026-1296,2026-09-10 08:17:00,134855.89,UPI Fraud,1,39.7,1,14,0,22.31051,70.79109,1.48,6,Rajkot - Kalawad Road,,0
TXN-2026-101197,CT-2026-1297,2026-09-18 11:10:00,37707.34,Loan App Scam,1,14.1,1,9,0,21.18961,72.81294,0.95,5,Surat - Ring Road,43.9,1
TXN-2026-101198,CT-2026-1298,2026-09-22 08:24:00,27229.03,Card Phishing,3,132.9,0,1051,1,22.63411,77.48067,3.49,1,Rural / Other Region,,0
TXN-2026-101199,CT-2026-1299,2026-09-12 10:12:00,22983.42,Loan App Scam,1,7.3,1,59,0,21.17982,72.85989,0.74,5,Surat - Ring Road,,0
TXN-2026-101200,CT-2026-1000,2026-08-09 03:03:00,81485.8,UPI Fraud,2,8.0,1,17,0,23.41364,76.53706,1.68,5,Rural / Other Region,,0
TXN-2026-101201,CT-2026-1001,2026-08-07 16:54:00,60162.04,UPI Fraud,2,327.0,0,1428,1,23.03143,72.59138,1.8,1,Ahmedabad - SG Highway,,0
TXN-2026-101202,CT-2026-1002,2026-09-15 16:05:00,68557.52,UPI Fraud,5,5.0,1,10,0,23.04309,72.5936,0.12,6,Ahmedabad - SG Highway,45.5,1
TXN-2026-101203,CT-2026-1003,2026-09-10 16:07:00,125754.87,Investment Scam,2,4.2,1,7,1,22.28348,73.19053,0.65,4,Vadodara - Alkapuri,19.1,1
TXN-2026-101204,CT-2026-1004,2026-09-18 11:20:00,162835.57,Investment Scam,3,8.1,1,20,0,22.31889,73.16989,2.06,4,Vadodara - Alkapuri,33.5,1
TXN-2026-101205,CT-2026-1005,2026-08-16 11:43:00,34916.8,Loan App Scam,2,6.7,1,9,0,22.31316,70.78411,0.11,3,Rajkot - Kalawad Road,,0
TXN-2026-101206,CT-2026-1006,2026-08-16 07:53:00,404706.53,Investment Scam,3,15.6,1,14,0,28.63226,77.20516,0.74,3,Delhi - Connaught Place,38.8,1
TXN-2026-101207,CT-2026-1007,2026-09-06 13:12:00,65463.6,UPI Fraud,2,6.1,1,28,0,20.88556,77.97217,0.33,4,Rural / Other Region,53.8,1
TXN-2026-101208,CT-2026-1008,2026-08-04 02:06:00,21660.42,UPI Fraud,5,1.7,1,15,0,23.03586,72.59455,0.39,5,Ahmedabad - SG Highway,40.1,1
TXN-2026-101209,CT-2026-1009,2026-08-12 15:13:00,9625.76,UPI Fraud,4,17.8,1,2,1,27.25822,70.86466,0.24,4,Rural / Other Region,23.5,1
TXN-2026-101210,CT-2026-1010,2026-08-27 13:29:00,33147.54,UPI Fraud,3,10.1,1,22,0,22.28568,70.79533,0.45,5,Rajkot - Kalawad Road,32.5,1
TXN-2026-101211,CT-2026-1011,2026-08-20 07:48:00,32175.9,Loan App Scam,2,287.0,0,302,1,27.51885,71.63521,3.28,3,Rural / Other Region,,0
TXN-2026-101212,CT-2026-1012,2026-08-15 10:50:00,33287.91,UPI Fraud,2,70.0,0,1280,1,23.02827,72.58695,4.8,1,Ahmedabad - SG Highway,,0
TXN-2026-101213,CT-2026-1013,2026-09-02 13:44:00,22881.98,UPI Fraud,2,2.1,1,20,0,22.31479,73.15655,0.38,5,Vadodara - Alkapuri,30.6,1
TXN-2026-101214,CT-2026-1014,2026-08-13 11:18:00,47656.14,UPI Fraud,2,6.7,1,10,0,28.63177,77.23952,0.16,2,Delhi - Connaught Place,,0
TXN-2026-101215,CT-2026-1015,2026-09-06 15:48:00,16921.84,UPI Fraud,1,19.1,1,12,0,22.31183,73.16636,0.47,2,Vadodara - Alkapuri,,0
TXN-2026-101216,CT-2026-1016,2026-08-04 16:39:00,611406.46,Investment Scam,1,300.6,0,419,1,21.18775,72.8071,2.53,1,Surat - Ring Road,,0
TXN-2026-101217,CT-2026-1017,2026-08-23 14:39:00,53517.55,Investment Scam,4,16.8,1,35,0,21.15377,72.81304,0.81,6,Surat - Ring Road,68.2,1
TXN-2026-101218,CT-2026-1018,2026-08-31 11:58:00,95348.11,Card Phishing,1,6.5,1,9,0,28.62799,77.21291,0.36,6,Delhi - Connaught Place,21.3,1
TXN-2026-101219,CT-2026-1019,2026-08-30 14:00:00,19285.01,Loan App Scam,2,178.4,0,700,1,28.63463,77.22907,0.9,1,Delhi - Connaught Place,,0
TXN-2026-101220,CT-2026-1020,2026-08-02 21:17:00,33673.09,UPI Fraud,2,7.6,1,48,0,23.04449,72.57319,0.14,7,Ahmedabad - SG Highway,41.3,1
TXN-2026-101221,CT-2026-1021,2026-09-29 16:32:00,11723.38,Card Phishing,3,31.4,1,12,0,22.33168,73.1786,0.74,4,Vadodara - Alkapuri,25.6,1
TXN-2026-101222,CT-2026-1022,2026-08-01 17:22:00,39027.45,Card Phishing,2,14.5,1,17,0,21.1579,72.84014,0.14,4,Surat - Ring Road,55.1,1
TXN-2026-101223,CT-2026-1023,2026-09-07 23:52:00,89713.48,UPI Fraud,2,22.3,1,19,0,20.31158,71.45664,1.0,3,Rural / Other Region,37.6,1
TXN-2026-101224,CT-2026-1024,2026-09-19 13:50:00,293715.62,Investment Scam,1,2.4,1,33,0,28.62657,77.19576,1.19,4,Delhi - Karol Bagh,33.0,1
TXN-2026-101225,CT-2026-1025,2026-08-16 13:53:00,7861.23,Card Phishing,3,47.3,0,795,1,26.97187,74.03665,1.89,1,Rural / Other Region,,0
TXN-2026-101226,CT-2026-1026,2026-09-29 12:55:00,29215.04,Card Phishing,4,2.3,1,2,1,21.17581,72.83769,0.91,5,Surat - Ring Road,42.7,1
TXN-2026-101227,CT-2026-1027,2026-08-07 15:56:00,118613.97,UPI Fraud,3,263.2,0,1148,1,22.31175,70.78051,2.86,1,Rajkot - Kalawad Road,,0
TXN-2026-101228,CT-2026-1028,2026-08-09 12:40:00,15222.25,Card Phishing,1,19.7,1,9,0,22.32621,73.19339,0.11,1,Vadodara - Alkapuri,48.7,1
TXN-2026-101229,CT-2026-1029,2026-09-19 08:05:00,45364.05,UPI Fraud,3,3.3,1,2,0,28.6471,77.19099,0.28,6,Delhi - Karol Bagh,45.6,1
TXN-2026-101230,CT-2026-1030,2026-09-27 07:02:00,15045.51,Identity Theft,1,3.3,1,7,1,21.17119,72.80597,2.08,7,Surat - Ring Road,,0
TXN-2026-101231,CT-2026-1031,2026-08-04 15:47:00,175582.03,Loan App Scam,3,7.2,1,11,1,28.66043,77.17052,0.91,3,Delhi - Karol Bagh,28.4,1
TXN-2026-101232,CT-2026-1032,2026-09-27 16:33:00,20034.04,UPI Fraud,3,12.0,1,3,0,21.1749,72.8125,0.17,7,Surat - Ring Road,37.5,1
TXN-2026-101233,CT-2026-1033,2026-08-04 08:24:00,12945.37,Card Phishing,4,5.4,1,31,1,23.05946,70.34287,0.18,7,Rural / Other Region,33.1,1
TXN-2026-101234,CT-2026-1034,2026-08-12 15:03:00,97765.17,UPI Fraud,3,2.8,1,2,0,21.16415,72.82953,0.33,4,Surat - Ring Road,27.2,1
TXN-2026-101235,CT-2026-1035,2026-09-16 14:11:00,33693.34,UPI Fraud,3,5.6,1,6,1,24.18149,75.44272,0.44,2,Rural / Other Region,25.4,1
TXN-2026-101236,CT-2026-1036,2026-08-23 11:17:00,644665.76,Investment Scam,4,177.1,0,1430,1,28.65432,77.2307,5.62,2,Delhi - Connaught Place,,0
TXN-2026-101237,CT-2026-1037,2026-09-17 11:19:00,37394.99,UPI Fraud,1,150.6,0,770,1,28.62738,77.22931,2.01,2,Delhi - Connaught Place,,0
TXN-2026-101238,CT-2026-1038,2026-09-15 12:44:00,89148.86,UPI Fraud,3,11.8,1,27,0,23.03661,72.58733,0.78,3,Ahmedabad - SG Highway,31.7,1
TXN-2026-101239,CT-2026-1039,2026-09-16 16:20:00,10330.37,UPI Fraud,3,1.6,1,31,0,28.66302,77.168,0.41,4,Delhi - Karol Bagh,10.4,1
TXN-2026-101240,CT-2026-1040,2026-08-26 11:39:00,75438.91,Card Phishing,5,14.0,1,25,0,22.32291,70.82147,0.49,4,Rajkot - Kalawad Road,36.1,1
TXN-2026-101241,CT-2026-1041,2026-08-05 13:27:00,608740.05,Investment Scam,1,167.3,0,571,1,21.16562,72.84189,3.54,1,Surat - Ring Road,,0
TXN-2026-101242,CT-2026-1042,2026-08-19 14:15:00,61119.64,UPI Fraud,4,4.1,1,14,0,28.66284,77.17607,0.27,5,Delhi - Karol Bagh,54.0,1
TXN-2026-101243,CT-2026-1043,2026-08-11 08:53:00,141429.26,Investment Scam,1,2.2,1,10,0,21.16455,72.80376,0.54,8,Surat - Ring Road,24.4,1
TXN-2026-101244,CT-2026-1044,2026-08-26 12:44:00,399597.82,Investment Scam,2,45.4,0,404,1,20.41518,75.93603,0.58,1,Rural / Other Region,,0
TXN-2026-101245,CT-2026-1045,2026-08-06 15:13:00,10240.51,UPI Fraud,4,16.6,1,3,0,28.64971,77.19177,0.21,4,Delhi - Connaught Place,26.4,1
TXN-2026-101246,CT-2026-1046,2026-08-02 23:01:00,15795.13,Card Phishing,3,10.9,1,13,0,21.19165,72.82718,0.48,8,Surat - Ring Road,49.0,1
TXN-2026-101247,CT-2026-1047,2026-08-04 13:12:00,22614.96,UPI Fraud,1,8.2,1,6,0,23.05194,72.55405,0.26,6,Ahmedabad - SG Highway,43.9,1
TXN-2026-101248,CT-2026-1048,2026-08-21 08:35:00,182895.44,Card Phishing,5,36.5,1,4,0,22.29159,70.79816,0.44,4,Rajkot - Kalawad Road,27.2,1
TXN-2026-101249,CT-2026-1049,2026-09-14 09:37:00,12782.51,UPI Fraud,1,92.4,0,569,1,28.62908,77.21983,5.63,1,Delhi - Connaught Place,,0
TXN-2026-101250,CT-2026-1050,2026-09-22 14:22:00,9863.32,Identity Theft,3,39.4,1,17,0,23.97169,77.33612,0.41,4,Rural / Other Region,,0
TXN-2026-101251,CT-2026-1051,2026-08-20 09:34:00,415047.72,Investment Scam,1,12.3,1,8,0,28.65479,77.21704,0.73,8,Delhi - Karol Bagh,39.0,1
TXN-2026-101252,CT-2026-1052,2026-09-14 14:53:00,26844.82,Loan App Scam,1,20.2,1,12,0,22.29683,73.19343,0.51,3,Vadodara - Alkapuri,,0
TXN-2026-101253,CT-2026-1053,2026-08-20 16:21:00,421031.47,Investment Scam,3,51.2,1,1,0,28.65422,77.16781,0.22,8,Delhi - Karol Bagh,38.4,1
TXN-2026-101254,CT-2026-1054,2026-09-19 17:06:00,13896.85,UPI Fraud,5,8.8,1,8,0,22.31447,73.1868,0.9,2,Vadodara - Alkapuri,47.6,1
TXN-2026-101255,CT-2026-1055,2026-09-07 14:02:00,16216.77,Card Phishing,1,6.9,1,10,1,21.57802,77.36902,1.76,6,Rural / Other Region,,0
TXN-2026-101256,CT-2026-1056,2026-08-10 09:03:00,17563.47,UPI Fraud,5,2.6,1,34,0,21.15376,72.83791,0.82,4,Surat - Ring Road,45.8,1
TXN-2026-101257,CT-2026-1057,2026-08-25 10:51:00,539760.4,Investment Scam,3,9.9,1,1,0,22.55267,71.76976,0.73,7,Rural / Other Region,32.7,1
TXN-2026-101258,CT-2026-1058,2026-08-23 06:33:00,412743.59,Investment Scam,4,3.1,1,3,0,22.31879,70.78818,1.98,4,Rajkot - Kalawad Road,56.7,1
TXN-2026-101259,CT-2026-1059,2026-08-07 06:01:00,33173.53,Identity Theft,2,34.6,0,943,1,22.32317,70.81707,5.13,1,Rajkot - Kalawad Road,,0
TXN-2026-101260,CT-2026-1060,2026-08-24 08:36:00,118137.25,UPI Fraud,2,29.9,1,24,1,28.64033,77.19996,0.55,9,Delhi - Karol Bagh,39.1,1
TXN-2026-101261,CT-2026-1061,2026-09-14 12:45:00,33228.97,Identity Theft,2,14.0,1,30,0,22.32524,73.19259,2.23,4,Vadodara - Alkapuri,,0
TXN-2026-101262,CT-2026-1062,2026-09-07 09:48:00,41503.74,UPI Fraud,5,2.4,1,34,0,28.65303,77.23144,0.52,4,Delhi - Connaught Place,50.4,1
TXN-2026-101263,CT-2026-1063,2026-08-17 16:25:00,7949.79,Identity Theft,2,111.3,0,1283,1,21.16832,72.83893,0.69,1,Surat - Ring Road,,0
TXN-2026-101264,CT-2026-1064,2026-09-19 23:25:00,179285.31,Investment Scam,1,11.8,1,19,0,28.62404,77.20732,0.2,4,Delhi - Connaught Place,,0
TXN-2026-101265,CT-2026-1065,2026-08-31 17:02:00,389321.9,Investment Scam,1,2.0,1,5,0,27.66032,71.72894,1.08,2,Rural / Other Region,23.4,1
TXN-2026-101266,CT-2026-1066,2026-09-25 04:43:00,13940.52,UPI Fraud,5,13.5,1,85,0,20.52218,71.26795,1.01,5,Rural / Other Region,46.7,1
TXN-2026-101267,CT-2026-1067,2026-09-18 07:35:00,82236.77,UPI Fraud,3,3.1,1,12,0,28.64986,77.20226,0.51,4,Delhi - Connaught Place,41.5,1
TXN-2026-101268,CT-2026-1068,2026-08-26 13:02:00,399291.69,Investment Scam,3,1.7,1,5,0,22.29102,73.2068,0.7,5,Vadodara - Alkapuri,48.9,1
TXN-2026-101269,CT-2026-1069,2026-09-04 16:30:00,453111.67,Investment Scam,2,6.1,1,17,0,28.65078,77.2348,1.01,2,Delhi - Connaught Place,,0
TXN-2026-101270,CT-2026-1070,2026-09-18 12:50:00,14506.31,Card Phishing,3,3.2,1,7,0,22.31203,73.17941,0.39,4,Vadodara - Alkapuri,47.4,1
TXN-2026-101271,CT-2026-1071,2026-08-15 21:33:00,48911.17,UPI Fraud,1,1.5,1,1,0,23.04731,72.58961,0.82,5,Ahmedabad - SG Highway,30.5,1
TXN-2026-101272,CT-2026-1072,2026-08-31 20:33:00,195631.08,Investment Scam,2,2.2,1,17,1,23.02758,72.59126,1.14,7,Ahmedabad - SG Highway,,0
TXN-2026-101273,CT-2026-1073,2026-08-08 17:44:00,64332.54,UPI Fraud,4,25.7,1,8,0,22.30978,70.81542,0.27,2,Rajkot - Kalawad Road,36.0,1
TXN-2026-101274,CT-2026-1074,2026-08-26 14:17:00,47057.13,UPI Fraud,2,175.7,0,686,1,25.46583,71.84694,8.61,1,Rural / Other Region,,0
TXN-2026-101275,CT-2026-1075,2026-08-15 22:47:00,438040.48,Investment Scam,4,6.6,1,3,0,22.27477,70.796,0.23,3,Rajkot - Kalawad Road,50.9,1
TXN-2026-101276,CT-2026-1076,2026-09-06 12:42:00,7417.6,Loan App Scam,3,2.3,1,2,0,22.33099,73.17329,0.22,5,Vadodara - Alkapuri,22.9,1
TXN-2026-101277,CT-2026-1077,2026-09-16 14:43:00,99525.08,Investment Scam,3,1.8,1,1,1,23.01348,72.577,0.33,4,Ahmedabad - SG Highway,44.4,1
TXN-2026-101278,CT-2026-1078,2026-09-08 01:18:00,16088.65,Loan App Scam,4,11.6,1,47,1,28.67376,77.20159,1.42,3,Delhi - Karol Bagh,,0
TXN-2026-101279,CT-2026-1079,2026-08-31 07:14:00,209124.53,Card Phishing,3,7.6,1,21,0,21.07419,77.26366,0.51,4,Rural / Other Region,48.5,1
TXN-2026-101280,CT-2026-1080,2026-08-24 15:32:00,10781.47,UPI Fraud,2,13.6,1,11,0,28.65805,77.18484,1.99,5,Delhi - Karol Bagh,,0
TXN-2026-101281,CT-2026-1081,2026-09-10 19:16:00,21404.61,UPI Fraud,3,19.3,1,31,1,27.77865,71.47635,0.54,5,Rural / Other Region,,0
TXN-2026-101282,CT-2026-1082,2026-09-15 17:34:00,97219.92,Investment Scam,2,47.4,0,607,1,22.34083,73.18097,2.5,1,Vadodara - Alkapuri,,0
TXN-2026-101283,CT-2026-1083,2026-09-04 13:04:00,15055.13,UPI Fraud,3,5.4,1,2,0,28.64901,77.16796,0.26,5,Delhi - Karol Bagh,55.2,1
TXN-2026-101284,CT-2026-1084,2026-09-25 11:39:00,32187.91,Card Phishing,5,24.5,1,24,0,23.83545,79.89261,0.32,3,Rural / Other Region,25.9,1
TXN-2026-101285,CT-2026-1085,2026-09-01 11:28:00,35729.22,Card Phishing,3,7.7,1,20,0,21.04097,78.55843,0.45,7,Rural / Other Region,37.2,1
TXN-2026-101286,CT-2026-1086,2026-08-25 17:04:00,115880.12,Investment Scam,2,1.8,1,28,0,28.65675,77.18285,0.24,2,Delhi - Karol Bagh,32.9,1
TXN-2026-101287,CT-2026-1087,2026-08-15 09:48:00,8104.15,Loan App Scam,1,1.7,1,27,0,23.02752,72.58493,0.2,2,Ahmedabad - SG Highway,,0
TXN-2026-101288,CT-2026-1088,2026-09-08 09:28:00,63978.97,Loan App Scam,2,14.6,1,5,0,23.71091,73.21771,0.47,5,Rural / Other Region,39.1,1
TXN-2026-101289,CT-2026-1089,2026-09-17 12:11:00,81238.73,UPI Fraud,2,10.7,1,69,0,22.32296,70.78674,1.59,4,Rajkot - Kalawad Road,,0
TXN-2026-101290,CT-2026-1090,2026-09-09 14:19:00,8162.27,Card Phishing,4,8.1,1,6,0,28.6424,77.19466,0.4,9,Delhi - Connaught Place,29.9,1
TXN-2026-101291,CT-2026-1091,2026-09-07 11:14:00,15986.65,UPI Fraud,1,7.2,1,9,0,28.66916,77.17445,1.17,4,Delhi - Karol Bagh,,0
TXN-2026-101292,CT-2026-1092,2026-08-23 16:43:00,403347.52,Investment Scam,4,25.6,1,44,0,22.31463,73.16832,0.42,3,Vadodara - Alkapuri,27.9,1
TXN-2026-101293,CT-2026-1093,2026-08-19 12:39:00,60111.05,UPI Fraud,3,155.6,0,888,1,24.4734,77.47742,1.07,2,Rural / Other Region,,0
TXN-2026-101294,CT-2026-1094,2026-08-20 15:38:00,11616.29,UPI Fraud,3,24.0,1,2,0,28.62595,77.22084,0.99,9,Delhi - Connaught Place,33.0,1
TXN-2026-101295,CT-2026-1095,2026-09-21 21:39:00,8655.97,Identity Theft,1,15.8,1,29,0,23.03185,72.59215,1.13,3,Ahmedabad - SG Highway,,0
TXN-2026-101296,CT-2026-1096,2026-09-08 10:14:00,20476.02,UPI Fraud,2,31.4,0,467,1,21.05639,79.75061,1.84,1,Rural / Other Region,,0
TXN-2026-101297,CT-2026-1097,2026-08-20 01:23:00,11161.47,UPI Fraud,2,81.3,0,723,1,28.62324,77.23414,10.45,2,Delhi - Connaught Place,,0
TXN-2026-101298,CT-2026-1098,2026-08-21 13:17:00,62936.43,UPI Fraud,2,63.1,0,517,1,22.31127,73.16688,2.58,1,Vadodara - Alkapuri,,0
TXN-2026-101299,CT-2026-1099,2026-08-19 10:32:00,15760.22,UPI Fraud,2,27.3,1,56,0,22.30569,73.20721,0.2,7,Vadodara - Alkapuri,50.3,1
TXN-2026-101300,CT-2026-1100,2026-09-26 09:31:00,25355.53,UPI Fraud,2,9.9,1,11,0,28.63121,77.22546,0.71,4,Delhi - Connaught Place,26.9,1
TXN-2026-101301,CT-2026-1101,2026-09-27 11:30:00,74262.87,Investment Scam,2,7.3,1,60,0,22.28074,70.80228,0.53,11,Rajkot - Kalawad Road,47.3,1
TXN-2026-101302,CT-2026-1102,2026-08-05 10:33:00,58513.41,UPI Fraud,2,23.3,1,16,0,21.17824,72.835,0.46,3,Surat - Ring Road,50.5,1
TXN-2026-101303,CT-2026-1103,2026-08-27 12:00:00,9297.77,Card Phishing,2,6.2,1,44,0,21.19012,72.82848,0.45,5,Surat - Ring Road,39.9,1
TXN-2026-101304,CT-2026-1104,2026-09-23 08:04:00,18406.66,UPI Fraud,1,22.9,1,36,1,24.10203,71.5721,0.34,5,Rural / Other Region,,0
TXN-2026-101305,CT-2026-1105,2026-08-13 08:30:00,51696.04,Card Phishing,3,52.0,0,257,1,22.31994,73.16593,1.84,1,Vadodara - Alkapuri,,0
TXN-2026-101306,CT-2026-1106,2026-08-27 21:48:00,17652.35,Card Phishing,2,12.1,1,24,0,23.13576,70.43353,0.33,4,Rural / Other Region,,0
TXN-2026-101307,CT-2026-1107,2026-08-12 22:34:00,12195.07,Loan App Scam,3,115.8,0,1067,1,28.64172,77.21043,8.24,3,Delhi - Connaught Place,,0
TXN-2026-101308,CT-2026-1108,2026-08-27 04:40:00,72755.84,UPI Fraud,2,6.4,1,8,0,23.25872,77.58589,0.32,5,Rural / Other Region,54.3,1
TXN-2026-101309,CT-2026-1109,2026-08-30 13:24:00,9950.61,Loan App Scam,2,4.2,1,31,1,23.03678,72.58857,0.11,1,Ahmedabad - SG Highway,,0
TXN-2026-101310,CT-2026-1110,2026-08-27 08:22:00,1274728.79,Investment Scam,3,59.4,1,13,0,28.62567,77.23684,0.26,8,Delhi - Connaught Place,39.9,1
TXN-2026-101311,CT-2026-1111,2026-09-01 15:15:00,7708.35,UPI Fraud,2,12.1,1,1,0,22.15889,77.62441,1.06,5,Rural / Other Region,43.1,1
TXN-2026-101312,CT-2026-1112,2026-09-25 14:53:00,71696.03,UPI Fraud,4,3.7,1,35,0,28.62972,77.22663,0.2,3,Delhi - Connaught Place,30.6,1
TXN-2026-101313,CT-2026-1113,2026-09-08 12:39:00,6098.35,Loan App Scam,3,20.9,1,21,0,28.6651,77.18927,1.58,4,Delhi - Karol Bagh,47.3,1
TXN-2026-101314,CT-2026-1114,2026-08-12 13:06:00,663119.0,Investment Scam,2,37.3,1,5,1,22.32578,73.15712,3.12,3,Vadodara - Alkapuri,,0
TXN-2026-101315,CT-2026-1115,2026-09-08 15:17:00,14464.77,Identity Theft,5,17.6,1,22,0,28.62238,77.18853,1.48,3,Delhi - Connaught Place,22.0,1
TXN-2026-101316,CT-2026-1116,2026-08-07 06:53:00,53903.47,Identity Theft,5,47.3,1,2,0,23.05125,72.57848,0.14,1,Ahmedabad - SG Highway,,0
TXN-2026-101317,CT-2026-1117,2026-09-01 16:17:00,42904.53,Card Phishing,3,4.2,1,25,0,22.33235,70.8197,0.8,6,Rajkot - Kalawad Road,18.7,1
TXN-2026-101318,CT-2026-1118,2026-09-01 12:12:00,13674.61,Card Phishing,2,2.0,1,23,0,27.29049,70.72958,1.54,3,Rural / Other Region,,0
TXN-2026-101319,CT-2026-1119,2026-09-24 11:18:00,50108.66,UPI Fraud,1,9.1,1,1,0,28.6498,77.16651,0.22,8,Delhi - Karol Bagh,41.8,1
TXN-2026-101320,CT-2026-1120,2026-08-17 03:06:00,13733.58,Card Phishing,2,8.8,1,16,0,25.02106,73.80676,1.11,5,Rural / Other Region,,0
TXN-2026-101321,CT-2026-1121,2026-09-17 11:58:00,31701.87,UPI Fraud,1,4.4,1,45,0,23.01916,72.57741,0.92,4,Ahmedabad - SG Highway,,0
TXN-2026-101322,CT-2026-1122,2026-08-24 13:35:00,17553.26,Loan App Scam,3,83.6,1,8,1,23.02922,72.55174,0.99,1,Ahmedabad - SG Highway,,0
TXN-2026-101323,CT-2026-1123,2026-08-14 08:44:00,18921.16,UPI Fraud,2,232.2,0,765,1,23.03685,72.5852,0.71,1,Ahmedabad - SG Highway,,0
TXN-2026-101324,CT-2026-1124,2026-08-18 13:12:00,652837.45,Investment Scam,1,12.2,1,2,0,28.64011,77.18517,0.89,6,Delhi - Karol Bagh,42.6,1
TXN-2026-101325,CT-2026-1125,2026-08-30 12:36:00,9198.52,UPI Fraud,2,15.5,1,43,0,22.29163,73.19322,0.19,3,Vadodara - Alkapuri,,0
TXN-2026-101326,CT-2026-1126,2026-08-26 00:47:00,89682.44,UPI Fraud,1,11.5,1,21,1,21.17218,72.80083,0.4,7,Surat - Ring Road,,0
TXN-2026-101327,CT-2026-1127,2026-08-12 15:07:00,233711.57,Investment Scam,5,2.8,1,18,0,21.14973,72.81262,0.13,1,Surat - Ring Road,19.7,1
TXN-2026-101328,CT-2026-1128,2026-08-09 13:56:00,31900.62,Identity Theft,2,3.2,1,24,0,24.70061,70.27616,0.17,4,Rural / Other Region,44.3,1
TXN-2026-101329,CT-2026-1129,2026-09-24 07:12:00,196903.98,UPI Fraud,4,4.7,1,20,0,20.49452,73.19911,0.22,1,Rural / Other Region,28.8,1
TXN-2026-101330,CT-2026-1130,2026-09-26 12:32:00,68136.15,UPI Fraud,3,54.5,0,633,1,28.63367,77.20604,0.56,1,Delhi - Connaught Place,,0
TXN-2026-101331,CT-2026-1131,2026-09-07 13:15:00,32469.8,UPI Fraud,2,27.0,1,23,0,27.08056,75.27916,1.07,3,Rural / Other Region,,0
TXN-2026-101332,CT-2026-1132,2026-08-28 13:19:00,111875.27,Investment Scam,1,4.1,1,1,0,22.63397,79.19115,1.19,1,Rural / Other Region,,0
TXN-2026-101333,CT-2026-1133,2026-08-10 10:04:00,14471.56,Identity Theft,5,3.7,1,14,0,21.14777,72.81403,2.82,3,Surat - Ring Road,28.4,1
TXN-2026-101334,CT-2026-1134,2026-08-07 13:26:00,20492.06,UPI Fraud,2,4.8,1,34,0,21.59002,77.569,0.79,3,Rural / Other Region,,0
TXN-2026-101335,CT-2026-1135,2026-08-21 14:49:00,9868.15,Identity Theft,3,5.4,1,8,0,23.00379,72.57152,0.89,4,Ahmedabad - SG Highway,34.8,1
TXN-2026-101336,CT-2026-1136,2026-09-10 13:43:00,28247.43,Loan App Scam,2,74.3,0,1020,1,23.02737,72.58895,1.14,1,Ahmedabad - SG Highway,,0
TXN-2026-101337,CT-2026-1137,2026-08-25 02:35:00,136721.66,Identity Theft,3,23.2,1,8,0,21.16098,72.82856,1.37,3,Surat - Ring Road,21.9,1
TXN-2026-101338,CT-2026-1138,2026-08-02 14:45:00,14449.55,Card Phishing,5,4.7,1,17,0,22.32028,70.82685,0.42,5,Rajkot - Kalawad Road,30.5,1
TXN-2026-101339,CT-2026-1139,2026-08-14 09:00:00,262076.58,Investment Scam,1,6.4,1,6,0,22.30692,70.84024,0.36,10,Rajkot - Kalawad Road,27.7,1
TXN-2026-101340,CT-2026-1140,2026-09-18 16:06:00,227775.16,UPI Fraud,2,11.4,1,2,0,22.36792,70.86374,0.31,4,Rural / Other Region,21.7,1
TXN-2026-101341,CT-2026-1141,2026-09-04 20:06:00,106890.79,Investment Scam,2,6.9,1,16,0,25.54684,72.72593,0.36,7,Rural / Other Region,46.4,1
TXN-2026-101342,CT-2026-1142,2026-09-12 17:44:00,58924.85,Identity Theft,1,6.6,1,51,0,23.0311,72.57813,0.64,6,Ahmedabad - SG Highway,,0
TXN-2026-101343,CT-2026-1143,2026-09-20 07:01:00,52166.36,Investment Scam,2,3.8,1,5,0,28.6379,77.16209,0.14,6,Delhi - Karol Bagh,26.0,1
TXN-2026-101344,CT-2026-1144,2026-09-26 16:34:00,29631.23,UPI Fraud,3,2.3,1,10,0,22.29826,70.78985,0.38,8,Rajkot - Kalawad Road,29.7,1
TXN-2026-101345,CT-2026-1145,2026-08-06 12:19:00,19411.9,UPI Fraud,1,10.2,1,13,0,21.15954,72.83904,0.76,4,Surat - Ring Road,33.4,1
TXN-2026-101346,CT-2026-1146,2026-09-05 15:47:00,291062.66,Investment Scam,3,36.6,1,9,0,28.65191,77.18011,0.33,1,Delhi - Karol Bagh,,0
TXN-2026-101347,CT-2026-1147,2026-09-07 12:10:00,25543.31,UPI Fraud,2,1.9,1,13,0,24.40491,71.77121,0.12,7,Rural / Other Region,52.5,1
TXN-2026-101348,CT-2026-1148,2026-08-11 06:41:00,64508.42,Investment Scam,2,11.8,1,40,0,22.18533,78.20479,0.48,7,Rural / Other Region,26.5,1
TXN-2026-101349,CT-2026-1149,2026-09-18 09:52:00,24042.44,UPI Fraud,1,63.1,0,1449,1,26.45954,76.55651,4.09,1,Rural / Other Region,,0
TXN-2026-101350,CT-2026-1150,2026-09-26 17:38:00,103911.36,UPI Fraud,2,2.5,1,42,1,28.65685,77.18205,1.84,5,Delhi - Karol Bagh,,0
TXN-2026-101351,CT-2026-1151,2026-08-05 13:32:00,96182.96,UPI Fraud,3,194.1,0,672,1,22.32084,70.79613,1.89,1,Rajkot - Kalawad Road,,0
TXN-2026-101352,CT-2026-1152,2026-09-29 12:30:00,101456.57,UPI Fraud,3,9.9,1,35,0,22.31274,70.7946,0.32,4,Rajkot - Kalawad Road,25.7,1
TXN-2026-101353,CT-2026-1153,2026-08-23 12:04:00,51388.73,UPI Fraud,2,20.3,1,4,0,22.31942,70.80448,0.45,2,Rajkot - Kalawad Road,19.5,1
TXN-2026-101354,CT-2026-1154,2026-08-12 14:35:00,57616.44,Loan App Scam,1,11.9,1,51,1,21.17473,72.82765,0.19,6,Surat - Ring Road,,0
TXN-2026-101355,CT-2026-1155,2026-09-12 06:34:00,57075.18,UPI Fraud,3,8.5,1,6,0,27.48306,70.09373,0.28,1,Rural / Other Region,40.2,1
TXN-2026-101356,CT-2026-1156,2026-08-08 12:17:00,48631.12,UPI Fraud,2,40.9,0,433,1,22.31109,73.1853,2.97,1,Vadodara - Alkapuri,,0
TXN-2026-101357,CT-2026-1157,2026-08-03 17:05:00,288486.03,Investment Scam,1,4.4,1,11,0,23.24721,72.12287,1.51,4,Rural / Other Region,19.0,1
TXN-2026-101358,CT-2026-1158,2026-08-20 19:19:00,75907.68,Card Phishing,3,38.9,1,9,0,22.33228,73.20389,0.42,4,Vadodara - Alkapuri,22.8,1
TXN-2026-101359,CT-2026-1159,2026-09-20 14:16:00,73543.38,UPI Fraud,2,11.5,1,43,0,28.65866,77.21785,1.44,4,Delhi - Connaught Place,,0
TXN-2026-101360,CT-2026-1160,2026-09-20 14:25:00,122770.63,UPI Fraud,3,3.1,1,21,0,28.6426,77.20985,0.17,4,Delhi - Karol Bagh,24.0,1
TXN-2026-101361,CT-2026-1161,2026-08-24 10:41:00,33686.76,Card Phishing,3,62.2,0,697,1,23.01633,72.59308,3.21,1,Ahmedabad - SG Highway,,0
TXN-2026-101362,CT-2026-1162,2026-09-23 14:09:00,29990.22,Identity Theft,1,13.8,1,6,1,23.03719,72.57591,1.22,5,Ahmedabad - SG Highway,,0
TXN-2026-101363,CT-2026-1163,2026-09-22 15:54:00,78984.23,UPI Fraud,2,2.4,1,4,0,24.71213,76.79287,0.86,4,Rural / Other Region,53.6,1
TXN-2026-101364,CT-2026-1164,2026-08-11 10:15:00,120185.23,Investment Scam,1,20.2,1,52,0,25.95948,78.67923,0.34,4,Rural / Other Region,44.0,1
TXN-2026-101365,CT-2026-1165,2026-08-31 08:01:00,146369.85,Investment Scam,2,185.9,0,725,1,21.55869,75.32124,1.01,1,Rural / Other Region,,0
TXN-2026-101366,CT-2026-1166,2026-08-23 15:26:00,121762.98,Investment Scam,2,26.5,1,16,0,21.00552,77.04951,0.71,3,Rural / Other Region,45.7,1
TXN-2026-101367,CT-2026-1167,2026-08-05 08:53:00,41844.03,Card Phishing,3,14.0,1,48,0,20.19923,70.83495,0.95,4,Rural / Other Region,,0
TXN-2026-101368,CT-2026-1168,2026-09-27 07:07:00,72468.69,UPI Fraud,1,93.8,0,1497,1,28.63952,77.20717,0.55,1,Delhi - Connaught Place,,0
TXN-2026-101369,CT-2026-1169,2026-09-27 09:04:00,50266.27,UPI Fraud,4,17.2,1,65,0,28.62865,77.22293,1.42,6,Delhi - Connaught Place,,0
TXN-2026-101370,CT-2026-1170,2026-08-25 12:46:00,64942.99,UPI Fraud,3,6.6,1,38,0,28.62843,77.20693,0.43,6,Delhi - Connaught Place,48.5,1
TXN-2026-101371,CT-2026-1171,2026-08-17 08:17:00,7602.84,UPI Fraud,2,33.9,0,1245,1,23.06495,72.57314,0.63,1,Ahmedabad - SG Highway,,0
TXN-2026-101372,CT-2026-1172,2026-08-22 07:26:00,14930.95,UPI Fraud,2,34.7,1,13,0,21.16728,72.8517,0.6,4,Surat - Ring Road,,0
TXN-2026-101373,CT-2026-1173,2026-09-01 09:48:00,20986.7,UPI Fraud,1,26.6,1,55,0,22.31417,73.21184,1.12,6,Vadodara - Alkapuri,,0
TXN-2026-101374,CT-2026-1174,2026-08-22 15:30:00,684769.65,Investment Scam,2,91.0,0,245,1,25.79472,76.8931,0.57,1,Rural / Other Region,,0
TXN-2026-101375,CT-2026-1175,2026-08-06 17:57:00,16972.28,Card Phishing,1,364.8,0,688,1,22.30955,70.79153,1.3,1,Rajkot - Kalawad Road,,0
TXN-2026-101376,CT-2026-1176,2026-08-30 10:54:00,131769.19,Investment Scam,3,14.5,1,19,1,26.81623,78.46888,1.2,8,Rural / Other Region,30.4,1
TXN-2026-101377,CT-2026-1177,2026-09-20 09:21:00,25834.69,UPI Fraud,2,15.4,1,53,0,22.31093,73.17554,0.42,6,Vadodara - Alkapuri,39.8,1
TXN-2026-101378,CT-2026-1178,2026-08-21 16:53:00,7172.91,UPI Fraud,2,10.0,1,29,0,20.96019,74.61234,1.16,4,Rural / Other Region,39.3,1
TXN-2026-101379,CT-2026-1179,2026-09-10 07:17:00,30497.94,UPI Fraud,1,644.1,0,1355,1,21.13944,72.84646,1.85,1,Surat - Ring Road,,0
TXN-2026-101380,CT-2026-1180,2026-08-31 08:43:00,91798.47,Investment Scam,3,12.1,1,1,0,23.01694,72.55848,1.99,4,Ahmedabad - SG Highway,22.3,1
TXN-2026-101381,CT-2026-1181,2026-09-22 07:14:00,50012.98,UPI Fraud,1,2.0,1,43,0,23.0377,72.59807,1.89,3,Ahmedabad - SG Highway,,0
TXN-2026-101382,CT-2026-1182,2026-08-16 17:00:00,88306.94,Card Phishing,2,9.4,1,41,0,22.31639,70.7818,0.45,7,Rajkot - Kalawad Road,33.6,1
TXN-2026-101383,CT-2026-1183,2026-08-15 13:50:00,6353.97,Card Phishing,5,12.9,1,10,0,22.2912,70.80476,0.18,4,Rajkot - Kalawad Road,27.7,1
TXN-2026-101384,CT-2026-1184,2026-08-14 12:26:00,6445.05,Card Phishing,3,5.1,1,8,0,28.66487,77.19063,0.29,6,Delhi - Karol Bagh,11.5,1
TXN-2026-101385,CT-2026-1185,2026-08-14 05:38:00,111789.67,Card Phishing,2,3.0,1,1,0,28.6042,77.23344,0.16,7,Delhi - Connaught Place,30.6,1
TXN-2026-101386,CT-2026-1186,2026-09-22 12:09:00,113816.08,Investment Scam,2,120.4,0,693,1,22.26397,70.78917,0.55,1,Rajkot - Kalawad Road,,0
TXN-2026-101387,CT-2026-1187,2026-08-05 11:30:00,54191.08,UPI Fraud,4,11.1,1,50,1,21.18004,72.81265,0.51,5,Surat - Ring Road,7.7,1
TXN-2026-101388,CT-2026-1188,2026-09-17 08:40:00,233298.58,UPI Fraud,4,11.2,1,4,0,23.01294,72.56524,0.61,7,Ahmedabad - SG Highway,33.7,1
TXN-2026-101389,CT-2026-1189,2026-08-20 11:25:00,12156.44,UPI Fraud,1,358.1,0,463,1,22.30239,70.7932,1.07,2,Rajkot - Kalawad Road,,0
TXN-2026-101390,CT-2026-1190,2026-09-12 09:23:00,273628.87,Investment Scam,3,13.8,1,27,0,23.00859,72.55644,1.08,2,Ahmedabad - SG Highway,,0
TXN-2026-101391,CT-2026-1191,2026-08-30 15:49:00,12352.31,UPI Fraud,2,1.8,1,21,0,28.63263,77.18877,1.04,1,Delhi - Karol Bagh,,0
TXN-2026-101392,CT-2026-1192,2026-08-31 08:47:00,56113.74,UPI Fraud,2,25.1,1,2,0,28.63741,77.20302,0.66,5,Delhi - Karol Bagh,23.6,1
TXN-2026-101393,CT-2026-1193,2026-08-09 16:04:00,10471.25,UPI Fraud,1,15.9,1,6,0,21.15123,72.81337,0.56,6,Surat - Ring Road,33.6,1
TXN-2026-101394,CT-2026-1194,2026-09-23 13:29:00,34207.89,UPI Fraud,3,10.6,1,25,0,22.3195,70.8025,2.15,9,Rajkot - Kalawad Road,,0
TXN-2026-101395,CT-2026-1195,2026-09-01 22:29:00,219215.53,Investment Scam,2,5.8,1,6,0,23.03315,72.58162,0.31,4,Ahmedabad - SG Highway,33.9,1
TXN-2026-101396,CT-2026-1196,2026-08-01 13:33:00,24135.48,Card Phishing,2,2.9,1,70,0,27.32185,79.41316,1.0,7,Rural / Other Region,,0
TXN-2026-101397,CT-2026-1197,2026-09-07 14:20:00,8477.46,UPI Fraud,2,93.9,0,1315,1,23.04433,72.5784,2.87,2,Ahmedabad - SG Highway,,0
TXN-2026-101398,CT-2026-1198,2026-08-04 15:48:00,97473.0,UPI Fraud,1,230.0,0,1007,1,22.29412,70.8268,11.29,2,Rajkot - Kalawad Road,,0
TXN-2026-101399,CT-2026-1199,2026-08-04 16:44:00,888199.03,Investment Scam,1,6.0,1,35,0,28.61507,77.21133,0.14,6,Delhi - Connaught Place,25.7,1
TXN-2026-101400,CT-2026-1200,2026-09-20 12:07:00,20050.83,Card Phishing,3,31.9,1,14,1,28.63457,77.2088,0.37,6,Delhi - Connaught Place,,0
TXN-2026-101401,CT-2026-1201,2026-08-31 11:58:00,18870.61,UPI Fraud,3,14.6,1,22,0,28.66839,77.19827,0.34,4,Delhi - Karol Bagh,33.0,1
TXN-2026-101402,CT-2026-1202,2026-08-08 12:02:00,45835.85,UPI Fraud,3,39.3,0,1323,1,21.16689,72.83783,0.87,1,Surat - Ring Road,,0
TXN-2026-101403,CT-2026-1203,2026-08-29 13:29:00,40916.76,UPI Fraud,1,80.7,0,631,1,26.45666,77.8537,0.86,1,Rural / Other Region,,0
TXN-2026-101404,CT-2026-1204,2026-09-09 13:30:00,31273.55,Loan App Scam,4,7.9,1,7,0,22.29386,70.79386,0.33,1,Rajkot - Kalawad Road,26.0,1
TXN-2026-101405,CT-2026-1205,2026-09-01 09:36:00,432690.57,Investment Scam,4,4.0,1,23,0,28.65888,77.21111,0.17,3,Delhi - Connaught Place,48.9,1
TXN-2026-101406,CT-2026-1206,2026-08-29 17:47:00,48612.71,UPI Fraud,2,104.6,0,1144,1,20.99447,75.0728,6.5,1,Rural / Other Region,,0
TXN-2026-101407,CT-2026-1207,2026-09-21 14:20:00,36553.11,Card Phishing,3,24.4,1,6,0,21.71398,76.6815,1.2,3,Rural / Other Region,26.0,1
TXN-2026-101408,CT-2026-1208,2026-09-03 07:11:00,21961.98,Card Phishing,3,2.6,1,5,0,22.29073,70.79492,0.76,6,Rajkot - Kalawad Road,28.2,1
TXN-2026-101409,CT-2026-1209,2026-08-25 01:25:00,23429.18,Card Phishing,4,48.5,1,25,0,20.87441,73.98878,0.19,5,Rural / Other Region,23.6,1
TXN-2026-101410,CT-2026-1210,2026-09-29 11:58:00,60026.68,UPI Fraud,1,11.2,1,11,0,22.30427,70.80067,2.38,3,Rajkot - Kalawad Road,,0
TXN-2026-101411,CT-2026-1211,2026-08-06 13:05:00,16320.86,UPI Fraud,5,16.8,1,17,0,28.65932,77.19038,0.49,3,Delhi - Karol Bagh,40.0,1
TXN-2026-101412,CT-2026-1212,2026-09-25 11:55:00,44036.64,UPI Fraud,3,3.2,1,8,0,28.65029,77.17929,0.61,6,Delhi - Karol Bagh,23.7,1
TXN-2026-101413,CT-2026-1213,2026-08-03 11:10:00,262062.43,Investment Scam,2,213.8,0,224,1,28.66185,77.22111,3.24,1,Delhi - Connaught Place,,0
TXN-2026-101414,CT-2026-1214,2026-08-04 10:50:00,79628.77,UPI Fraud,2,30.5,1,22,0,22.29955,73.18057,0.25,2,Vadodara - Alkapuri,58.8,1
TXN-2026-101415,CT-2026-1215,2026-09-07 06:27:00,24750.99,UPI Fraud,5,4.8,1,3,0,28.66685,77.20806,0.69,4,Delhi - Karol Bagh,31.9,1
TXN-2026-101416,CT-2026-1216,2026-08-21 06:03:00,81481.3,Investment Scam,2,26.5,1,16,0,22.31987,73.18001,1.83,3,Vadodara - Alkapuri,,0
TXN-2026-101417,CT-2026-1217,2026-09-07 06:57:00,26103.52,Loan App Scam,3,14.5,1,1,0,22.32452,73.17893,0.31,6,Vadodara - Alkapuri,23.5,1
TXN-2026-101418,CT-2026-1218,2026-08-31 03:36:00,102678.78,UPI Fraud,1,19.0,1,57,0,28.64378,77.18469,0.52,8,Delhi - Karol Bagh,,0
TXN-2026-101419,CT-2026-1219,2026-08-29 10:33:00,7812.98,UPI Fraud,3,5.4,1,1,0,21.1831,72.83524,0.7,3,Surat - Ring Road,51.4,1
TXN-2026-101420,CT-2026-1220,2026-08-12 07:02:00,31018.25,Loan App Scam,3,12.4,1,3,0,28.64537,77.20976,1.5,8,Delhi - Connaught Place,19.5,1
TXN-2026-101421,CT-2026-1221,2026-08-06 15:28:00,9757.75,UPI Fraud,4,9.9,1,19,0,21.18633,72.83811,0.23,6,Surat - Ring Road,34.8,1
TXN-2026-101422,CT-2026-1222,2026-09-20 14:55:00,79606.05,Identity Theft,4,2.4,1,1,0,28.64063,77.22329,0.92,3,Delhi - Connaught Place,39.6,1
TXN-2026-101423,CT-2026-1223,2026-08-25 10:36:00,18221.89,UPI Fraud,3,39.6,1,5,0,22.31095,70.79643,0.13,4,Rajkot - Kalawad Road,46.0,1
TXN-2026-101424,CT-2026-1224,2026-08-22 08:37:00,48357.92,UPI Fraud,1,20.6,1,12,0,21.15432,72.80418,0.22,3,Surat - Ring Road,41.8,1
TXN-2026-101425,CT-2026-1225,2026-09-19 10:23:00,842941.55,Investment Scam,3,29.6,1,44,0,25.17018,78.12904,0.68,4,Rural / Other Region,51.0,1
TXN-2026-101426,CT-2026-1226,2026-09-10 09:01:00,43266.78,UPI Fraud,3,6.2,1,2,0,22.30646,73.17425,1.24,5,Vadodara - Alkapuri,27.2,1
TXN-2026-101427,CT-2026-1227,2026-09-08 23:13:00,1469813.9,Investment Scam,5,10.6,1,34,0,23.03467,72.62357,0.78,2,Ahmedabad - SG Highway,7.8,1
TXN-2026-101428,CT-2026-1228,2026-09-02 11:14:00,20933.87,Card Phishing,1,14.5,1,98,0,20.54609,79.30989,0.26,4,Rural / Other Region,30.1,1
TXN-2026-101429,CT-2026-1229,2026-09-24 17:58:00,21610.07,Card Phishing,1,241.0,0,830,1,23.03509,72.57668,1.67,1,Ahmedabad - SG Highway,,0
TXN-2026-101430,CT-2026-1230,2026-09-11 10:47:00,5500.89,UPI Fraud,3,5.6,1,9,1,28.62394,77.17833,0.2,5,Delhi - Karol Bagh,37.1,1
TXN-2026-101431,CT-2026-1231,2026-09-28 09:46:00,72676.51,UPI Fraud,2,31.2,1,28,0,20.34948,79.93122,1.04,7,Rural / Other Region,,0
TXN-2026-101432,CT-2026-1232,2026-08-11 01:09:00,203716.98,Investment Scam,2,4.6,1,14,0,28.64128,77.22013,0.75,5,Delhi - Connaught Place,43.3,1
TXN-2026-101433,CT-2026-1233,2026-08-30 00:05:00,38058.69,Card Phishing,3,8.4,1,15,0,22.28998,70.80434,1.19,4,Rajkot - Kalawad Road,,0
TXN-2026-101434,CT-2026-1234,2026-09-25 17:39:00,54529.95,UPI Fraud,4,170.8,0,911,1,23.04801,72.59387,2.92,2,Ahmedabad - SG Highway,,0
TXN-2026-101435,CT-2026-1235,2026-09-17 06:43:00,48221.81,UPI Fraud,2,20.4,1,1,0,23.0261,72.58425,0.12,6,Ahmedabad - SG Highway,32.8,1
TXN-2026-101436,CT-2026-1236,2026-09-25 12:54:00,444712.63,Investment Scam,2,22.1,1,41,1,25.60522,78.36443,3.05,4,Rural / Other Region,,0
TXN-2026-101437,CT-2026-1237,2026-09-01 17:43:00,51187.49,UPI Fraud,2,508.3,0,560,1,22.28985,70.82767,1.95,1,Rajkot - Kalawad Road,,0
TXN-2026-101438,CT-2026-1238,2026-08-28 20:38:00,38740.56,Card Phishing,3,14.7,1,4,0,23.02569,72.58261,0.62,5,Ahmedabad - SG Highway,24.5,1
TXN-2026-101439,CT-2026-1239,2026-09-15 03:42:00,132789.25,Identity Theft,4,22.9,1,5,0,28.68749,77.16434,0.9,6,Delhi - Karol Bagh,26.5,1
TXN-2026-101440,CT-2026-1240,2026-08-16 04:29:00,44159.15,UPI Fraud,1,9.8,1,19,0,20.52835,70.61847,0.71,3,Rural / Other Region,,0
TXN-2026-101441,CT-2026-1241,2026-08-12 15:27:00,7260.81,Loan App Scam,2,2.5,1,12,0,26.55428,72.52939,1.63,9,Rural / Other Region,,0
TXN-2026-101442,CT-2026-1242,2026-09-15 14:42:00,29432.95,Card Phishing,1,21.2,1,2,0,23.05968,72.58464,0.31,3,Ahmedabad - SG Highway,,0
TXN-2026-101443,CT-2026-1243,2026-09-19 15:29:00,61061.79,UPI Fraud,3,42.8,1,51,0,23.03129,72.58675,1.69,6,Ahmedabad - SG Highway,,0
TXN-2026-101444,CT-2026-1244,2026-09-01 21:46:00,65080.5,Investment Scam,1,14.4,1,34,1,21.1673,72.84681,1.15,7,Surat - Ring Road,,0
TXN-2026-101445,CT-2026-1245,2026-08-14 09:25:00,374171.32,Investment Scam,2,16.0,1,38,0,22.30862,73.18364,0.71,5,Vadodara - Alkapuri,54.4,1
TXN-2026-101446,CT-2026-1246,2026-09-19 09:27:00,129192.9,Investment Scam,2,16.0,1,9,0,23.05173,72.57285,1.19,2,Ahmedabad - SG Highway,,0
TXN-2026-101447,CT-2026-1247,2026-08-26 10:57:00,6285.97,UPI Fraud,2,52.0,1,6,0,28.64851,77.17804,0.54,3,Delhi - Karol Bagh,,0
TXN-2026-101448,CT-2026-1248,2026-09-27 15:11:00,27116.64,Card Phishing,2,5.3,1,14,0,25.13547,70.18507,1.78,2,Rural / Other Region,,0
TXN-2026-101449,CT-2026-1249,2026-08-24 19:44:00,254524.31,Investment Scam,2,148.4,0,258,1,27.35549,71.63167,1.07,1,Rural / Other Region,,0
TXN-2026-101450,CT-2026-1250,2026-08-18 12:00:00,114958.47,Investment Scam,3,8.0,1,26,0,22.29171,70.80244,0.27,7,Rajkot - Kalawad Road,31.1,1
TXN-2026-101451,CT-2026-1251,2026-09-25 09:40:00,82799.5,Investment Scam,2,10.3,1,18,0,26.08877,72.41733,0.53,2,Rural / Other Region,55.0,1
TXN-2026-101452,CT-2026-1252,2026-08-12 04:36:00,35452.32,UPI Fraud,1,6.2,1,21,0,21.15152,72.82876,0.47,5,Surat - Ring Road,,0
TXN-2026-101453,CT-2026-1253,2026-09-17 19:26:00,88759.3,Identity Theft,3,80.5,0,910,1,22.31987,73.19387,4.08,1,Vadodara - Alkapuri,,0
TXN-2026-101454,CT-2026-1254,2026-09-13 14:13:00,49604.55,Loan App Scam,2,16.6,1,23,0,21.18033,72.82932,1.51,3,Surat - Ring Road,,0
TXN-2026-101455,CT-2026-1255,2026-08-21 15:50:00,174952.42,Investment Scam,2,128.9,0,850,1,23.01402,72.59311,7.95,2,Ahmedabad - SG Highway,,0
TXN-2026-101456,CT-2026-1256,2026-08-28 14:26:00,11817.38,Card Phishing,2,12.7,1,2,0,22.28816,70.78566,1.7,4,Rajkot - Kalawad Road,34.5,1
TXN-2026-101457,CT-2026-1257,2026-08-30 20:32:00,5624.22,UPI Fraud,1,6.5,1,21,0,23.02641,72.57552,0.18,6,Ahmedabad - SG Highway,37.5,1
TXN-2026-101458,CT-2026-1258,2026-09-13 11:49:00,304707.67,UPI Fraud,1,123.9,0,641,1,21.17485,72.83198,1.84,1,Surat - Ring Road,,0
TXN-2026-101459,CT-2026-1259,2026-08-20 23:34:00,15584.1,Loan App Scam,3,3.4,1,2,1,21.19588,72.84382,0.75,4,Surat - Ring Road,37.1,1
TXN-2026-101460,CT-2026-1260,2026-09-19 09:38:00,265531.35,Investment Scam,5,8.8,1,29,0,21.18147,72.84317,2.19,1,Surat - Ring Road,23.1,1
TXN-2026-101461,CT-2026-1261,2026-09-11 05:06:00,21487.71,UPI Fraud,1,11.3,1,13,0,26.33981,77.81951,0.31,6,Rural / Other Region,24.5,1
TXN-2026-101462,CT-2026-1262,2026-08-11 10:24:00,72207.99,UPI Fraud,1,15.1,1,11,0,21.86361,73.55565,0.88,6,Rural / Other Region,28.1,1
TXN-2026-101463,CT-2026-1263,2026-08-05 13:14:00,124310.68,Card Phishing,4,10.1,1,28,0,21.56493,79.71759,1.72,3,Rural / Other Region,,0
TXN-2026-101464,CT-2026-1264,2026-09-22 17:03:00,17058.07,UPI Fraud,1,8.4,1,18,0,20.87928,78.43069,0.24,3,Rural / Other Region,,0
TXN-2026-101465,CT-2026-1265,2026-08-11 05:31:00,28185.67,UPI Fraud,4,11.0,1,10,0,26.2393,79.02432,0.36,6,Rural / Other Region,30.7,1
TXN-2026-101466,CT-2026-1266,2026-09-13 08:44:00,54252.59,UPI Fraud,2,106.9,0,516,1,22.30004,70.78904,1.99,1,Rajkot - Kalawad Road,,0
TXN-2026-101467,CT-2026-1267,2026-09-28 10:25:00,12784.74,UPI Fraud,2,10.9,1,15,0,22.32446,70.77664,2.27,6,Rajkot - Kalawad Road,,0
TXN-2026-101468,CT-2026-1268,2026-09-17 14:45:00,37917.38,UPI Fraud,2,2.3,1,7,0,28.63772,77.26318,0.33,5,Delhi - Connaught Place,21.6,1
TXN-2026-101469,CT-2026-1269,2026-09-24 11:56:00,37022.98,UPI Fraud,3,52.5,1,55,0,28.63088,77.21967,0.37,3,Delhi - Connaught Place,,0
TXN-2026-101470,CT-2026-1270,2026-09-20 16:41:00,21903.71,UPI Fraud,4,9.7,1,7,0,23.03196,72.61118,0.56,4,Ahmedabad - SG Highway,42.8,1
TXN-2026-101471,CT-2026-1271,2026-09-28 14:21:00,48438.59,UPI Fraud,1,27.4,1,5,0,21.16454,72.83079,0.29,3,Surat - Ring Road,23.9,1
TXN-2026-101472,CT-2026-1272,2026-09-19 09:55:00,633129.63,Investment Scam,2,63.4,0,1328,1,22.32564,73.19608,1.98,1,Vadodara - Alkapuri,,0
TXN-2026-101473,CT-2026-1273,2026-08-30 09:39:00,90675.2,Card Phishing,3,5.6,1,37,0,28.64483,77.2253,2.72,5,Delhi - Connaught Place,,0
TXN-2026-101474,CT-2026-1274,2026-09-06 08:55:00,23614.84,UPI Fraud,2,4.5,1,10,1,28.64632,77.19798,0.79,4,Delhi - Connaught Place,,0
TXN-2026-101475,CT-2026-1275,2026-08-11 13:24:00,24161.77,UPI Fraud,3,3.7,1,1,1,28.62551,77.17511,0.75,3,Delhi - Karol Bagh,20.0,1
TXN-2026-101476,CT-2026-1276,2026-08-19 12:12:00,11619.54,UPI Fraud,1,11.1,1,22,0,28.62647,77.22182,1.93,3,Delhi - Connaught Place,,0
TXN-2026-101477,CT-2026-1277,2026-08-07 16:36:00,254303.62,Card Phishing,4,13.3,1,26,0,27.99758,73.22404,0.83,5,Rural / Other Region,16.4,1
TXN-2026-101478,CT-2026-1278,2026-09-20 11:17:00,82966.95,UPI Fraud,2,2.3,1,21,0,28.63483,77.20236,0.75,3,Delhi - Karol Bagh,26.1,1
TXN-2026-101479,CT-2026-1279,2026-08-29 17:17:00,525837.8,Investment Scam,1,49.4,0,898,1,21.1609,72.82825,4.36,1,Surat - Ring Road,,0
TXN-2026-101480,CT-2026-1280,2026-09-02 10:45:00,183246.82,Investment Scam,1,17.5,1,8,0,20.42923,70.83524,0.83,8,Rural / Other Region,,0
TXN-2026-101481,CT-2026-1281,2026-09-27 11:08:00,121549.77,Investment Scam,4,27.4,1,2,0,22.29898,70.79418,0.13,5,Rajkot - Kalawad Road,53.8,1
TXN-2026-101482,CT-2026-1282,2026-08-21 06:47:00,47959.73,UPI Fraud,5,22.7,1,7,0,22.32212,73.18657,0.42,7,Vadodara - Alkapuri,35.2,1
TXN-2026-101483,CT-2026-1283,2026-08-04 03:29:00,16285.86,Loan App Scam,2,359.3,0,568,1,23.03779,72.61426,1.22,1,Ahmedabad - SG Highway,,0
TXN-2026-101484,CT-2026-1284,2026-08-22 04:24:00,14776.74,Identity Theft,2,29.6,1,11,0,28.64916,77.23484,0.15,5,Delhi - Connaught Place,,0
TXN-2026-101485,CT-2026-1285,2026-08-02 05:45:00,29598.4,UPI Fraud,1,26.6,1,10,0,22.30479,70.82657,0.61,5,Rajkot - Kalawad Road,33.5,1
TXN-2026-101486,CT-2026-1286,2026-09-21 22:03:00,18609.69,UPI Fraud,2,23.1,1,29,0,23.03815,72.5849,0.52,9,Ahmedabad - SG Highway,20.5,1
TXN-2026-101487,CT-2026-1287,2026-09-02 08:56:00,33849.8,UPI Fraud,3,9.0,1,31,0,22.32282,70.83879,0.62,7,Rajkot - Kalawad Road,29.5,1
TXN-2026-101488,CT-2026-1288,2026-09-09 11:31:00,38395.38,Card Phishing,1,62.3,1,4,0,20.26366,75.61962,0.37,6,Rural / Other Region,23.1,1
TXN-2026-101489,CT-2026-1289,2026-08-06 07:30:00,26004.12,Loan App Scam,3,4.1,1,69,0,28.6513,77.19519,0.79,2,Delhi - Karol Bagh,,0
TXN-2026-101490,CT-2026-1290,2026-09-12 10:05:00,29279.02,Card Phishing,3,12.1,1,54,0,28.6504,77.22056,1.31,9,Delhi - Connaught Place,,0
TXN-2026-101491,CT-2026-1291,2026-09-26 13:05:00,90823.61,Investment Scam,4,3.2,1,3,0,23.04127,72.59747,1.91,3,Ahmedabad - SG Highway,27.6,1
TXN-2026-101492,CT-2026-1292,2026-09-25 01:11:00,51605.93,UPI Fraud,2,29.2,1,35,0,22.31752,73.16488,1.89,6,Vadodara - Alkapuri,,0
TXN-2026-101493,CT-2026-1293,2026-08-07 15:52:00,146494.81,Identity Theft,1,12.8,1,3,0,22.29773,70.80642,1.17,3,Rajkot - Kalawad Road,56.0,1
TXN-2026-101494,CT-2026-1294,2026-08-23 00:24:00,94196.47,Identity Theft,1,41.7,1,1,1,28.63022,77.2277,0.39,4,Delhi - Connaught Place,,0
TXN-2026-101495,CT-2026-1295,2026-08-12 10:24:00,95629.01,Identity Theft,1,11.4,1,25,0,28.60217,77.21494,0.42,5,Delhi - Connaught Place,40.3,1
TXN-2026-101496,CT-2026-1296,2026-09-04 11:56:00,21355.59,UPI Fraud,2,22.2,1,3,0,22.31293,70.79118,0.19,6,Rajkot - Kalawad Road,44.8,1
TXN-2026-101497,CT-2026-1297,2026-08-25 10:51:00,557539.12,Investment Scam,1,32.7,1,4,0,26.63856,79.74152,0.21,6,Rural / Other Region,43.8,1
TXN-2026-101498,CT-2026-1298,2026-09-09 12:43:00,12537.04,Loan App Scam,3,17.4,1,1,0,27.58389,72.72551,1.03,5,Rural / Other Region,23.3,1
TXN-2026-101499,CT-2026-1299,2026-08-11 16:51:00,7307.9,Identity Theft,3,181.9,0,387,1,23.03643,72.56556,2.4,1,Ahmedabad - SG Highway,,0
TXN-2026-101500,CT-2026-1000,2026-09-13 08:15:00,21363.75,UPI Fraud,2,13.4,1,4,1,28.63891,77.16433,0.33,7,Delhi - Karol Bagh,,0
TXN-2026-101501,CT-2026-1001,2026-08-17 14:04:00,73797.88,Card Phishing,2,3.7,1,14,0,23.05352,72.57191,0.29,8,Ahmedabad - SG Highway,22.5,1
TXN-2026-101502,CT-2026-1002,2026-09-23 11:04:00,8255.17,Loan App Scam,2,1.5,1,6,0,28.6301,77.21094,0.62,4,Delhi - Connaught Place,42.7,1
TXN-2026-101503,CT-2026-1003,2026-08-11 12:25:00,5910.19,UPI Fraud,3,41.5,1,14,0,28.63212,77.22263,1.45,3,Delhi - Connaught Place,,0
TXN-2026-101504,CT-2026-1004,2026-09-26 11:24:00,138455.86,Investment Scam,1,55.2,0,1102,1,27.48956,75.65474,2.61,1,Rural / Other Region,,0
TXN-2026-101505,CT-2026-1005,2026-09-09 15:11:00,8555.05,Loan App Scam,1,18.7,1,12,0,22.31251,70.79437,2.2,1,Rajkot - Kalawad Road,,0
TXN-2026-101506,CT-2026-1006,2026-09-03 12:07:00,82142.63,UPI Fraud,5,17.8,1,36,0,28.63876,77.20113,0.37,4,Delhi - Karol Bagh,47.3,1
TXN-2026-101507,CT-2026-1007,2026-09-26 14:00:00,341911.05,Investment Scam,2,6.4,1,27,0,22.2767,70.8002,0.26,6,Rajkot - Kalawad Road,34.1,1
TXN-2026-101508,CT-2026-1008,2026-08-18 10:36:00,57507.65,Card Phishing,2,19.1,1,8,0,27.05818,79.80934,0.71,4,Rural / Other Region,35.7,1
TXN-2026-101509,CT-2026-1009,2026-08-28 23:00:00,42272.45,Loan App Scam,2,2.2,1,56,1,28.66146,77.20062,0.27,3,Delhi - Karol Bagh,,0
TXN-2026-101510,CT-2026-1010,2026-09-29 10:30:00,470191.62,Investment Scam,2,9.9,1,6,0,21.16098,72.84748,1.53,2,Surat - Ring Road,30.9,1
TXN-2026-101511,CT-2026-1011,2026-08-16 11:12:00,60750.22,Loan App Scam,2,115.9,0,1289,1,28.61652,77.2444,3.35,1,Delhi - Connaught Place,,0
TXN-2026-101512,CT-2026-1012,2026-08-17 01:19:00,10488.45,Loan App Scam,2,47.2,0,630,1,21.19308,72.83859,2.88,1,Surat - Ring Road,,0
TXN-2026-101513,CT-2026-1013,2026-08-08 12:09:00,8357.22,UPI Fraud,4,15.9,1,34,1,22.30898,73.15354,0.39,9,Vadodara - Alkapuri,19.0,1
TXN-2026-101514,CT-2026-1014,2026-08-25 12:06:00,173228.62,Investment Scam,2,106.3,0,717,1,22.3059,70.77631,5.19,1,Rajkot - Kalawad Road,,0
TXN-2026-101515,CT-2026-1015,2026-08-26 09:21:00,10206.85,UPI Fraud,3,25.2,1,11,0,23.02399,72.54071,0.25,2,Ahmedabad - SG Highway,23.0,1
TXN-2026-101516,CT-2026-1016,2026-08-02 09:46:00,58458.2,Identity Theft,2,195.8,0,548,1,22.29742,70.80303,4.97,1,Rajkot - Kalawad Road,,0
TXN-2026-101517,CT-2026-1017,2026-09-10 06:39:00,11098.09,UPI Fraud,1,8.7,1,42,0,22.28486,70.79643,1.03,2,Rajkot - Kalawad Road,,0
TXN-2026-101518,CT-2026-1018,2026-08-01 10:12:00,38801.98,UPI Fraud,2,137.9,0,915,1,20.35964,76.16418,1.51,1,Rural / Other Region,,0
TXN-2026-101519,CT-2026-1019,2026-08-12 09:49:00,47599.01,Loan App Scam,2,12.4,1,2,0,22.29888,73.14672,0.41,2,Vadodara - Alkapuri,46.1,1
TXN-2026-101520,CT-2026-1020,2026-09-06 12:31:00,69492.76,UPI Fraud,2,28.0,1,11,0,21.78245,70.59324,0.16,5,Rural / Other Region,32.5,1
TXN-2026-101521,CT-2026-1021,2026-09-12 14:19:00,49508.75,UPI Fraud,1,8.0,1,62,0,22.30593,73.15848,0.41,4,Vadodara - Alkapuri,,0
TXN-2026-101522,CT-2026-1022,2026-09-16 08:10:00,81629.46,Card Phishing,1,81.3,0,365,1,22.32659,70.82484,3.04,1,Rajkot - Kalawad Road,,0
TXN-2026-101523,CT-2026-1023,2026-08-22 08:19:00,372253.67,Investment Scam,2,59.0,0,474,1,24.89712,76.04716,0.65,1,Rural / Other Region,,0
TXN-2026-101524,CT-2026-1024,2026-08-17 01:54:00,61466.22,UPI Fraud,1,10.3,1,93,0,25.46655,70.07569,1.08,5,Rural / Other Region,,0
TXN-2026-101525,CT-2026-1025,2026-09-01 10:44:00,248597.6,Investment Scam,3,3.8,1,3,0,28.6457,77.19846,0.77,3,Delhi - Connaught Place,34.5,1
TXN-2026-101526,CT-2026-1026,2026-08-11 09:09:00,42089.14,UPI Fraud,1,29.7,1,1,0,21.69218,78.36298,0.21,4,Rural / Other Region,17.0,1
TXN-2026-101527,CT-2026-1027,2026-08-30 13:07:00,536852.74,Investment Scam,3,17.7,1,2,0,22.29161,70.81981,0.2,4,Rajkot - Kalawad Road,25.9,1
TXN-2026-101528,CT-2026-1028,2026-08-29 21:19:00,124002.51,Identity Theft,3,10.0,1,5,0,24.95979,75.97252,0.25,3,Rural / Other Region,25.7,1
TXN-2026-101529,CT-2026-1029,2026-09-11 12:46:00,595587.41,Investment Scam,3,4.4,1,2,0,20.51979,76.83761,0.12,4,Rural / Other Region,35.5,1
TXN-2026-101530,CT-2026-1030,2026-09-05 13:09:00,11224.48,Loan App Scam,5,7.8,1,29,0,24.35303,74.16791,0.74,8,Rural / Other Region,37.5,1
TXN-2026-101531,CT-2026-1031,2026-09-04 09:13:00,21362.94,Identity Theft,1,31.2,1,10,0,28.63489,77.21966,0.26,4,Delhi - Connaught Place,,0
TXN-2026-101532,CT-2026-1032,2026-08-15 16:27:00,7108.15,UPI Fraud,3,21.8,1,11,0,28.65833,77.19918,0.78,2,Delhi - Karol Bagh,47.1,1
TXN-2026-101533,CT-2026-1033,2026-09-16 17:31:00,8072.36,UPI Fraud,4,206.9,0,217,1,23.01978,72.58723,2.41,1,Ahmedabad - SG Highway,,0
TXN-2026-101534,CT-2026-1034,2026-08-28 15:05:00,157516.21,Investment Scam,3,6.8,1,15,0,21.19804,72.83671,0.75,3,Surat - Ring Road,,0
TXN-2026-101535,CT-2026-1035,2026-09-08 06:27:00,399085.49,Investment Scam,3,19.6,1,9,0,28.64694,77.20345,0.96,4,Delhi - Karol Bagh,52.2,1
TXN-2026-101536,CT-2026-1036,2026-08-13 14:32:00,1153863.08,Investment Scam,1,42.5,0,1080,1,25.73231,75.46871,1.08,1,Rural / Other Region,,0
TXN-2026-101537,CT-2026-1037,2026-08-25 06:38:00,159440.55,UPI Fraud,5,16.2,1,12,0,28.66318,77.19411,0.33,3,Delhi - Karol Bagh,43.6,1
TXN-2026-101538,CT-2026-1038,2026-08-06 20:12:00,35643.86,UPI Fraud,1,7.2,1,16,0,21.17701,72.82883,0.2,6,Surat - Ring Road,34.5,1
TXN-2026-101539,CT-2026-1039,2026-09-02 04:56:00,14085.43,Card Phishing,3,4.3,1,48,0,22.34622,70.78811,0.41,3,Rajkot - Kalawad Road,,0
TXN-2026-101540,CT-2026-1040,2026-09-05 13:09:00,11405.81,UPI Fraud,4,5.2,1,13,0,22.42283,71.30624,0.64,7,Rural / Other Region,30.8,1
TXN-2026-101541,CT-2026-1041,2026-09-12 11:11:00,307981.01,Investment Scam,3,14.6,1,8,0,21.17702,72.82763,0.27,4,Surat - Ring Road,,0
TXN-2026-101542,CT-2026-1042,2026-09-25 12:42:00,55122.95,UPI Fraud,2,13.7,1,36,0,22.30361,70.78599,0.16,5,Rajkot - Kalawad Road,26.2,1
TXN-2026-101543,CT-2026-1043,2026-08-28 14:23:00,7793.17,Card Phishing,3,8.1,1,10,0,21.63019,72.18217,1.66,5,Rural / Other Region,51.1,1
TXN-2026-101544,CT-2026-1044,2026-08-05 08:41:00,48307.22,UPI Fraud,1,52.3,1,26,0,23.0178,72.59527,0.4,4,Ahmedabad - SG Highway,,0
TXN-2026-101545,CT-2026-1045,2026-08-12 17:24:00,522294.93,Investment Scam,3,80.8,0,677,1,23.06367,72.5963,4.94,1,Ahmedabad - SG Highway,,0
TXN-2026-101546,CT-2026-1046,2026-09-15 06:09:00,9116.55,UPI Fraud,2,5.0,1,1,0,28.63497,77.19063,0.49,6,Delhi - Karol Bagh,40.2,1
TXN-2026-101547,CT-2026-1047,2026-09-24 00:07:00,100837.01,UPI Fraud,4,8.6,1,48,0,22.32644,73.20081,2.16,7,Vadodara - Alkapuri,,0
TXN-2026-101548,CT-2026-1048,2026-09-11 00:05:00,34400.13,UPI Fraud,2,6.4,1,4,0,21.16333,72.81339,0.89,6,Surat - Ring Road,23.7,1
TXN-2026-101549,CT-2026-1049,2026-09-29 06:38:00,121669.66,Card Phishing,1,10.3,1,4,0,21.49614,74.18121,1.82,8,Rural / Other Region,22.9,1
TXN-2026-101550,CT-2026-1050,2026-08-22 16:03:00,186735.0,Investment Scam,3,6.4,1,5,0,28.63022,77.23301,1.82,8,Delhi - Connaught Place,12.7,1
TXN-2026-101551,CT-2026-1051,2026-09-21 13:07:00,122515.66,Investment Scam,3,3.1,1,39,0,20.06597,79.45594,0.32,3,Rural / Other Region,19.3,1
TXN-2026-101552,CT-2026-1052,2026-09-05 11:09:00,5236.48,Loan App Scam,2,3.6,1,11,0,28.65102,77.18688,0.46,1,Delhi - Karol Bagh,,0
TXN-2026-101553,CT-2026-1053,2026-08-12 12:56:00,10555.46,Card Phishing,2,16.4,1,6,0,21.17184,72.86238,0.37,4,Surat - Ring Road,47.0,1
TXN-2026-101554,CT-2026-1054,2026-09-27 10:20:00,29584.15,Card Phishing,3,6.1,1,35,0,21.16857,72.85048,0.83,11,Surat - Ring Road,,0
TXN-2026-101555,CT-2026-1055,2026-08-20 09:30:00,30367.64,Card Phishing,3,133.7,0,1197,1,22.30282,70.81588,7.3,2,Rajkot - Kalawad Road,,0
TXN-2026-101556,CT-2026-1056,2026-08-02 21:27:00,20753.65,Card Phishing,2,56.2,0,737,1,21.18141,72.83754,3.96,1,Surat - Ring Road,,0
TXN-2026-101557,CT-2026-1057,2026-09-24 11:36:00,55503.1,UPI Fraud,1,33.7,1,13,0,28.67799,77.19443,0.26,5,Delhi - Karol Bagh,,0
TXN-2026-101558,CT-2026-1058,2026-08-31 20:29:00,142131.63,UPI Fraud,3,4.3,1,24,0,28.64201,77.19872,0.23,4,Delhi - Karol Bagh,41.3,1
TXN-2026-101559,CT-2026-1059,2026-09-14 09:08:00,115147.86,UPI Fraud,1,23.8,1,22,0,22.29562,73.16092,0.58,5,Vadodara - Alkapuri,53.5,1
TXN-2026-101560,CT-2026-1060,2026-09-04 23:46:00,1957312.62,Investment Scam,4,26.6,1,35,0,21.1701,72.83095,0.44,4,Surat - Ring Road,20.8,1
TXN-2026-101561,CT-2026-1061,2026-09-15 06:56:00,502734.61,Investment Scam,4,30.8,1,26,0,23.08898,72.57541,0.28,4,Rural / Other Region,34.1,1
TXN-2026-101562,CT-2026-1062,2026-08-08 13:05:00,7064.5,UPI Fraud,3,52.1,0,891,1,23.04866,72.60589,2.0,1,Ahmedabad - SG Highway,,0
TXN-2026-101563,CT-2026-1063,2026-09-16 08:04:00,9312.2,UPI Fraud,2,185.0,0,854,1,28.66661,77.19528,1.17,1,Delhi - Connaught Place,,0
TXN-2026-101564,CT-2026-1064,2026-09-05 12:47:00,363219.22,Investment Scam,1,23.4,1,13,0,20.87718,75.48484,0.15,5,Rural / Other Region,48.3,1
TXN-2026-101565,CT-2026-1065,2026-09-05 12:00:00,39301.7,UPI Fraud,2,62.8,0,924,1,28.6623,77.1869,0.83,2,Delhi - Karol Bagh,,0
TXN-2026-101566,CT-2026-1066,2026-08-25 08:27:00,9588.55,UPI Fraud,2,3.2,1,4,0,28.62666,77.19688,0.41,10,Delhi - Connaught Place,54.9,1
TXN-2026-101567,CT-2026-1067,2026-08-17 17:10:00,103469.8,Identity Theft,2,42.4,0,627,1,21.71269,76.49069,0.99,1,Rural / Other Region,,0
TXN-2026-101568,CT-2026-1068,2026-08-07 09:44:00,15647.99,UPI Fraud,2,7.4,1,4,0,22.34884,76.33092,0.87,8,Rural / Other Region,41.7,1
TXN-2026-101569,CT-2026-1069,2026-09-25 16:24:00,11782.44,UPI Fraud,2,6.4,1,5,0,23.0208,72.56356,1.04,5,Ahmedabad - SG Highway,42.6,1
TXN-2026-101570,CT-2026-1070,2026-09-22 07:34:00,19649.58,Loan App Scam,3,16.7,1,7,0,20.78806,76.52435,0.22,3,Rural / Other Region,30.7,1
TXN-2026-101571,CT-2026-1071,2026-09-15 14:17:00,69755.84,UPI Fraud,3,7.1,1,1,0,24.09528,71.39798,0.83,5,Rural / Other Region,53.8,1
TXN-2026-101572,CT-2026-1072,2026-09-29 16:20:00,21882.75,UPI Fraud,2,11.3,1,16,1,22.2939,70.81563,0.57,1,Rajkot - Kalawad Road,,0
TXN-2026-101573,CT-2026-1073,2026-09-18 07:40:00,134451.9,Card Phishing,1,9.5,1,12,1,23.0526,72.60207,0.14,3,Ahmedabad - SG Highway,,0
TXN-2026-101574,CT-2026-1074,2026-09-29 07:47:00,6963.49,UPI Fraud,2,4.3,1,6,1,21.18705,72.83039,0.55,11,Surat - Ring Road,41.4,1
TXN-2026-101575,CT-2026-1075,2026-08-20 10:24:00,13995.98,UPI Fraud,1,5.1,1,35,0,23.04806,72.577,1.23,6,Ahmedabad - SG Highway,30.9,1
TXN-2026-101576,CT-2026-1076,2026-09-16 15:03:00,195551.15,UPI Fraud,1,14.4,1,49,0,28.66656,77.19299,0.32,4,Delhi - Karol Bagh,,0
TXN-2026-101577,CT-2026-1077,2026-09-10 11:39:00,95055.13,Card Phishing,1,167.6,0,928,1,28.64867,77.25805,5.41,1,Delhi - Connaught Place,,0
TXN-2026-101578,CT-2026-1078,2026-08-28 14:46:00,66508.01,Investment Scam,2,10.1,1,2,0,28.62145,77.22273,0.35,5,Delhi - Connaught Place,24.0,1
TXN-2026-101579,CT-2026-1079,2026-08-27 12:50:00,751310.42,Investment Scam,1,5.5,1,19,0,27.98677,75.49617,0.19,1,Rural / Other Region,21.5,1
TXN-2026-101580,CT-2026-1080,2026-09-08 14:27:00,22977.05,UPI Fraud,2,5.6,1,56,0,28.6154,77.20934,0.18,4,Delhi - Karol Bagh,,0
TXN-2026-101581,CT-2026-1081,2026-09-10 12:36:00,123465.41,Investment Scam,2,12.8,1,2,0,23.27646,75.14085,0.18,6,Rural / Other Region,34.3,1
TXN-2026-101582,CT-2026-1082,2026-08-12 12:17:00,110860.7,Card Phishing,1,3.9,1,19,0,28.62074,77.2127,0.27,7,Delhi - Connaught Place,35.4,1
TXN-2026-101583,CT-2026-1083,2026-08-30 15:02:00,24154.3,UPI Fraud,2,148.4,0,651,1,22.29367,73.1804,5.98,1,Vadodara - Alkapuri,,0
TXN-2026-101584,CT-2026-1084,2026-09-07 10:56:00,10759.53,UPI Fraud,4,13.4,1,10,0,24.69034,78.48873,0.21,4,Rural / Other Region,13.3,1
TXN-2026-101585,CT-2026-1085,2026-08-16 16:13:00,247831.38,UPI Fraud,5,38.7,1,11,0,28.65557,77.17645,1.43,2,Delhi - Karol Bagh,49.9,1
TXN-2026-101586,CT-2026-1086,2026-08-24 17:02:00,1560969.63,Investment Scam,1,10.2,1,14,0,22.29438,70.79103,0.28,2,Rajkot - Kalawad Road,59.2,1
TXN-2026-101587,CT-2026-1087,2026-09-12 14:16:00,26145.17,UPI Fraud,2,4.9,1,15,1,28.62289,77.22381,1.01,3,Delhi - Connaught Place,,0
TXN-2026-101588,CT-2026-1088,2026-09-25 07:33:00,30263.28,UPI Fraud,1,5.9,1,22,0,21.15941,72.84254,0.75,7,Surat - Ring Road,48.8,1
TXN-2026-101589,CT-2026-1089,2026-09-13 15:58:00,37502.22,Loan App Scam,4,3.1,1,3,0,20.80092,74.93865,0.2,4,Rural / Other Region,19.2,1
TXN-2026-101590,CT-2026-1090,2026-08-12 10:29:00,192953.21,Investment Scam,3,1.9,1,2,0,24.16371,73.10768,0.51,3,Rural / Other Region,39.4,1
TXN-2026-101591,CT-2026-1091,2026-08-12 13:30:00,252100.16,Investment Scam,2,19.1,1,23,1,22.3127,70.78422,0.18,5,Rajkot - Kalawad Road,54.8,1
TXN-2026-101592,CT-2026-1092,2026-09-29 10:08:00,20935.38,Identity Theft,2,10.7,1,24,1,22.33317,70.79584,1.1,3,Rajkot - Kalawad Road,,0
TXN-2026-101593,CT-2026-1093,2026-09-10 08:36:00,59275.0,UPI Fraud,2,4.9,1,9,0,23.0259,72.59877,0.74,4,Ahmedabad - SG Highway,36.8,1
TXN-2026-101594,CT-2026-1094,2026-08-05 12:01:00,72783.98,Card Phishing,1,237.3,0,296,1,20.59522,74.90371,1.69,1,Rural / Other Region,,0
TXN-2026-101595,CT-2026-1095,2026-08-31 07:29:00,54326.59,Investment Scam,5,10.4,1,13,0,28.62104,77.24834,0.77,4,Delhi - Connaught Place,53.7,1
TXN-2026-101596,CT-2026-1096,2026-08-25 03:02:00,412314.01,Investment Scam,3,4.1,1,21,0,21.14099,72.84442,0.7,3,Surat - Ring Road,14.1,1
TXN-2026-101597,CT-2026-1097,2026-08-23 10:39:00,92005.42,UPI Fraud,3,2.8,1,9,0,22.31068,73.17507,0.73,6,Vadodara - Alkapuri,42.4,1
TXN-2026-101598,CT-2026-1098,2026-08-15 16:07:00,980859.52,Investment Scam,2,3.3,1,9,0,28.61977,77.23388,0.96,7,Delhi - Connaught Place,21.4,1
TXN-2026-101599,CT-2026-1099,2026-09-24 08:41:00,21020.02,Card Phishing,3,2.3,1,25,0,21.14532,72.85313,0.13,10,Surat - Ring Road,38.0,1
TXN-2026-101600,CT-2026-1100,2026-09-25 10:54:00,8257.45,UPI Fraud,3,15.4,1,21,0,22.48113,78.30415,1.64,6,Rural / Other Region,24.7,1
TXN-2026-101601,CT-2026-1101,2026-09-28 12:06:00,16565.65,UPI Fraud,1,172.5,0,550,1,28.62877,77.19728,1.76,1,Delhi - Karol Bagh,,0
TXN-2026-101602,CT-2026-1102,2026-09-26 12:05:00,29317.75,UPI Fraud,3,2.2,1,1,0,22.30337,73.16144,0.21,6,Vadodara - Alkapuri,37.2,1
TXN-2026-101603,CT-2026-1103,2026-09-25 14:45:00,295688.5,Investment Scam,3,222.3,0,311,1,21.15546,72.81002,1.52,1,Surat - Ring Road,,0
TXN-2026-101604,CT-2026-1104,2026-08-08 11:00:00,61591.02,UPI Fraud,2,4.1,1,16,1,28.6147,77.22207,0.21,5,Delhi - Connaught Place,,0
TXN-2026-101605,CT-2026-1105,2026-08-02 13:56:00,63618.5,UPI Fraud,2,4.0,1,7,0,21.34735,77.7299,1.92,4,Rural / Other Region,15.3,1
TXN-2026-101606,CT-2026-1106,2026-09-26 12:19:00,74421.53,UPI Fraud,3,2.9,1,27,0,21.16513,72.82926,0.52,3,Surat - Ring Road,38.9,1
TXN-2026-101607,CT-2026-1107,2026-08-17 08:04:00,417576.18,Investment Scam,2,10.9,1,50,0,22.31976,70.80408,0.38,5,Rajkot - Kalawad Road,42.3,1
TXN-2026-101608,CT-2026-1108,2026-08-18 09:52:00,711797.97,Investment Scam,3,12.3,1,43,1,28.63815,77.18585,0.22,6,Delhi - Karol Bagh,5.8,1
TXN-2026-101609,CT-2026-1109,2026-09-03 10:47:00,20756.14,Card Phishing,2,8.7,1,45,0,28.64494,77.18217,2.46,1,Delhi - Karol Bagh,,0
TXN-2026-101610,CT-2026-1110,2026-08-03 14:03:00,590900.86,Investment Scam,2,12.1,1,19,0,21.92521,77.63286,0.31,3,Rural / Other Region,40.9,1
TXN-2026-101611,CT-2026-1111,2026-08-14 06:33:00,18104.36,UPI Fraud,1,3.1,1,24,0,28.64451,77.21319,0.45,3,Delhi - Karol Bagh,,0
TXN-2026-101612,CT-2026-1112,2026-09-27 07:52:00,73065.42,UPI Fraud,1,15.7,1,54,1,22.33896,73.18778,0.52,3,Vadodara - Alkapuri,,0
TXN-2026-101613,CT-2026-1113,2026-09-16 17:49:00,12564.57,UPI Fraud,3,20.2,1,9,0,21.17882,72.82359,0.26,3,Surat - Ring Road,38.4,1
TXN-2026-101614,CT-2026-1114,2026-08-11 11:22:00,32211.82,UPI Fraud,3,3.8,1,11,0,22.29716,70.823,0.92,5,Rajkot - Kalawad Road,35.1,1
TXN-2026-101615,CT-2026-1115,2026-08-17 11:06:00,54590.54,UPI Fraud,1,4.8,1,13,0,22.99706,72.58262,1.28,5,Ahmedabad - SG Highway,22.2,1
TXN-2026-101616,CT-2026-1116,2026-09-19 03:08:00,18719.35,Card Phishing,4,3.8,1,8,0,25.24881,71.36341,1.01,4,Rural / Other Region,45.3,1
TXN-2026-101617,CT-2026-1117,2026-09-03 12:04:00,25385.59,Card Phishing,2,16.2,1,30,0,27.51455,70.55809,0.71,2,Rural / Other Region,37.6,1
TXN-2026-101618,CT-2026-1118,2026-08-15 11:54:00,32518.91,Card Phishing,1,3.1,1,14,0,28.64782,77.26134,0.15,3,Delhi - Connaught Place,,0
TXN-2026-101619,CT-2026-1119,2026-09-09 05:36:00,327513.35,Investment Scam,4,13.4,1,40,0,22.04378,75.97576,0.42,5,Rural / Other Region,67.6,1
TXN-2026-101620,CT-2026-1120,2026-08-24 11:35:00,67839.99,UPI Fraud,2,8.8,1,31,0,23.63993,71.06712,0.31,5,Rural / Other Region,40.9,1
TXN-2026-101621,CT-2026-1121,2026-09-11 16:06:00,12310.26,UPI Fraud,2,14.8,1,2,0,22.298,73.17013,0.24,4,Vadodara - Alkapuri,44.1,1
TXN-2026-101622,CT-2026-1122,2026-09-10 13:01:00,10712.25,UPI Fraud,3,6.2,1,12,0,22.29744,70.8244,0.86,3,Rajkot - Kalawad Road,,0
TXN-2026-101623,CT-2026-1123,2026-08-12 08:50:00,27588.9,Loan App Scam,2,12.8,1,28,0,26.1746,77.64315,0.25,6,Rural / Other Region,32.1,1
TXN-2026-101624,CT-2026-1124,2026-08-05 14:06:00,9035.18,UPI Fraud,2,3.9,1,8,1,28.66156,77.16905,0.3,3,Delhi - Karol Bagh,,0
TXN-2026-101625,CT-2026-1125,2026-08-04 07:53:00,35524.41,Loan App Scam,3,17.9,1,7,1,23.02563,72.57384,0.72,5,Ahmedabad - SG Highway,22.2,1
TXN-2026-101626,CT-2026-1126,2026-09-05 12:54:00,28665.32,UPI Fraud,2,41.4,1,3,0,23.02143,72.59804,2.43,4,Ahmedabad - SG Highway,,0
TXN-2026-101627,CT-2026-1127,2026-09-05 08:51:00,294740.05,Investment Scam,2,3.8,1,24,0,28.60168,77.22767,0.79,4,Delhi - Connaught Place,49.2,1
TXN-2026-101628,CT-2026-1128,2026-09-17 11:14:00,259995.44,Card Phishing,3,56.5,0,685,1,26.68996,73.99228,1.36,1,Rural / Other Region,,0
TXN-2026-101629,CT-2026-1129,2026-09-14 16:44:00,65578.46,Identity Theft,3,59.0,1,1,0,22.31248,73.17071,2.43,3,Vadodara - Alkapuri,,0
TXN-2026-101630,CT-2026-1130,2026-09-03 11:50:00,23802.13,Identity Theft,1,29.3,1,1,0,28.66962,77.18157,1.21,3,Delhi - Karol Bagh,,0
TXN-2026-101631,CT-2026-1131,2026-08-11 12:49:00,764572.18,Investment Scam,2,125.5,0,1284,1,23.01845,72.57946,3.14,1,Ahmedabad - SG Highway,,0
TXN-2026-101632,CT-2026-1132,2026-09-12 17:29:00,56644.67,UPI Fraud,1,15.2,1,7,0,28.65663,77.19769,1.66,7,Delhi - Karol Bagh,31.5,1
TXN-2026-101633,CT-2026-1133,2026-09-20 20:12:00,6131.61,Identity Theft,3,5.2,1,6,1,28.59904,77.23688,1.82,3,Delhi - Connaught Place,,0
TXN-2026-101634,CT-2026-1134,2026-09-18 12:38:00,13832.63,Loan App Scam,1,50.6,0,410,1,22.3091,73.17116,2.53,1,Vadodara - Alkapuri,,0
TXN-2026-101635,CT-2026-1135,2026-08-13 16:32:00,104911.38,UPI Fraud,4,163.5,0,1425,1,22.32339,73.15826,1.91,1,Vadodara - Alkapuri,,0
TXN-2026-101636,CT-2026-1136,2026-08-19 15:49:00,36648.25,UPI Fraud,1,2.7,1,28,0,28.62979,77.20229,0.26,2,Delhi - Connaught Place,11.5,1
TXN-2026-101637,CT-2026-1137,2026-08-27 07:24:00,297871.39,Investment Scam,4,8.6,1,17,0,22.30627,70.82132,0.22,5,Rajkot - Kalawad Road,37.3,1
TXN-2026-101638,CT-2026-1138,2026-08-04 14:19:00,40386.92,UPI Fraud,5,17.2,1,45,0,24.65149,70.90976,0.2,3,Rural / Other Region,,0
TXN-2026-101639,CT-2026-1139,2026-08-14 11:16:00,96100.31,Investment Scam,3,23.4,1,43,0,27.88842,73.35431,0.17,4,Rural / Other Region,,0
TXN-2026-101640,CT-2026-1140,2026-08-23 07:58:00,9529.88,UPI Fraud,1,6.1,1,1,0,22.33569,73.19347,0.9,1,Vadodara - Alkapuri,20.2,1
TXN-2026-101641,CT-2026-1141,2026-08-26 21:27:00,16276.78,UPI Fraud,2,9.2,1,2,0,28.62231,77.19833,0.93,4,Delhi - Connaught Place,33.1,1
TXN-2026-101642,CT-2026-1142,2026-09-09 12:30:00,86163.27,UPI Fraud,2,143.9,0,829,1,21.1559,72.83407,0.72,1,Surat - Ring Road,,0
TXN-2026-101643,CT-2026-1143,2026-09-18 13:48:00,55730.57,Loan App Scam,4,3.1,1,39,0,22.30121,73.18513,0.37,7,Vadodara - Alkapuri,44.3,1
TXN-2026-101644,CT-2026-1144,2026-09-08 11:10:00,11553.92,UPI Fraud,2,11.1,1,20,0,21.17341,72.80998,0.53,5,Surat - Ring Road,26.2,1
TXN-2026-101645,CT-2026-1145,2026-08-21 17:36:00,10079.59,UPI Fraud,1,53.0,1,5,1,26.99319,78.62463,1.12,6,Rural / Other Region,,0
TXN-2026-101646,CT-2026-1146,2026-08-15 15:30:00,50342.27,UPI Fraud,4,16.2,1,8,0,22.29325,70.77557,0.82,7,Rajkot - Kalawad Road,33.6,1
TXN-2026-101647,CT-2026-1147,2026-09-11 13:13:00,77806.28,UPI Fraud,2,14.8,1,13,0,22.33351,70.80675,0.88,8,Rajkot - Kalawad Road,47.9,1
TXN-2026-101648,CT-2026-1148,2026-09-27 14:44:00,33829.02,UPI Fraud,2,3.0,1,25,0,22.30085,70.8131,0.31,5,Rajkot - Kalawad Road,,0
TXN-2026-101649,CT-2026-1149,2026-09-29 08:31:00,156117.88,UPI Fraud,3,33.2,1,6,0,23.05532,72.5701,0.32,4,Ahmedabad - SG Highway,52.2,1
TXN-2026-101650,CT-2026-1150,2026-08-24 16:55:00,18075.12,UPI Fraud,2,42.6,1,12,0,28.63859,77.20818,1.51,3,Delhi - Connaught Place,,0
TXN-2026-101651,CT-2026-1151,2026-08-16 08:41:00,25025.39,UPI Fraud,5,4.2,1,26,0,23.03617,72.5496,0.18,1,Ahmedabad - SG Highway,58.2,1
TXN-2026-101652,CT-2026-1152,2026-08-04 06:23:00,7546.82,UPI Fraud,3,15.7,1,13,0,22.99868,72.58669,1.13,4,Ahmedabad - SG Highway,25.7,1
TXN-2026-101653,CT-2026-1153,2026-08-29 12:43:00,26333.85,UPI Fraud,1,12.0,1,2,0,27.26731,74.65975,0.31,6,Rural / Other Region,55.7,1
TXN-2026-101654,CT-2026-1154,2026-08-28 11:13:00,44836.29,Loan App Scam,1,47.2,1,7,0,22.28577,70.78892,0.11,3,Rajkot - Kalawad Road,,0
TXN-2026-101655,CT-2026-1155,2026-09-14 16:05:00,12872.86,UPI Fraud,1,88.3,0,343,1,22.31278,73.18279,1.52,1,Vadodara - Alkapuri,,0
TXN-2026-101656,CT-2026-1156,2026-09-03 13:21:00,21646.84,Card Phishing,1,43.2,0,892,1,28.65017,77.23679,1.31,1,Delhi - Connaught Place,,0
TXN-2026-101657,CT-2026-1157,2026-08-01 16:03:00,71117.23,UPI Fraud,4,15.4,1,46,0,22.31258,70.83008,2.08,1,Rajkot - Kalawad Road,,0
TXN-2026-101658,CT-2026-1158,2026-08-08 13:46:00,178243.82,Investment Scam,3,29.8,1,42,0,21.18755,72.83286,0.88,2,Surat - Ring Road,,0
TXN-2026-101659,CT-2026-1159,2026-09-07 09:21:00,31416.09,Loan App Scam,1,4.4,1,45,0,28.66532,77.22588,0.26,5,Delhi - Karol Bagh,,0
TXN-2026-101660,CT-2026-1160,2026-09-27 10:16:00,31554.24,UPI Fraud,2,5.7,1,8,0,28.63156,77.23553,0.48,4,Delhi - Connaught Place,18.2,1
TXN-2026-101661,CT-2026-1161,2026-09-15 12:09:00,244097.46,Investment Scam,3,4.0,1,38,0,28.65673,77.17822,0.29,10,Delhi - Karol Bagh,46.9,1
TXN-2026-101662,CT-2026-1162,2026-08-20 17:33:00,136776.62,Identity Theft,2,9.8,1,30,0,23.05645,72.58689,0.6,3,Ahmedabad - SG Highway,39.7,1
TXN-2026-101663,CT-2026-1163,2026-09-29 14:36:00,12085.47,UPI Fraud,1,135.7,0,1095,1,28.64769,77.23999,1.47,1,Delhi - Connaught Place,,0
TXN-2026-101664,CT-2026-1164,2026-08-13 11:37:00,30018.3,Loan App Scam,3,30.8,1,7,0,23.06985,72.57241,0.69,5,Ahmedabad - SG Highway,16.1,1
TXN-2026-101665,CT-2026-1165,2026-08-16 12:44:00,40856.66,UPI Fraud,2,10.3,1,27,0,22.28077,70.81557,0.15,3,Rajkot - Kalawad Road,17.3,1
TXN-2026-101666,CT-2026-1166,2026-09-11 15:07:00,6338.83,UPI Fraud,1,52.7,1,9,0,28.65051,77.20711,0.36,1,Delhi - Connaught Place,,0
TXN-2026-101667,CT-2026-1167,2026-09-08 14:11:00,130957.94,UPI Fraud,1,21.5,1,27,0,22.31515,73.17396,0.93,5,Vadodara - Alkapuri,,0
TXN-2026-101668,CT-2026-1168,2026-08-03 08:52:00,36417.21,Card Phishing,1,248.0,0,760,1,28.63926,77.21753,2.21,1,Delhi - Connaught Place,,0
TXN-2026-101669,CT-2026-1169,2026-09-16 19:53:00,37546.5,UPI Fraud,4,24.6,1,100,0,23.01234,72.60802,1.29,3,Ahmedabad - SG Highway,63.7,1
TXN-2026-101670,CT-2026-1170,2026-08-11 11:26:00,77496.44,UPI Fraud,1,20.9,1,45,0,20.257,77.11774,0.19,5,Rural / Other Region,,0
TXN-2026-101671,CT-2026-1171,2026-09-29 08:32:00,85947.58,UPI Fraud,1,135.1,0,1191,1,28.6514,77.15649,2.61,1,Delhi - Karol Bagh,,0
TXN-2026-101672,CT-2026-1172,2026-09-17 19:54:00,64165.53,Card Phishing,2,3.5,1,24,0,23.62401,76.0561,0.71,6,Rural / Other Region,37.2,1
TXN-2026-101673,CT-2026-1173,2026-09-08 10:48:00,800077.61,Investment Scam,2,176.5,0,1219,1,22.33649,73.18659,3.34,1,Vadodara - Alkapuri,,0
TXN-2026-101674,CT-2026-1174,2026-08-10 22:09:00,183339.39,Investment Scam,4,50.9,1,87,0,27.45753,74.18358,0.54,3,Rural / Other Region,,0
TXN-2026-101675,CT-2026-1175,2026-09-29 09:08:00,37933.03,UPI Fraud,2,101.0,0,735,1,28.63456,77.22813,0.8,1,Delhi - Connaught Place,,0
TXN-2026-101676,CT-2026-1176,2026-08-30 13:27:00,5018.47,UPI Fraud,3,19.6,1,21,0,28.65328,77.17623,0.2,3,Delhi - Karol Bagh,23.5,1
TXN-2026-101677,CT-2026-1177,2026-08-11 09:45:00,77198.5,Loan App Scam,2,14.9,1,5,0,22.28551,73.15642,0.33,1,Vadodara - Alkapuri,30.7,1
TXN-2026-101678,CT-2026-1178,2026-08-16 14:24:00,43113.19,Card Phishing,4,43.0,1,22,0,28.61121,77.24108,0.74,3,Delhi - Connaught Place,50.2,1
TXN-2026-101679,CT-2026-1179,2026-09-21 15:46:00,6277.87,Loan App Scam,3,8.9,1,14,0,28.62888,77.22105,1.96,4,Delhi - Connaught Place,41.0,1
TXN-2026-101680,CT-2026-1180,2026-08-25 15:13:00,52880.16,Loan App Scam,1,8.5,1,15,0,28.61413,77.21321,0.2,5,Delhi - Karol Bagh,12.6,1
TXN-2026-101681,CT-2026-1181,2026-09-25 01:23:00,97727.59,UPI Fraud,4,1.5,1,6,1,28.63923,77.18325,0.65,2,Delhi - Karol Bagh,26.2,1
TXN-2026-101682,CT-2026-1182,2026-08-03 13:03:00,9339.69,Identity Theft,3,5.5,1,9,1,21.17139,72.82504,0.48,3,Surat - Ring Road,32.9,1
TXN-2026-101683,CT-2026-1183,2026-08-19 11:46:00,110514.29,Card Phishing,2,6.0,1,14,0,21.17545,72.81287,1.31,3,Surat - Ring Road,71.1,1
TXN-2026-101684,CT-2026-1184,2026-08-03 08:35:00,131046.55,Card Phishing,4,17.0,1,21,0,22.2962,70.77811,0.6,3,Rajkot - Kalawad Road,26.4,1
TXN-2026-101685,CT-2026-1185,2026-08-15 03:23:00,48655.42,UPI Fraud,1,509.6,0,1195,1,23.04933,72.60076,0.87,1,Ahmedabad - SG Highway,,0
TXN-2026-101686,CT-2026-1186,2026-08-02 15:20:00,66907.51,UPI Fraud,1,4.1,1,72,0,28.6583,77.22778,1.27,4,Delhi - Connaught Place,,0
TXN-2026-101687,CT-2026-1187,2026-08-18 12:12:00,33136.98,UPI Fraud,3,12.6,1,34,0,22.31712,70.81572,1.76,1,Rajkot - Kalawad Road,,0
TXN-2026-101688,CT-2026-1188,2026-08-21 14:07:00,42805.27,Card Phishing,2,123.1,0,1123,1,22.31946,73.21037,1.71,1,Vadodara - Alkapuri,,0
TXN-2026-101689,CT-2026-1189,2026-08-04 15:07:00,64652.44,UPI Fraud,3,40.4,0,514,1,26.23188,72.98163,6.67,1,Rural / Other Region,,0
TXN-2026-101690,CT-2026-1190,2026-09-20 05:47:00,36279.26,Identity Theft,1,112.0,0,981,1,22.28774,70.79966,3.9,1,Rajkot - Kalawad Road,,0
TXN-2026-101691,CT-2026-1191,2026-08-13 07:32:00,50802.65,UPI Fraud,1,43.4,0,268,1,21.16801,72.84189,2.58,1,Surat - Ring Road,,0
TXN-2026-101692,CT-2026-1192,2026-08-01 14:34:00,26297.22,UPI Fraud,4,5.1,1,12,0,25.48098,78.18725,0.6,3,Rural / Other Region,16.3,1
TXN-2026-101693,CT-2026-1193,2026-09-13 17:57:00,10099.22,UPI Fraud,4,2.5,1,16,0,20.32809,79.28656,0.66,2,Rural / Other Region,21.2,1
TXN-2026-101694,CT-2026-1194,2026-08-21 11:27:00,69411.89,UPI Fraud,4,19.6,1,1,0,27.03506,79.90977,0.7,6,Rural / Other Region,19.6,1
TXN-2026-101695,CT-2026-1195,2026-08-27 11:08:00,7666.48,Loan App Scam,4,24.3,1,11,0,28.6249,77.16166,0.14,1,Delhi - Karol Bagh,37.1,1
TXN-2026-101696,CT-2026-1196,2026-08-07 08:33:00,288282.45,Investment Scam,1,1.6,1,36,0,22.30249,73.19259,0.67,6,Vadodara - Alkapuri,25.2,1
TXN-2026-101697,CT-2026-1197,2026-09-15 09:39:00,123822.5,UPI Fraud,2,6.0,1,18,0,21.16535,72.80814,0.18,3,Surat - Ring Road,24.1,1
TXN-2026-101698,CT-2026-1198,2026-09-03 21:38:00,7826.52,UPI Fraud,3,17.9,1,4,0,28.66599,77.19687,2.48,2,Delhi - Karol Bagh,16.9,1
TXN-2026-101699,CT-2026-1199,2026-08-08 16:54:00,1084337.15,Investment Scam,4,7.3,1,13,1,22.31682,70.82112,0.26,3,Rajkot - Kalawad Road,32.1,1
TXN-2026-101700,CT-2026-1200,2026-08-15 13:54:00,1221641.17,Investment Scam,3,29.4,1,10,1,22.31634,73.19919,3.03,3,Vadodara - Alkapuri,26.3,1
TXN-2026-101701,CT-2026-1201,2026-09-24 10:56:00,79146.7,Card Phishing,2,83.4,0,764,1,20.03528,73.17075,2.02,1,Rural / Other Region,,0
TXN-2026-101702,CT-2026-1202,2026-09-21 11:45:00,10686.88,Card Phishing,2,117.4,0,1003,1,28.64054,77.21124,5.92,1,Delhi - Connaught Place,,0
TXN-2026-101703,CT-2026-1203,2026-09-01 10:02:00,166261.88,Investment Scam,2,116.4,0,1383,1,21.1816,72.81507,1.25,1,Surat - Ring Road,,0
TXN-2026-101704,CT-2026-1204,2026-09-03 08:34:00,35854.33,Card Phishing,2,10.9,1,24,0,23.0368,72.59878,1.65,6,Ahmedabad - SG Highway,18.7,1
TXN-2026-101705,CT-2026-1205,2026-09-25 13:39:00,33943.58,UPI Fraud,2,13.3,1,2,0,22.31799,73.19594,0.25,6,Vadodara - Alkapuri,53.0,1
TXN-2026-101706,CT-2026-1206,2026-09-15 11:53:00,39501.15,Card Phishing,2,126.2,0,766,1,22.99964,72.57189,2.25,1,Ahmedabad - SG Highway,,0
TXN-2026-101707,CT-2026-1207,2026-08-06 06:40:00,159147.91,Investment Scam,3,49.8,0,604,1,28.65396,77.18638,11.4,1,Delhi - Karol Bagh,,0
TXN-2026-101708,CT-2026-1208,2026-08-06 23:46:00,103749.27,Loan App Scam,1,8.2,1,14,0,22.29146,70.81707,0.44,2,Rajkot - Kalawad Road,39.9,1
TXN-2026-101709,CT-2026-1209,2026-08-03 12:45:00,58227.34,UPI Fraud,2,66.3,0,206,1,22.28574,70.80602,4.12,1,Rajkot - Kalawad Road,,0
TXN-2026-101710,CT-2026-1210,2026-09-21 16:23:00,23112.9,UPI Fraud,1,44.4,1,4,0,22.13989,71.21372,1.3,7,Rural / Other Region,,0
TXN-2026-101711,CT-2026-1211,2026-08-30 06:22:00,24471.88,UPI Fraud,1,401.1,0,919,1,28.62543,77.22334,1.15,1,Delhi - Connaught Place,,0
TXN-2026-101712,CT-2026-1212,2026-08-25 16:57:00,73834.52,UPI Fraud,2,1.8,1,8,0,22.30021,70.80029,0.78,3,Rajkot - Kalawad Road,27.7,1
TXN-2026-101713,CT-2026-1213,2026-09-19 12:53:00,37151.84,UPI Fraud,1,27.5,1,8,0,21.19418,72.83475,0.59,5,Surat - Ring Road,,0
TXN-2026-101714,CT-2026-1214,2026-09-21 09:32:00,64563.01,Card Phishing,3,23.1,1,22,0,27.42156,72.21774,1.05,4,Rural / Other Region,,0
TXN-2026-101715,CT-2026-1215,2026-09-26 10:38:00,135929.55,UPI Fraud,1,2.1,1,10,0,26.98235,72.87409,0.76,4,Rural / Other Region,34.0,1
TXN-2026-101716,CT-2026-1216,2026-09-11 12:44:00,23729.69,Card Phishing,1,14.2,1,26,0,22.29142,73.19921,0.49,6,Vadodara - Alkapuri,,0
TXN-2026-101717,CT-2026-1217,2026-09-29 09:01:00,10245.52,Card Phishing,2,513.4,0,1045,1,21.15202,72.83364,2.15,1,Surat - Ring Road,,0
TXN-2026-101718,CT-2026-1218,2026-08-13 12:19:00,182863.8,Investment Scam,4,7.6,1,20,0,28.64878,77.21551,0.64,2,Delhi - Karol Bagh,36.5,1
TXN-2026-101719,CT-2026-1219,2026-09-22 13:50:00,54172.17,UPI Fraud,1,6.2,1,23,0,21.19198,72.82764,1.46,3,Surat - Ring Road,37.4,1
TXN-2026-101720,CT-2026-1220,2026-09-12 12:14:00,83640.28,UPI Fraud,2,11.1,1,3,0,22.30343,70.80948,0.27,5,Rajkot - Kalawad Road,22.6,1
TXN-2026-101721,CT-2026-1221,2026-08-26 10:41:00,20822.38,Card Phishing,1,2.3,1,52,0,22.30717,70.78363,1.16,3,Rajkot - Kalawad Road,,0
TXN-2026-101722,CT-2026-1222,2026-09-29 13:24:00,105278.43,Investment Scam,2,167.3,0,198,1,22.31596,73.18053,5.8,1,Vadodara - Alkapuri,,0
TXN-2026-101723,CT-2026-1223,2026-09-03 09:31:00,133898.95,Investment Scam,1,8.1,1,3,0,24.43343,77.49441,0.22,7,Rural / Other Region,47.2,1
TXN-2026-101724,CT-2026-1224,2026-08-05 17:14:00,71812.4,Card Phishing,3,5.8,1,4,0,23.04686,72.59644,0.14,5,Ahmedabad - SG Highway,30.8,1
TXN-2026-101725,CT-2026-1225,2026-08-28 15:40:00,10715.57,Loan App Scam,1,4.8,1,32,0,25.27999,75.23007,0.43,4,Rural / Other Region,,0
TXN-2026-101726,CT-2026-1226,2026-08-24 09:07:00,13505.23,UPI Fraud,1,33.9,1,21,0,22.31555,73.1616,0.24,4,Vadodara - Alkapuri,,0
TXN-2026-101727,CT-2026-1227,2026-08-31 15:06:00,48239.86,UPI Fraud,1,8.1,1,2,0,20.25678,79.64395,0.54,1,Rural / Other Region,54.1,1
TXN-2026-101728,CT-2026-1228,2026-09-24 11:08:00,44443.05,Card Phishing,1,120.0,0,517,1,28.65225,77.20312,1.44,1,Delhi - Karol Bagh,,0
TXN-2026-101729,CT-2026-1229,2026-08-25 19:15:00,346813.97,Investment Scam,1,17.3,1,41,1,22.31043,70.79622,0.48,5,Rajkot - Kalawad Road,,0
TXN-2026-101730,CT-2026-1230,2026-09-16 09:35:00,34515.46,Card Phishing,2,30.9,1,54,1,21.15346,72.81487,1.41,3,Surat - Ring Road,,0
TXN-2026-101731,CT-2026-1231,2026-09-05 15:26:00,72798.98,Card Phishing,3,2.9,1,16,1,22.31305,70.79383,0.16,8,Rajkot - Kalawad Road,21.8,1
TXN-2026-101732,CT-2026-1232,2026-09-05 16:02:00,42849.4,UPI Fraud,3,16.5,1,23,0,21.19539,72.83792,0.58,6,Surat - Ring Road,36.2,1
TXN-2026-101733,CT-2026-1233,2026-09-02 12:17:00,56788.56,Investment Scam,2,4.0,1,5,0,22.32659,73.17489,0.37,11,Vadodara - Alkapuri,34.0,1
TXN-2026-101734,CT-2026-1234,2026-08-27 15:14:00,101823.99,Investment Scam,1,17.4,1,24,0,28.65802,77.17773,0.22,4,Delhi - Karol Bagh,31.4,1
TXN-2026-101735,CT-2026-1235,2026-09-20 11:51:00,221705.19,UPI Fraud,1,15.7,1,7,0,28.64512,77.2139,0.53,5,Delhi - Karol Bagh,41.5,1
TXN-2026-101736,CT-2026-1236,2026-08-12 16:36:00,9133.14,Card Phishing,5,5.2,1,14,0,22.32296,70.81,0.14,5,Rajkot - Kalawad Road,24.3,1
TXN-2026-101737,CT-2026-1237,2026-08-05 06:14:00,18264.61,UPI Fraud,4,4.8,1,3,0,21.07736,73.56128,0.14,3,Rural / Other Region,43.7,1
TXN-2026-101738,CT-2026-1238,2026-09-23 12:44:00,20659.57,Loan App Scam,2,22.8,1,22,0,20.68307,78.16015,0.29,4,Rural / Other Region,30.9,1
TXN-2026-101739,CT-2026-1239,2026-09-09 09:38:00,19439.7,Loan App Scam,3,75.9,0,263,1,22.28419,70.80078,1.76,1,Rajkot - Kalawad Road,,0
TXN-2026-101740,CT-2026-1240,2026-09-09 04:12:00,544752.46,Investment Scam,1,63.7,0,763,1,22.31448,73.16966,1.77,1,Vadodara - Alkapuri,,0
TXN-2026-101741,CT-2026-1241,2026-08-16 08:08:00,32505.74,UPI Fraud,2,2.4,1,9,0,21.18465,72.82041,0.12,2,Surat - Ring Road,54.9,1
TXN-2026-101742,CT-2026-1242,2026-08-27 06:51:00,181731.15,UPI Fraud,1,7.5,1,42,1,28.65196,77.18352,0.28,4,Delhi - Karol Bagh,,0
TXN-2026-101743,CT-2026-1243,2026-08-07 11:12:00,24682.1,Loan App Scam,3,10.7,1,3,0,28.60536,77.22665,0.71,8,Delhi - Connaught Place,39.3,1
TXN-2026-101744,CT-2026-1244,2026-09-02 17:36:00,50345.41,UPI Fraud,2,5.0,1,28,0,23.04239,72.58518,1.42,7,Ahmedabad - SG Highway,,0
TXN-2026-101745,CT-2026-1245,2026-08-06 17:53:00,5331.41,Card Phishing,2,8.6,1,7,0,28.62821,77.20637,0.32,3,Delhi - Connaught Place,43.9,1
TXN-2026-101746,CT-2026-1246,2026-09-13 10:08:00,854457.91,Investment Scam,1,61.6,0,1115,1,21.8426,77.25891,2.52,1,Rural / Other Region,,0
TXN-2026-101747,CT-2026-1247,2026-09-22 12:35:00,10327.57,Identity Theft,3,3.6,1,28,0,22.32662,70.80974,0.28,8,Rajkot - Kalawad Road,16.4,1
TXN-2026-101748,CT-2026-1248,2026-09-22 08:15:00,129617.9,UPI Fraud,2,11.6,1,130,0,27.88013,75.86311,0.53,5,Rural / Other Region,,0
TXN-2026-101749,CT-2026-1249,2026-08-24 05:33:00,44817.4,UPI Fraud,3,279.4,0,768,1,21.16893,72.83332,2.64,1,Surat - Ring Road,,0
TXN-2026-101750,CT-2026-1250,2026-08-07 22:05:00,31630.89,Loan App Scam,2,84.9,0,1167,1,21.14906,72.83851,2.82,1,Surat - Ring Road,,0
TXN-2026-101751,CT-2026-1251,2026-09-06 04:49:00,212318.85,Investment Scam,3,20.8,1,15,0,23.01409,72.58837,1.64,4,Ahmedabad - SG Highway,24.4,1
TXN-2026-101752,CT-2026-1252,2026-08-08 21:22:00,198623.61,Investment Scam,3,2.5,1,41,0,20.66802,72.46698,3.27,1,Rural / Other Region,,0
TXN-2026-101753,CT-2026-1253,2026-08-27 06:50:00,92575.4,Investment Scam,4,30.3,1,2,0,21.41284,71.38815,0.69,2,Rural / Other Region,46.0,1
TXN-2026-101754,CT-2026-1254,2026-09-21 08:25:00,25920.66,UPI Fraud,2,212.9,0,1051,1,23.64021,75.11764,0.84,1,Rural / Other Region,,0
TXN-2026-101755,CT-2026-1255,2026-09-08 14:51:00,93847.74,Loan App Scam,1,4.7,1,6,1,28.61748,77.20989,0.19,2,Delhi - Connaught Place,,0
TXN-2026-101756,CT-2026-1256,2026-09-22 10:41:00,9119.0,UPI Fraud,2,5.2,1,13,0,23.04752,72.56053,0.38,9,Ahmedabad - SG Highway,34.5,1
TXN-2026-101757,CT-2026-1257,2026-08-31 15:50:00,28106.38,Card Phishing,2,2.6,1,24,0,23.01481,72.56261,0.16,4,Ahmedabad - SG Highway,41.5,1
TXN-2026-101758,CT-2026-1258,2026-09-26 09:01:00,25108.68,UPI Fraud,2,6.5,1,10,0,23.02187,72.58549,0.75,3,Ahmedabad - SG Highway,48.2,1
TXN-2026-101759,CT-2026-1259,2026-08-25 14:09:00,13038.07,UPI Fraud,2,6.7,1,39,0,28.66929,77.18238,1.36,6,Delhi - Karol Bagh,,0
TXN-2026-101760,CT-2026-1260,2026-08-29 14:15:00,404710.69,Investment Scam,3,6.4,1,4,1,28.61851,77.23615,0.16,6,Delhi - Connaught Place,28.5,1
TXN-2026-101761,CT-2026-1261,2026-09-20 10:27:00,929383.74,Investment Scam,2,12.3,1,14,1,28.65831,77.17086,1.24,5,Delhi - Karol Bagh,22.6,1
TXN-2026-101762,CT-2026-1262,2026-08-18 04:51:00,104797.17,Identity Theft,3,8.9,1,12,1,21.1609,72.82605,0.77,5,Surat - Ring Road,,0
TXN-2026-101763,CT-2026-1263,2026-09-02 01:27:00,6210.85,UPI Fraud,2,10.6,1,11,0,22.27589,70.81039,1.07,7,Rajkot - Kalawad Road,,0
TXN-2026-101764,CT-2026-1264,2026-09-11 07:32:00,10449.79,Card Phishing,2,22.2,1,32,0,21.15589,72.83352,0.14,5,Surat - Ring Road,,0
TXN-2026-101765,CT-2026-1265,2026-09-23 11:37:00,114913.76,UPI Fraud,3,23.0,1,24,0,24.95117,75.28807,0.12,6,Rural / Other Region,39.3,1
TXN-2026-101766,CT-2026-1266,2026-09-23 11:40:00,7414.96,UPI Fraud,3,366.0,0,181,1,28.65367,77.17886,2.02,1,Delhi - Karol Bagh,,0
TXN-2026-101767,CT-2026-1267,2026-09-14 01:16:00,19893.19,UPI Fraud,2,8.6,1,1,0,21.92561,78.20449,0.7,5,Rural / Other Region,46.1,1
TXN-2026-101768,CT-2026-1268,2026-09-24 15:30:00,48019.73,Loan App Scam,1,13.4,1,2,0,24.05617,74.08488,0.12,5,Rural / Other Region,21.8,1
TXN-2026-101769,CT-2026-1269,2026-09-26 11:28:00,28662.93,UPI Fraud,1,6.1,1,4,0,22.3064,73.17437,0.92,4,Vadodara - Alkapuri,26.4,1
TXN-2026-101770,CT-2026-1270,2026-09-15 16:20:00,246652.67,Investment Scam,2,130.7,0,610,1,22.30482,73.17631,0.69,2,Vadodara - Alkapuri,,0
TXN-2026-101771,CT-2026-1271,2026-08-21 08:39:00,86316.45,Loan App Scam,2,9.0,1,27,1,28.60375,77.23516,0.55,3,Delhi - Connaught Place,,0
TXN-2026-101772,CT-2026-1272,2026-08-23 11:45:00,436128.75,Investment Scam,3,3.2,1,21,0,22.32959,70.78131,1.02,5,Rajkot - Kalawad Road,14.6,1
TXN-2026-101773,CT-2026-1273,2026-09-17 12:54:00,21565.05,UPI Fraud,4,29.6,1,7,0,28.6363,77.23092,0.14,5,Delhi - Connaught Place,23.1,1
TXN-2026-101774,CT-2026-1274,2026-08-21 12:08:00,7972.16,UPI Fraud,2,6.6,1,3,0,22.3096,70.78493,1.15,3,Rajkot - Kalawad Road,51.4,1
TXN-2026-101775,CT-2026-1275,2026-08-11 10:37:00,44608.77,Identity Theft,3,2.3,1,23,0,22.31822,73.16522,0.42,2,Vadodara - Alkapuri,23.4,1
TXN-2026-101776,CT-2026-1276,2026-08-25 06:48:00,34566.48,UPI Fraud,5,8.9,1,33,0,21.14619,72.83806,1.46,5,Surat - Ring Road,50.9,1
TXN-2026-101777,CT-2026-1277,2026-09-20 23:58:00,71282.79,UPI Fraud,3,39.9,1,12,0,22.3112,70.80518,0.54,4,Rajkot - Kalawad Road,27.7,1
TXN-2026-101778,CT-2026-1278,2026-09-22 09:09:00,56906.46,Card Phishing,2,53.8,1,33,0,22.31049,70.77766,0.11,3,Rajkot - Kalawad Road,,0
TXN-2026-101779,CT-2026-1279,2026-08-21 20:10:00,16837.46,UPI Fraud,2,6.0,1,13,0,22.89018,74.34584,0.52,4,Rural / Other Region,35.3,1
TXN-2026-101780,CT-2026-1280,2026-08-15 14:43:00,11564.43,UPI Fraud,3,3.3,1,82,0,23.02673,72.59137,0.48,2,Ahmedabad - SG Highway,48.0,1
TXN-2026-101781,CT-2026-1281,2026-08-15 02:23:00,56270.38,UPI Fraud,4,1.6,1,33,0,23.01952,72.54578,0.49,2,Ahmedabad - SG Highway,,0
TXN-2026-101782,CT-2026-1282,2026-08-12 12:12:00,38913.96,Card Phishing,3,12.4,1,22,0,21.19334,72.83297,1.22,2,Surat - Ring Road,,0
TXN-2026-101783,CT-2026-1283,2026-08-29 12:51:00,201028.11,Card Phishing,2,287.1,0,1113,1,22.2901,73.2157,1.75,1,Vadodara - Alkapuri,,0
TXN-2026-101784,CT-2026-1284,2026-08-12 11:20:00,41865.15,UPI Fraud,5,5.6,1,10,0,22.30025,70.79401,1.56,5,Rajkot - Kalawad Road,20.9,1
TXN-2026-101785,CT-2026-1285,2026-09-03 09:56:00,73627.51,UPI Fraud,1,50.5,0,894,1,28.63203,77.18714,1.26,1,Delhi - Connaught Place,,0
TXN-2026-101786,CT-2026-1286,2026-09-21 16:50:00,8952.66,Card Phishing,3,5.2,1,12,0,22.3054,70.7861,0.13,5,Rajkot - Kalawad Road,12.9,1
TXN-2026-101787,CT-2026-1287,2026-08-28 12:36:00,171778.04,UPI Fraud,2,16.8,1,10,0,22.27688,73.18176,0.42,7,Vadodara - Alkapuri,32.3,1
TXN-2026-101788,CT-2026-1288,2026-08-16 17:16:00,49551.26,UPI Fraud,3,4.7,1,31,0,21.16968,72.84393,0.39,2,Surat - Ring Road,51.4,1
TXN-2026-101789,CT-2026-1289,2026-09-20 11:13:00,150788.27,UPI Fraud,2,20.8,1,31,0,23.55962,77.18157,0.36,6,Rural / Other Region,,0
TXN-2026-101790,CT-2026-1290,2026-09-04 13:08:00,20901.5,UPI Fraud,1,5.2,1,2,1,28.62427,77.22817,0.1,3,Delhi - Connaught Place,27.2,1
TXN-2026-101791,CT-2026-1291,2026-08-16 07:23:00,138987.97,UPI Fraud,1,12.9,1,2,0,28.65374,77.20069,0.57,3,Delhi - Karol Bagh,27.1,1
TXN-2026-101792,CT-2026-1292,2026-08-09 17:52:00,7074.39,UPI Fraud,2,10.9,1,12,0,20.38969,79.90979,0.4,2,Rural / Other Region,51.9,1
TXN-2026-101793,CT-2026-1293,2026-09-21 09:19:00,115454.29,UPI Fraud,4,11.5,1,29,0,23.02917,72.59,0.33,2,Ahmedabad - SG Highway,38.0,1
TXN-2026-101794,CT-2026-1294,2026-09-25 10:36:00,64793.5,Investment Scam,1,12.1,1,1,0,22.30476,73.19642,0.13,4,Vadodara - Alkapuri,,0
TXN-2026-101795,CT-2026-1295,2026-08-25 13:23:00,73411.76,UPI Fraud,2,265.6,0,1146,1,28.66036,77.19076,3.53,1,Delhi - Karol Bagh,,0
TXN-2026-101796,CT-2026-1296,2026-08-09 12:42:00,40164.98,Identity Theft,2,13.9,1,8,0,22.30848,73.17316,0.42,5,Vadodara - Alkapuri,40.0,1
TXN-2026-101797,CT-2026-1297,2026-09-18 14:45:00,13635.79,Card Phishing,2,9.0,1,19,0,22.29807,70.8045,0.39,4,Rajkot - Kalawad Road,30.7,1
TXN-2026-101798,CT-2026-1298,2026-08-23 13:12:00,6576.28,UPI Fraud,2,36.6,1,3,0,22.31051,73.19462,0.99,6,Vadodara - Alkapuri,48.2,1
TXN-2026-101799,CT-2026-1299,2026-09-01 09:38:00,33359.19,UPI Fraud,5,2.7,1,15,0,28.64694,77.18955,1.24,5,Delhi - Karol Bagh,36.5,1
TXN-2026-101800,CT-2026-1000,2026-08-12 12:24:00,14255.19,Card Phishing,2,8.0,1,7,0,22.31704,73.16233,0.27,1,Vadodara - Alkapuri,,0
TXN-2026-101801,CT-2026-1001,2026-08-21 15:36:00,16444.12,UPI Fraud,1,5.3,1,21,0,23.04504,72.6044,0.16,4,Ahmedabad - SG Highway,,0
TXN-2026-101802,CT-2026-1002,2026-09-12 12:47:00,55247.3,UPI Fraud,1,5.0,1,13,0,22.30145,73.18231,0.37,3,Vadodara - Alkapuri,27.6,1
TXN-2026-101803,CT-2026-1003,2026-09-05 00:53:00,216815.84,UPI Fraud,3,121.8,0,1236,1,22.2993,70.80865,3.31,1,Rajkot - Kalawad Road,,0
TXN-2026-101804,CT-2026-1004,2026-09-13 13:46:00,233673.68,Loan App Scam,4,27.5,1,2,1,22.29574,70.81173,0.59,2,Rajkot - Kalawad Road,18.8,1
TXN-2026-101805,CT-2026-1005,2026-09-27 08:25:00,59805.03,Identity Theft,1,12.8,1,24,0,21.17386,72.84279,0.32,5,Surat - Ring Road,,0
TXN-2026-101806,CT-2026-1006,2026-08-18 16:35:00,40263.93,Identity Theft,1,55.8,1,46,0,28.66321,77.20868,0.49,7,Delhi - Karol Bagh,,0
TXN-2026-101807,CT-2026-1007,2026-09-12 11:08:00,26603.82,UPI Fraud,1,6.9,1,33,0,28.63663,77.19932,0.81,5,Delhi - Connaught Place,,0
TXN-2026-101808,CT-2026-1008,2026-09-29 16:16:00,161378.46,Card Phishing,3,94.3,0,837,1,28.63819,77.20732,6.69,1,Delhi - Connaught Place,,0
TXN-2026-101809,CT-2026-1009,2026-09-13 03:07:00,6825.44,Loan App Scam,4,30.9,1,7,0,27.8517,72.31167,0.51,5,Rural / Other Region,44.1,1
TXN-2026-101810,CT-2026-1010,2026-08-22 08:26:00,24500.03,Card Phishing,3,2.1,1,39,1,20.65169,70.78546,0.58,7,Rural / Other Region,,0
TXN-2026-101811,CT-2026-1011,2026-08-15 17:36:00,849569.04,Investment Scam,3,314.8,0,794,1,21.18092,72.82702,1.97,2,Surat - Ring Road,,0
TXN-2026-101812,CT-2026-1012,2026-09-04 09:17:00,23812.14,UPI Fraud,3,28.9,1,45,1,22.32194,73.17698,3.9,7,Vadodara - Alkapuri,,0
TXN-2026-101813,CT-2026-1013,2026-08-11 11:43:00,77295.15,Investment Scam,1,11.5,1,13,0,24.92491,74.20683,0.15,3,Rural / Other Region,58.6,1
TXN-2026-101814,CT-2026-1014,2026-08-05 08:21:00,20964.05,UPI Fraud,3,22.4,1,9,0,22.3164,70.81925,0.91,5,Rajkot - Kalawad Road,17.6,1
TXN-2026-101815,CT-2026-1015,2026-09-09 01:36:00,111805.28,UPI Fraud,3,19.5,1,33,0,22.29666,70.79332,0.14,8,Rajkot - Kalawad Road,33.0,1
TXN-2026-101816,CT-2026-1016,2026-09-14 15:29:00,24374.59,Loan App Scam,2,35.3,1,1,0,28.65915,77.18949,2.01,5,Delhi - Karol Bagh,,0
TXN-2026-101817,CT-2026-1017,2026-08-26 14:57:00,124108.36,Investment Scam,2,3.7,1,48,0,23.04282,72.58195,3.61,4,Ahmedabad - SG Highway,,0
TXN-2026-101818,CT-2026-1018,2026-09-04 08:13:00,40237.42,UPI Fraud,3,22.8,1,59,0,22.31925,73.18343,0.53,5,Vadodara - Alkapuri,,0
TXN-2026-101819,CT-2026-1019,2026-09-28 19:36:00,8321.93,UPI Fraud,1,5.1,1,5,0,28.60894,77.19131,0.55,6,Delhi - Connaught Place,1.6,1
TXN-2026-101820,CT-2026-1020,2026-08-11 16:34:00,198707.14,Investment Scam,2,43.0,0,944,1,21.18676,72.82714,1.43,1,Surat - Ring Road,,0
TXN-2026-101821,CT-2026-1021,2026-08-21 11:54:00,10813.05,UPI Fraud,2,5.6,1,13,0,22.30341,73.18068,1.16,3,Vadodara - Alkapuri,,0
TXN-2026-101822,CT-2026-1022,2026-08-09 16:56:00,492773.18,Investment Scam,2,18.5,1,36,0,21.17225,72.82977,1.72,3,Surat - Ring Road,,0
TXN-2026-101823,CT-2026-1023,2026-09-01 12:25:00,58708.85,Investment Scam,3,2.2,1,19,0,23.02356,72.58672,0.31,3,Ahmedabad - SG Highway,56.7,1
TXN-2026-101824,CT-2026-1024,2026-09-26 12:52:00,13151.11,UPI Fraud,5,9.5,1,8,1,23.03913,72.5852,0.11,7,Ahmedabad - SG Highway,54.8,1
TXN-2026-101825,CT-2026-1025,2026-08-30 16:31:00,8013.91,UPI Fraud,2,3.1,1,2,0,23.01793,72.60032,0.34,2,Ahmedabad - SG Highway,27.4,1
TXN-2026-101826,CT-2026-1026,2026-08-15 07:29:00,84890.66,Loan App Scam,2,107.1,0,394,1,28.65061,77.19048,0.6,1,Delhi - Karol Bagh,,0
TXN-2026-101827,CT-2026-1027,2026-08-08 13:33:00,14618.68,UPI Fraud,3,6.1,1,25,0,22.32562,73.20455,0.7,6,Vadodara - Alkapuri,32.5,1
TXN-2026-101828,CT-2026-1028,2026-08-14 17:58:00,12602.51,UPI Fraud,2,165.9,0,473,1,22.23847,70.32326,2.01,2,Rural / Other Region,,0
TXN-2026-101829,CT-2026-1029,2026-09-21 08:13:00,29485.79,Card Phishing,2,4.7,1,43,0,22.32516,70.8048,1.6,3,Rajkot - Kalawad Road,,0
TXN-2026-101830,CT-2026-1030,2026-09-11 22:05:00,144427.7,UPI Fraud,1,12.7,1,4,0,22.29066,70.81449,1.12,6,Rajkot - Kalawad Road,50.7,1
TXN-2026-101831,CT-2026-1031,2026-09-01 21:31:00,170086.13,UPI Fraud,2,4.4,1,11,0,28.63992,77.24961,0.42,4,Delhi - Connaught Place,28.4,1
TXN-2026-101832,CT-2026-1032,2026-08-31 16:24:00,125350.05,Investment Scam,2,157.7,0,676,1,22.28468,70.80908,1.7,3,Rajkot - Kalawad Road,,0
TXN-2026-101833,CT-2026-1033,2026-08-05 12:29:00,10164.51,Loan App Scam,4,5.8,1,14,0,21.19808,72.83241,0.1,3,Surat - Ring Road,56.6,1
TXN-2026-101834,CT-2026-1034,2026-09-09 12:15:00,35847.05,UPI Fraud,3,19.9,1,22,0,22.29693,70.7892,1.23,9,Rajkot - Kalawad Road,63.2,1
TXN-2026-101835,CT-2026-1035,2026-08-29 13:49:00,61356.7,UPI Fraud,3,12.3,1,31,0,25.2602,78.58188,0.67,5,Rural / Other Region,54.2,1
TXN-2026-101836,CT-2026-1036,2026-09-05 13:02:00,82291.56,Card Phishing,2,7.0,1,10,1,22.30237,73.20106,1.08,1,Vadodara - Alkapuri,,0
TXN-2026-101837,CT-2026-1037,2026-09-29 16:18:00,9488.3,UPI Fraud,1,3.0,1,6,0,28.65936,77.22601,1.74,7,Delhi - Connaught Place,35.4,1
TXN-2026-101838,CT-2026-1038,2026-09-04 09:56:00,141693.57,UPI Fraud,3,1.7,1,35,0,23.02766,72.62111,2.89,2,Ahmedabad - SG Highway,,0
TXN-2026-101839,CT-2026-1039,2026-08-05 09:42:00,18161.16,Loan App Scam,2,16.6,1,31,0,22.23848,76.58865,0.73,2,Rural / Other Region,33.2,1
TXN-2026-101840,CT-2026-1040,2026-09-07 11:52:00,24240.0,Card Phishing,2,18.5,1,15,0,22.31174,73.15662,0.29,6,Vadodara - Alkapuri,,0
TXN-2026-101841,CT-2026-1041,2026-09-18 19:44:00,46011.13,UPI Fraud,4,5.6,1,12,0,22.30942,70.81357,0.39,4,Rajkot - Kalawad Road,17.9,1
TXN-2026-101842,CT-2026-1042,2026-09-26 09:53:00,82801.6,Identity Theft,2,46.0,1,7,0,21.15454,72.83586,0.1,5,Surat - Ring Road,37.4,1
TXN-2026-101843,CT-2026-1043,2026-09-26 11:52:00,372932.26,Investment Scam,3,23.4,1,15,0,28.65428,77.19855,0.32,1,Delhi - Karol Bagh,36.8,1
TXN-2026-101844,CT-2026-1044,2026-09-12 02:21:00,123504.53,Investment Scam,4,6.1,1,5,0,21.29373,77.8728,0.3,4,Rural / Other Region,28.8,1
TXN-2026-101845,CT-2026-1045,2026-09-01 07:20:00,81149.34,UPI Fraud,2,8.6,1,19,1,28.60243,77.22517,1.49,9,Delhi - Connaught Place,,0
TXN-2026-101846,CT-2026-1046,2026-09-13 11:37:00,45356.4,UPI Fraud,2,5.2,1,11,0,28.61713,77.21681,1.33,2,Delhi - Connaught Place,30.6,1
TXN-2026-101847,CT-2026-1047,2026-09-01 08:26:00,24395.32,Card Phishing,2,19.0,1,54,0,26.75686,70.68986,0.24,4,Rural / Other Region,,0
TXN-2026-101848,CT-2026-1048,2026-09-15 02:06:00,44202.46,Card Phishing,1,19.7,1,3,0,25.26563,77.29887,0.21,2,Rural / Other Region,,0
TXN-2026-101849,CT-2026-1049,2026-08-18 03:00:00,77566.35,UPI Fraud,2,5.6,1,5,0,22.31321,70.77426,0.11,5,Rajkot - Kalawad Road,21.6,1
TXN-2026-101850,CT-2026-1050,2026-08-25 07:48:00,7129.08,Card Phishing,4,5.6,1,9,0,28.64817,77.18356,0.27,2,Delhi - Karol Bagh,25.8,1
TXN-2026-101851,CT-2026-1051,2026-09-20 16:28:00,882521.99,Investment Scam,1,6.2,1,24,0,22.10833,72.9441,0.19,7,Rural / Other Region,16.0,1
TXN-2026-101852,CT-2026-1052,2026-08-18 09:38:00,7066.34,UPI Fraud,2,15.6,1,2,0,22.29893,70.77945,0.36,4,Rajkot - Kalawad Road,18.5,1
TXN-2026-101853,CT-2026-1053,2026-08-30 14:11:00,66811.27,UPI Fraud,2,16.3,1,4,0,22.31491,73.17028,0.4,3,Vadodara - Alkapuri,39.1,1
TXN-2026-101854,CT-2026-1054,2026-08-04 11:19:00,287057.25,Investment Scam,3,39.7,0,1121,1,21.14792,72.84281,2.83,1,Surat - Ring Road,,0
TXN-2026-101855,CT-2026-1055,2026-09-20 14:52:00,34466.16,Card Phishing,3,24.1,1,28,0,25.3934,74.60061,0.34,3,Rural / Other Region,,0
TXN-2026-101856,CT-2026-1056,2026-08-31 12:45:00,20628.72,UPI Fraud,3,155.8,0,1228,1,28.6503,77.1988,1.34,1,Delhi - Karol Bagh,,0
TXN-2026-101857,CT-2026-1057,2026-08-09 13:00:00,526065.05,Investment Scam,2,4.4,1,45,0,22.83575,74.49473,0.21,3,Rural / Other Region,,0
TXN-2026-101858,CT-2026-1058,2026-09-15 10:19:00,1181147.18,Investment Scam,3,5.9,1,3,0,28.63971,77.21512,0.5,7,Delhi - Connaught Place,33.2,1
TXN-2026-101859,CT-2026-1059,2026-08-05 13:57:00,188753.87,Identity Theft,1,6.7,1,2,0,25.58937,79.28958,1.6,3,Rural / Other Region,42.2,1
TXN-2026-101860,CT-2026-1060,2026-09-06 21:49:00,592685.11,Investment Scam,4,4.7,1,36,1,28.6401,77.17125,0.47,5,Delhi - Karol Bagh,48.5,1
TXN-2026-101861,CT-2026-1061,2026-09-12 15:45:00,41095.5,UPI Fraud,5,24.1,1,53,0,22.30241,73.17642,0.82,7,Vadodara - Alkapuri,,0
TXN-2026-101862,CT-2026-1062,2026-08-08 02:34:00,17831.35,UPI Fraud,2,3.1,1,1,0,23.0503,72.56189,0.11,4,Ahmedabad - SG Highway,45.0,1
TXN-2026-101863,CT-2026-1063,2026-09-18 17:33:00,115762.78,UPI Fraud,3,22.4,1,25,0,22.29826,73.17204,0.43,1,Vadodara - Alkapuri,,0
TXN-2026-101864,CT-2026-1064,2026-09-16 15:00:00,51661.71,Loan App Scam,2,5.2,1,6,0,22.29548,70.80591,0.51,3,Rajkot - Kalawad Road,38.2,1
TXN-2026-101865,CT-2026-1065,2026-08-05 07:14:00,23389.42,Loan App Scam,1,10.6,1,30,0,21.16954,72.82279,0.44,6,Surat - Ring Road,,0
TXN-2026-101866,CT-2026-1066,2026-08-09 13:29:00,67904.84,UPI Fraud,1,13.5,1,45,0,28.6498,77.19293,0.66,6,Delhi - Karol Bagh,48.1,1
TXN-2026-101867,CT-2026-1067,2026-08-21 22:46:00,5634.75,UPI Fraud,2,37.4,0,1438,1,28.66044,77.17977,3.02,3,Delhi - Karol Bagh,,0
TXN-2026-101868,CT-2026-1068,2026-09-09 12:16:00,99656.66,Card Phishing,2,2.6,1,2,0,23.89661,77.16805,0.14,5,Rural / Other Region,27.2,1
TXN-2026-101869,CT-2026-1069,2026-09-26 02:46:00,16881.63,Card Phishing,3,28.6,1,8,0,28.62806,77.22417,0.39,8,Delhi - Connaught Place,33.9,1
TXN-2026-101870,CT-2026-1070,2026-08-31 09:23:00,19202.49,UPI Fraud,1,32.0,0,215,1,23.0279,72.57268,3.55,1,Ahmedabad - SG Highway,,0
TXN-2026-101871,CT-2026-1071,2026-08-15 13:13:00,73333.7,UPI Fraud,2,8.0,1,7,0,28.64321,77.22136,1.8,7,Delhi - Connaught Place,39.6,1
TXN-2026-101872,CT-2026-1072,2026-08-02 10:21:00,10612.98,Loan App Scam,1,33.0,1,5,0,21.18703,72.82941,0.27,5,Surat - Ring Road,,0
TXN-2026-101873,CT-2026-1073,2026-09-24 15:13:00,72295.51,UPI Fraud,2,2.4,1,12,0,22.30688,70.81238,1.17,1,Rajkot - Kalawad Road,,0
TXN-2026-101874,CT-2026-1074,2026-08-31 14:28:00,41545.14,Loan App Scam,1,123.4,0,312,1,23.30667,73.76451,0.86,2,Rural / Other Region,,0
TXN-2026-101875,CT-2026-1075,2026-08-13 16:46:00,24019.81,UPI Fraud,3,14.9,1,40,0,28.68193,77.1931,0.95,5,Delhi - Karol Bagh,32.5,1
TXN-2026-101876,CT-2026-1076,2026-08-16 08:16:00,14009.83,UPI Fraud,2,12.9,1,54,0,22.2986,70.81548,1.43,6,Rajkot - Kalawad Road,,0
TXN-2026-101877,CT-2026-1077,2026-09-05 12:49:00,45379.09,UPI Fraud,2,196.9,0,1455,1,27.13548,72.13754,2.78,1,Rural / Other Region,,0
TXN-2026-101878,CT-2026-1078,2026-09-26 13:50:00,15649.87,UPI Fraud,2,9.2,1,12,0,22.31774,73.17537,0.43,6,Vadodara - Alkapuri,52.8,1
TXN-2026-101879,CT-2026-1079,2026-08-29 15:09:00,10753.92,UPI Fraud,3,14.1,1,41,0,23.73171,74.72434,1.19,4,Rural / Other Region,,0
TXN-2026-101880,CT-2026-1080,2026-08-06 09:28:00,194687.37,Investment Scam,2,4.2,1,5,0,23.01492,72.57194,0.62,8,Ahmedabad - SG Highway,35.1,1
TXN-2026-101881,CT-2026-1081,2026-08-30 02:53:00,98739.26,UPI Fraud,4,57.0,0,1024,1,27.7105,77.4374,0.74,1,Rural / Other Region,,0
TXN-2026-101882,CT-2026-1082,2026-08-07 13:28:00,10450.99,Loan App Scam,3,167.0,0,1056,1,28.65954,77.18522,4.36,1,Delhi - Karol Bagh,,0
TXN-2026-101883,CT-2026-1083,2026-08-26 08:23:00,512270.89,Investment Scam,1,4.2,1,35,0,28.61818,77.19688,1.17,5,Delhi - Connaught Place,39.3,1
TXN-2026-101884,CT-2026-1084,2026-08-07 05:06:00,5225.49,UPI Fraud,5,3.4,1,35,1,22.30442,73.18909,0.82,3,Vadodara - Alkapuri,30.5,1
TXN-2026-101885,CT-2026-1085,2026-08-02 15:12:00,64049.41,Card Phishing,2,35.5,1,11,0,20.08959,76.92866,2.24,6,Rural / Other Region,,0
TXN-2026-101886,CT-2026-1086,2026-09-08 09:14:00,108570.25,Loan App Scam,3,5.6,1,16,0,22.30197,70.80778,0.31,2,Rajkot - Kalawad Road,36.0,1
TXN-2026-101887,CT-2026-1087,2026-08-09 15:58:00,11384.57,Card Phishing,1,105.3,0,1365,1,21.1713,72.83041,5.6,1,Surat - Ring Road,,0
TXN-2026-101888,CT-2026-1088,2026-09-28 17:51:00,14490.6,UPI Fraud,1,45.4,1,14,0,22.3301,73.14817,0.15,5,Vadodara - Alkapuri,,0
TXN-2026-101889,CT-2026-1089,2026-08-25 12:22:00,20289.16,Card Phishing,3,12.2,1,40,0,28.63949,77.21954,0.55,6,Delhi - Connaught Place,42.2,1
TXN-2026-101890,CT-2026-1090,2026-08-08 23:25:00,218858.42,Investment Scam,1,6.5,1,8,0,22.29857,70.7919,1.19,5,Rajkot - Kalawad Road,,0
TXN-2026-101891,CT-2026-1091,2026-09-04 11:48:00,151774.25,Investment Scam,2,101.9,0,682,1,28.63456,77.19457,5.13,1,Delhi - Karol Bagh,,0
TXN-2026-101892,CT-2026-1092,2026-08-08 11:17:00,435980.67,Investment Scam,3,5.1,1,2,1,23.72269,74.56147,0.71,5,Rural / Other Region,52.4,1
TXN-2026-101893,CT-2026-1093,2026-09-09 17:23:00,100859.13,UPI Fraud,5,29.3,1,52,0,23.03656,72.56274,0.79,5,Ahmedabad - SG Highway,,0
TXN-2026-101894,CT-2026-1094,2026-09-18 16:55:00,24431.22,Card Phishing,1,1.6,1,14,0,21.18716,72.8526,0.43,5,Surat - Ring Road,27.1,1
TXN-2026-101895,CT-2026-1095,2026-08-15 17:52:00,31152.96,UPI Fraud,4,14.9,1,1,0,20.21907,79.78095,1.76,2,Rural / Other Region,28.4,1
TXN-2026-101896,CT-2026-1096,2026-09-22 15:56:00,105634.13,Card Phishing,5,21.9,1,26,0,28.62531,77.22775,0.65,3,Delhi - Connaught Place,31.7,1
TXN-2026-101897,CT-2026-1097,2026-08-03 13:01:00,20583.55,UPI Fraud,2,15.9,1,18,0,28.64108,77.19561,0.22,4,Delhi - Karol Bagh,39.9,1
TXN-2026-101898,CT-2026-1098,2026-09-29 20:24:00,25877.93,Loan App Scam,2,31.7,1,5,0,28.62538,77.20579,1.05,6,Delhi - Connaught Place,55.6,1
TXN-2026-101899,CT-2026-1099,2026-09-07 06:43:00,38301.23,Loan App Scam,2,57.6,1,3,0,21.17225,72.8532,0.42,7,Surat - Ring Road,,0
TXN-2026-101900,CT-2026-1100,2026-09-08 15:43:00,414893.82,Investment Scam,1,1.5,1,9,0,23.02366,72.58328,2.04,7,Ahmedabad - SG Highway,12.6,1
TXN-2026-101901,CT-2026-1101,2026-08-19 09:40:00,9124.45,UPI Fraud,1,23.8,1,15,1,22.2999,73.16612,0.15,6,Vadodara - Alkapuri,31.4,1
TXN-2026-101902,CT-2026-1102,2026-09-03 00:23:00,10976.53,Card Phishing,1,2.4,1,3,0,25.86792,78.4362,0.42,6,Rural / Other Region,34.4,1
TXN-2026-101903,CT-2026-1103,2026-09-23 11:16:00,47830.25,UPI Fraud,3,8.7,1,7,1,28.64528,77.18178,0.53,8,Delhi - Karol Bagh,30.4,1
TXN-2026-101904,CT-2026-1104,2026-09-18 16:41:00,36839.82,Loan App Scam,2,5.1,1,7,0,28.64778,77.18962,0.27,3,Delhi - Karol Bagh,26.0,1
TXN-2026-101905,CT-2026-1105,2026-08-27 13:20:00,9955.43,Loan App Scam,2,75.6,0,353,1,27.24022,75.5117,1.69,1,Rural / Other Region,,0
TXN-2026-101906,CT-2026-1106,2026-09-21 17:33:00,5410.26,Card Phishing,4,18.1,1,2,0,28.61359,77.21336,0.21,5,Delhi - Connaught Place,12.0,1
TXN-2026-101907,CT-2026-1107,2026-09-19 15:40:00,382101.31,Investment Scam,1,4.8,1,3,0,22.32518,73.17585,0.9,7,Vadodara - Alkapuri,,0
TXN-2026-101908,CT-2026-1108,2026-08-10 13:14:00,82768.07,Card Phishing,3,33.1,1,6,0,22.28429,73.17905,0.28,7,Vadodara - Alkapuri,31.0,1
TXN-2026-101909,CT-2026-1109,2026-08-24 15:04:00,22667.02,Card Phishing,3,36.5,1,19,0,21.15186,72.86422,0.44,3,Surat - Ring Road,,0
TXN-2026-101910,CT-2026-1110,2026-08-29 20:53:00,914398.2,Investment Scam,3,15.5,1,11,0,28.62035,77.20575,1.35,10,Delhi - Connaught Place,44.0,1
TXN-2026-101911,CT-2026-1111,2026-09-16 08:31:00,63098.45,UPI Fraud,3,6.2,1,3,0,21.18742,72.85494,1.48,7,Surat - Ring Road,15.8,1
TXN-2026-101912,CT-2026-1112,2026-08-12 07:21:00,85467.59,Loan App Scam,2,14.7,1,8,0,23.01784,72.6075,0.11,5,Ahmedabad - SG Highway,29.3,1
TXN-2026-101913,CT-2026-1113,2026-08-23 08:06:00,7428.39,UPI Fraud,4,7.4,1,3,0,22.29988,73.21711,0.2,5,Vadodara - Alkapuri,53.6,1
TXN-2026-101914,CT-2026-1114,2026-09-15 13:46:00,148288.55,Loan App Scam,2,4.3,1,2,0,22.12385,79.4162,0.27,3,Rural / Other Region,9.5,1
TXN-2026-101915,CT-2026-1115,2026-09-27 15:03:00,38982.81,UPI Fraud,2,14.7,1,23,0,24.68612,77.86716,0.13,3,Rural / Other Region,,0
TXN-2026-101916,CT-2026-1116,2026-08-14 11:19:00,183182.79,Investment Scam,2,5.2,1,8,0,21.15285,72.82432,0.57,2,Surat - Ring Road,34.0,1
TXN-2026-101917,CT-2026-1117,2026-08-06 14:07:00,55793.59,UPI Fraud,1,164.7,0,1391,1,28.62119,77.22389,1.03,2,Delhi - Connaught Place,,0
TXN-2026-101918,CT-2026-1118,2026-08-31 16:56:00,229804.19,Investment Scam,4,172.9,0,204,1,22.30345,73.19774,6.69,2,Vadodara - Alkapuri,,0
TXN-2026-101919,CT-2026-1119,2026-08-16 17:35:00,85936.26,UPI Fraud,2,18.7,1,19,0,23.02339,72.58288,0.5,3,Ahmedabad - SG Highway,,0
TXN-2026-101920,CT-2026-1120,2026-08-04 15:07:00,83934.52,Loan App Scam,2,3.7,1,2,1,28.60545,77.22317,0.27,3,Delhi - Connaught Place,,0
TXN-2026-101921,CT-2026-1121,2026-08-16 08:10:00,28758.34,Loan App Scam,2,47.1,0,1181,1,28.64094,77.22012,0.79,1,Delhi - Connaught Place,,0
TXN-2026-101922,CT-2026-1122,2026-08-17 17:31:00,15196.14,Card Phishing,1,4.0,1,1,0,28.65125,77.18327,0.7,8,Delhi - Karol Bagh,27.6,1
TXN-2026-101923,CT-2026-1123,2026-09-19 13:21:00,14318.79,Identity Theft,5,9.9,1,13,0,22.29038,70.78588,0.41,10,Rajkot - Kalawad Road,63.9,1
TXN-2026-101924,CT-2026-1124,2026-09-26 12:26:00,10082.54,Card Phishing,1,6.3,1,1,1,28.64845,77.17946,0.49,5,Delhi - Karol Bagh,,0
TXN-2026-101925,CT-2026-1125,2026-09-21 15:08:00,102817.16,Card Phishing,5,17.7,1,9,0,25.44743,78.81563,0.15,5,Rural / Other Region,46.7,1
TXN-2026-101926,CT-2026-1126,2026-09-17 11:09:00,83888.65,UPI Fraud,1,8.4,1,8,0,22.27905,70.79423,0.36,3,Rajkot - Kalawad Road,,0
TXN-2026-101927,CT-2026-1127,2026-08-13 10:03:00,135316.25,UPI Fraud,3,4.0,1,49,0,22.31277,73.18955,0.19,4,Vadodara - Alkapuri,,0
TXN-2026-101928,CT-2026-1128,2026-08-25 08:40:00,217460.48,Investment Scam,1,35.7,1,5,0,28.6476,77.20793,0.5,6,Delhi - Connaught Place,,0
TXN-2026-101929,CT-2026-1129,2026-08-30 22:03:00,37909.85,UPI Fraud,1,26.3,1,33,1,28.66674,77.17978,2.79,7,Delhi - Karol Bagh,,0
TXN-2026-101930,CT-2026-1130,2026-08-06 06:52:00,32236.17,Loan App Scam,1,8.0,1,42,0,27.74165,72.926,0.71,5,Rural / Other Region,,0
TXN-2026-101931,CT-2026-1131,2026-08-30 07:55:00,47041.23,UPI Fraud,1,6.6,1,19,0,22.30538,73.19609,0.27,4,Vadodara - Alkapuri,,0
TXN-2026-101932,CT-2026-1132,2026-08-22 06:18:00,47047.62,UPI Fraud,2,13.1,1,101,0,28.66185,77.19603,2.85,1,Delhi - Karol Bagh,,0
TXN-2026-101933,CT-2026-1133,2026-09-18 10:00:00,40878.03,UPI Fraud,3,106.2,0,229,1,28.65303,77.17711,1.04,2,Delhi - Karol Bagh,,0
TXN-2026-101934,CT-2026-1134,2026-09-28 11:58:00,8616.41,UPI Fraud,2,110.8,0,715,1,20.9553,70.17611,1.27,1,Rural / Other Region,,0
TXN-2026-101935,CT-2026-1135,2026-08-06 13:55:00,75618.87,UPI Fraud,4,29.8,1,28,0,22.30086,73.1893,0.57,8,Vadodara - Alkapuri,37.0,1
TXN-2026-101936,CT-2026-1136,2026-08-27 22:00:00,67847.7,UPI Fraud,2,179.6,0,553,1,22.28846,73.17635,4.91,1,Vadodara - Alkapuri,,0
TXN-2026-101937,CT-2026-1137,2026-09-04 12:50:00,290668.06,Investment Scam,3,39.3,1,1,0,23.03391,72.57803,0.72,4,Ahmedabad - SG Highway,44.2,1
TXN-2026-101938,CT-2026-1138,2026-08-10 05:06:00,24949.84,UPI Fraud,3,75.7,0,1493,1,21.15678,72.80933,2.28,1,Surat - Ring Road,,0
TXN-2026-101939,CT-2026-1139,2026-08-23 10:56:00,75419.67,Investment Scam,1,8.9,1,17,0,22.243,70.76823,0.44,8,Rural / Other Region,24.4,1
TXN-2026-101940,CT-2026-1140,2026-08-01 10:09:00,56050.75,Card Phishing,1,8.6,1,2,0,22.29646,70.80208,0.84,3,Rajkot - Kalawad Road,35.1,1
TXN-2026-101941,CT-2026-1141,2026-09-23 13:46:00,52688.98,Loan App Scam,1,4.8,1,9,0,22.25999,70.80644,1.07,3,Rajkot - Kalawad Road,,0
TXN-2026-101942,CT-2026-1142,2026-09-22 10:15:00,33702.82,UPI Fraud,4,3.2,1,43,0,22.29354,70.81106,0.4,4,Rajkot - Kalawad Road,33.9,1
TXN-2026-101943,CT-2026-1143,2026-09-18 16:20:00,11295.77,UPI Fraud,2,3.7,1,11,0,22.44796,74.76892,0.53,7,Rural / Other Region,25.0,1
TXN-2026-101944,CT-2026-1144,2026-08-17 08:37:00,51385.21,UPI Fraud,2,3.6,1,1,0,22.41256,78.90283,0.58,3,Rural / Other Region,38.1,1
TXN-2026-101945,CT-2026-1145,2026-08-27 08:36:00,36631.23,UPI Fraud,3,4.6,1,17,0,23.06208,72.59534,0.38,3,Ahmedabad - SG Highway,21.6,1
TXN-2026-101946,CT-2026-1146,2026-08-04 15:08:00,20210.09,Identity Theft,3,7.9,1,11,1,26.12355,79.44198,0.23,11,Rural / Other Region,42.9,1
TXN-2026-101947,CT-2026-1147,2026-08-12 15:57:00,1262494.9,Investment Scam,3,15.1,1,4,0,28.59944,77.23265,0.22,10,Delhi - Connaught Place,62.1,1
TXN-2026-101948,CT-2026-1148,2026-09-07 20:50:00,465329.51,Investment Scam,4,8.9,1,4,0,22.30731,70.78674,0.74,2,Rajkot - Kalawad Road,51.9,1
TXN-2026-101949,CT-2026-1149,2026-09-25 23:11:00,113310.01,Identity Theft,2,43.1,0,947,1,23.01697,72.57385,2.63,2,Ahmedabad - SG Highway,,0
TXN-2026-101950,CT-2026-1150,2026-08-15 13:06:00,58508.31,UPI Fraud,5,15.2,1,6,0,21.17,78.41174,1.46,9,Rural / Other Region,39.0,1
TXN-2026-101951,CT-2026-1151,2026-08-27 04:28:00,29433.6,UPI Fraud,1,5.8,1,6,0,22.3545,72.95401,1.0,4,Rural / Other Region,30.3,1
TXN-2026-101952,CT-2026-1152,2026-09-12 08:42:00,8632.93,Card Phishing,1,2.3,1,1,0,20.09251,73.64939,0.55,3,Rural / Other Region,,0
TXN-2026-101953,CT-2026-1153,2026-08-04 13:16:00,9323.2,UPI Fraud,4,5.9,1,35,0,22.30448,73.19622,0.64,1,Vadodara - Alkapuri,31.4,1
TXN-2026-101954,CT-2026-1154,2026-09-29 13:22:00,71571.22,Card Phishing,1,4.2,1,3,0,28.61455,77.22828,0.77,11,Delhi - Connaught Place,44.2,1
TXN-2026-101955,CT-2026-1155,2026-08-28 13:02:00,19758.38,Card Phishing,3,101.1,0,944,1,23.04072,72.59996,5.51,1,Ahmedabad - SG Highway,,0
TXN-2026-101956,CT-2026-1156,2026-09-29 09:27:00,25759.53,Loan App Scam,1,117.9,0,231,1,21.1646,72.83355,1.56,1,Surat - Ring Road,,0
TXN-2026-101957,CT-2026-1157,2026-08-01 09:34:00,482854.3,Investment Scam,2,61.9,0,797,1,28.65886,77.17522,1.51,1,Delhi - Karol Bagh,,0
TXN-2026-101958,CT-2026-1158,2026-08-17 16:52:00,37277.26,UPI Fraud,1,173.9,0,722,1,28.62347,77.22744,5.43,1,Delhi - Connaught Place,,0
TXN-2026-101959,CT-2026-1159,2026-08-18 16:03:00,13673.65,Loan App Scam,3,3.8,1,23,0,28.60911,77.20817,0.76,4,Delhi - Connaught Place,30.7,1
TXN-2026-101960,CT-2026-1160,2026-08-01 08:52:00,18921.46,Loan App Scam,1,69.2,0,693,1,23.05418,72.58045,1.3,1,Ahmedabad - SG Highway,,0
TXN-2026-101961,CT-2026-1161,2026-08-02 11:19:00,22834.88,UPI Fraud,4,13.7,1,45,0,22.33695,70.79867,0.83,6,Rajkot - Kalawad Road,23.9,1
TXN-2026-101962,CT-2026-1162,2026-09-08 15:38:00,33780.71,Card Phishing,1,4.7,1,33,0,22.31029,70.80688,0.26,5,Rajkot - Kalawad Road,18.8,1
TXN-2026-101963,CT-2026-1163,2026-08-02 10:16:00,40068.51,Card Phishing,2,10.9,1,5,0,22.32632,70.80145,0.18,5,Rajkot - Kalawad Road,,0
TXN-2026-101964,CT-2026-1164,2026-08-21 22:56:00,78788.86,UPI Fraud,2,71.2,0,1444,1,22.271,70.79352,3.13,1,Rajkot - Kalawad Road,,0
TXN-2026-101965,CT-2026-1165,2026-08-14 08:46:00,38211.14,Loan App Scam,2,3.8,1,64,0,23.78269,72.64072,0.97,7,Rural / Other Region,,0
TXN-2026-101966,CT-2026-1166,2026-08-13 08:10:00,49786.62,Card Phishing,2,13.3,1,14,0,22.29752,73.18666,0.27,3,Vadodara - Alkapuri,38.3,1
TXN-2026-101967,CT-2026-1167,2026-09-18 15:51:00,9184.89,UPI Fraud,2,24.5,1,11,0,28.64967,77.21395,0.39,4,Delhi - Karol Bagh,42.3,1
TXN-2026-101968,CT-2026-1168,2026-08-17 15:07:00,37603.76,Loan App Scam,1,23.2,1,11,0,28.66635,77.21143,0.28,4,Delhi - Connaught Place,9.2,1
TXN-2026-101969,CT-2026-1169,2026-08-31 00:22:00,15958.4,UPI Fraud,2,26.7,1,8,0,20.19282,71.18231,1.83,4,Rural / Other Region,,0
TXN-2026-101970,CT-2026-1170,2026-08-01 13:19:00,41021.59,UPI Fraud,1,3.6,1,10,0,28.65231,77.18931,0.18,5,Delhi - Connaught Place,,0
TXN-2026-101971,CT-2026-1171,2026-09-11 10:27:00,21516.41,UPI Fraud,3,34.4,1,4,0,28.62201,77.22535,0.58,1,Delhi - Connaught Place,,0
TXN-2026-101972,CT-2026-1172,2026-08-20 13:19:00,128757.6,UPI Fraud,4,2.2,1,19,0,21.17533,72.82857,0.18,5,Surat - Ring Road,33.6,1
TXN-2026-101973,CT-2026-1173,2026-08-12 07:32:00,36260.58,Loan App Scam,3,55.3,0,865,1,28.65585,77.1937,7.65,1,Delhi - Karol Bagh,,0
TXN-2026-101974,CT-2026-1174,2026-09-16 17:20:00,306080.08,UPI Fraud,3,195.2,0,1204,1,21.17748,72.8538,3.13,1,Surat - Ring Road,,0
TXN-2026-101975,CT-2026-1175,2026-08-23 12:35:00,506739.18,Investment Scam,3,28.2,1,6,0,28.64209,77.186,1.49,4,Delhi - Karol Bagh,40.4,1
TXN-2026-101976,CT-2026-1176,2026-08-07 15:41:00,31457.02,Loan App Scam,2,13.5,1,26,0,20.65407,74.8274,0.38,5,Rural / Other Region,25.9,1
TXN-2026-101977,CT-2026-1177,2026-08-30 13:52:00,53084.29,Loan App Scam,2,5.7,1,19,1,22.29858,73.18778,0.93,4,Vadodara - Alkapuri,,0
TXN-2026-101978,CT-2026-1178,2026-09-17 14:52:00,32582.07,UPI Fraud,1,153.2,0,1380,1,28.68902,77.19004,1.62,1,Delhi - Karol Bagh,,0
TXN-2026-101979,CT-2026-1179,2026-09-04 14:57:00,69177.26,UPI Fraud,1,2.3,1,17,0,22.31401,73.17196,0.91,3,Vadodara - Alkapuri,,0
TXN-2026-101980,CT-2026-1180,2026-08-26 11:10:00,10777.23,UPI Fraud,2,5.8,1,23,1,28.59753,77.22011,0.93,9,Delhi - Connaught Place,,0
TXN-2026-101981,CT-2026-1181,2026-09-06 13:11:00,74477.37,UPI Fraud,2,9.2,1,17,0,25.38463,76.0599,0.18,2,Rural / Other Region,,0
TXN-2026-101982,CT-2026-1182,2026-09-19 10:18:00,779273.48,Investment Scam,2,11.5,1,13,0,28.65245,77.2324,1.86,6,Delhi - Connaught Place,31.4,1
TXN-2026-101983,CT-2026-1183,2026-09-25 09:24:00,82147.96,Investment Scam,1,12.8,1,3,0,20.63227,75.51521,0.81,3,Rural / Other Region,10.1,1
TXN-2026-101984,CT-2026-1184,2026-08-20 22:37:00,71381.32,UPI Fraud,3,26.0,1,2,0,23.01848,72.5945,2.1,4,Ahmedabad - SG Highway,28.7,1
TXN-2026-101985,CT-2026-1185,2026-08-04 09:40:00,147298.68,Investment Scam,2,7.6,1,20,0,28.61273,77.22783,0.58,3,Delhi - Connaught Place,35.0,1
TXN-2026-101986,CT-2026-1186,2026-09-28 09:19:00,25770.56,Card Phishing,1,1.9,1,24,0,28.63818,77.18298,0.15,5,Delhi - Karol Bagh,41.8,1
TXN-2026-101987,CT-2026-1187,2026-08-08 23:04:00,51501.62,UPI Fraud,1,6.6,1,4,0,22.291,70.8198,0.86,3,Rajkot - Kalawad Road,7.7,1
TXN-2026-101988,CT-2026-1188,2026-08-27 23:22:00,52938.6,UPI Fraud,3,5.8,1,2,1,23.05128,72.57706,0.17,3,Ahmedabad - SG Highway,,0
TXN-2026-101989,CT-2026-1189,2026-08-15 10:08:00,51850.56,Loan App Scam,1,20.0,1,46,1,28.6276,77.21278,0.16,1,Delhi - Connaught Place,,0
TXN-2026-101990,CT-2026-1190,2026-08-13 07:50:00,32130.15,UPI Fraud,3,3.0,1,19,0,22.31411,73.1911,0.25,4,Vadodara - Alkapuri,40.5,1
TXN-2026-101991,CT-2026-1191,2026-09-16 15:04:00,131447.39,Investment Scam,3,174.5,0,190,1,22.32905,73.17051,1.36,1,Vadodara - Alkapuri,,0
TXN-2026-101992,CT-2026-1192,2026-08-04 10:13:00,56804.3,UPI Fraud,2,15.8,1,15,0,22.29003,70.79747,2.78,4,Rajkot - Kalawad Road,,0
TXN-2026-101993,CT-2026-1193,2026-09-09 16:07:00,53390.45,Identity Theft,4,21.4,1,12,0,22.30634,73.20443,0.25,7,Vadodara - Alkapuri,42.6,1
TXN-2026-101994,CT-2026-1194,2026-09-17 06:51:00,43432.3,Loan App Scam,2,14.5,1,6,0,21.18501,72.84786,1.2,6,Surat - Ring Road,37.6,1
TXN-2026-101995,CT-2026-1195,2026-08-31 02:10:00,26647.31,UPI Fraud,4,13.5,1,3,0,22.31476,73.16705,1.0,7,Vadodara - Alkapuri,22.2,1
TXN-2026-101996,CT-2026-1196,2026-09-08 08:21:00,372916.35,Investment Scam,2,7.1,1,26,0,22.29116,70.80589,0.4,5,Rajkot - Kalawad Road,35.0,1
TXN-2026-101997,CT-2026-1197,2026-09-23 14:58:00,18107.09,Card Phishing,1,14.1,1,11,0,21.19596,72.81863,3.37,6,Surat - Ring Road,,0
TXN-2026-101998,CT-2026-1198,2026-08-31 11:50:00,30319.68,UPI Fraud,3,302.1,0,534,1,21.14534,72.82819,1.32,1,Surat - Ring Road,,0
TXN-2026-101999,CT-2026-1199,2026-09-10 10:24:00,656685.99,Investment Scam,2,39.9,0,187,1,28.65105,77.2328,3.31,1,Delhi - Connaught Place,,0
TXN-2026-102000,CT-2026-1200,2026-08-14 13:34:00,21252.45,UPI Fraud,2,3.1,1,13,0,23.05614,72.61435,0.15,7,Ahmedabad - SG Highway,22.6,1
TXN-2026-102001,CT-2026-1201,2026-09-13 08:01:00,109140.47,Card Phishing,2,250.3,0,747,1,22.31927,70.80508,1.29,1,Rajkot - Kalawad Road,,0
TXN-2026-102002,CT-2026-1202,2026-08-19 11:03:00,49409.96,UPI Fraud,2,9.4,1,20,0,21.17322,72.84437,2.7,3,Surat - Ring Road,,0
TXN-2026-102003,CT-2026-1203,2026-08-02 13:10:00,84075.5,UPI Fraud,2,7.6,1,30,0,28.64389,77.17502,0.12,3,Delhi - Karol Bagh,47.4,1
TXN-2026-102004,CT-2026-1204,2026-09-08 12:12:00,100879.42,Card Phishing,2,8.0,1,22,0,23.44172,70.47884,1.04,4,Rural / Other Region,26.1,1
TXN-2026-102005,CT-2026-1205,2026-09-10 13:06:00,886171.09,Investment Scam,3,284.1,0,310,1,23.04996,72.60049,1.14,1,Ahmedabad - SG Highway,,0
TXN-2026-102006,CT-2026-1206,2026-09-29 12:30:00,177249.69,Investment Scam,2,13.3,1,23,0,21.16216,72.83702,0.33,8,Surat - Ring Road,18.3,1
TXN-2026-102007,CT-2026-1207,2026-08-19 11:48:00,72549.52,UPI Fraud,3,50.7,0,769,1,22.28853,70.80325,6.17,1,Rajkot - Kalawad Road,,0
TXN-2026-102008,CT-2026-1208,2026-08-08 10:15:00,152777.91,Investment Scam,2,30.0,1,7,1,23.00933,72.58941,0.2,6,Ahmedabad - SG Highway,40.0,1
TXN-2026-102009,CT-2026-1209,2026-08-05 12:21:00,46634.55,UPI Fraud,2,36.3,0,700,1,22.30386,70.81599,2.99,3,Rajkot - Kalawad Road,,0
TXN-2026-102010,CT-2026-1210,2026-09-08 14:14:00,20652.17,UPI Fraud,3,74.3,0,1066,1,21.27869,77.88885,1.17,1,Rural / Other Region,,0
TXN-2026-102011,CT-2026-1211,2026-09-24 16:13:00,52210.63,UPI Fraud,2,23.4,1,9,0,21.16036,72.82619,1.2,3,Surat - Ring Road,41.5,1
TXN-2026-102012,CT-2026-1212,2026-09-17 11:07:00,41745.57,UPI Fraud,2,73.2,0,1211,1,28.62232,77.17879,7.2,2,Delhi - Karol Bagh,,0
TXN-2026-102013,CT-2026-1213,2026-08-09 09:52:00,372447.98,Investment Scam,4,3.2,1,17,0,22.28417,70.82399,1.45,3,Rajkot - Kalawad Road,47.9,1
TXN-2026-102014,CT-2026-1214,2026-09-11 20:46:00,253077.09,Loan App Scam,1,3.3,1,25,0,20.51084,72.89268,0.28,5,Rural / Other Region,32.9,1
TXN-2026-102015,CT-2026-1215,2026-08-13 13:29:00,72803.74,Identity Theft,5,20.8,1,12,0,22.28964,73.16872,0.3,5,Vadodara - Alkapuri,40.9,1
TXN-2026-102016,CT-2026-1216,2026-08-06 11:04:00,621599.21,Investment Scam,5,9.2,1,6,0,28.62704,77.21068,0.58,6,Delhi - Connaught Place,32.0,1
TXN-2026-102017,CT-2026-1217,2026-08-02 01:17:00,10853.68,Card Phishing,3,18.9,1,1,0,21.18018,72.81314,1.11,6,Surat - Ring Road,15.7,1
TXN-2026-102018,CT-2026-1218,2026-09-16 15:44:00,32383.4,UPI Fraud,5,36.3,0,1130,1,24.97062,73.86107,5.4,1,Rural / Other Region,,0
TXN-2026-102019,CT-2026-1219,2026-09-09 14:24:00,16931.7,Card Phishing,3,141.7,0,273,1,23.00292,72.59096,2.12,1,Ahmedabad - SG Highway,,0
TXN-2026-102020,CT-2026-1220,2026-08-26 03:26:00,10183.92,Loan App Scam,1,207.3,0,1462,1,22.75779,75.31045,2.16,1,Rural / Other Region,,0
TXN-2026-102021,CT-2026-1221,2026-08-10 07:31:00,36000.67,UPI Fraud,2,3.3,1,2,0,22.29827,73.17942,2.0,3,Vadodara - Alkapuri,53.3,1
TXN-2026-102022,CT-2026-1222,2026-09-04 13:58:00,118350.07,UPI Fraud,1,186.7,0,677,1,21.14208,72.83152,5.32,2,Surat - Ring Road,,0
TXN-2026-102023,CT-2026-1223,2026-08-10 14:12:00,110593.91,Investment Scam,1,6.1,1,14,0,20.44209,71.69133,0.34,3,Rural / Other Region,50.4,1
TXN-2026-102024,CT-2026-1224,2026-08-20 07:54:00,1966788.93,Investment Scam,2,3.9,1,10,0,22.33765,73.1782,0.85,1,Vadodara - Alkapuri,24.2,1
TXN-2026-102025,CT-2026-1225,2026-09-06 11:13:00,352242.71,Investment Scam,2,14.8,1,11,0,21.20065,72.83929,0.34,5,Surat - Ring Road,,0
TXN-2026-102026,CT-2026-1226,2026-09-19 11:24:00,56197.42,UPI Fraud,3,6.1,1,7,0,23.06076,72.58691,0.35,2,Ahmedabad - SG Highway,50.2,1
TXN-2026-102027,CT-2026-1227,2026-08-18 10:12:00,465519.89,Investment Scam,1,234.2,0,1237,1,23.02977,72.60512,1.95,4,Ahmedabad - SG Highway,,0
TXN-2026-102028,CT-2026-1228,2026-08-17 09:53:00,11409.0,UPI Fraud,2,8.7,1,40,0,24.95861,79.34463,0.6,7,Rural / Other Region,39.9,1
TXN-2026-102029,CT-2026-1229,2026-09-01 14:57:00,6104.88,Loan App Scam,1,4.6,1,46,0,26.10487,74.14792,0.73,6,Rural / Other Region,,0
TXN-2026-102030,CT-2026-1230,2026-08-01 07:04:00,13608.01,UPI Fraud,1,39.6,1,40,0,23.04808,72.55952,0.35,10,Ahmedabad - SG Highway,25.2,1
TXN-2026-102031,CT-2026-1231,2026-08-11 13:48:00,53555.02,Investment Scam,2,4.5,1,35,0,28.63571,77.19193,1.13,3,Delhi - Karol Bagh,19.9,1
TXN-2026-102032,CT-2026-1232,2026-08-06 15:01:00,23442.7,Loan App Scam,2,1.7,1,15,0,22.30202,70.77024,0.74,6,Rajkot - Kalawad Road,27.2,1
TXN-2026-102033,CT-2026-1233,2026-09-07 23:16:00,101709.66,UPI Fraud,5,4.8,1,9,0,23.05738,72.57844,0.19,3,Ahmedabad - SG Highway,16.6,1
TXN-2026-102034,CT-2026-1234,2026-09-25 12:42:00,29971.24,UPI Fraud,2,55.7,0,270,1,23.03913,72.5896,2.84,3,Ahmedabad - SG Highway,,0
TXN-2026-102035,CT-2026-1235,2026-08-27 13:25:00,41334.07,Identity Theft,3,37.9,1,32,0,28.63827,77.20846,0.55,4,Delhi - Karol Bagh,,0
TXN-2026-102036,CT-2026-1236,2026-08-13 10:19:00,693645.81,Investment Scam,2,8.0,1,19,0,22.30808,70.78994,0.6,5,Rajkot - Kalawad Road,33.5,1
TXN-2026-102037,CT-2026-1237,2026-09-08 07:05:00,75446.99,Investment Scam,2,54.0,1,41,0,26.83479,78.37701,0.64,4,Rural / Other Region,,0
TXN-2026-102038,CT-2026-1238,2026-09-20 16:40:00,109273.37,Investment Scam,3,195.8,0,931,1,21.15516,72.82698,0.62,1,Surat - Ring Road,,0
TXN-2026-102039,CT-2026-1239,2026-09-27 21:16:00,79255.53,UPI Fraud,3,180.7,0,220,1,22.30496,73.13561,0.74,2,Vadodara - Alkapuri,,0
TXN-2026-102040,CT-2026-1240,2026-09-14 00:51:00,1543261.56,Investment Scam,2,18.6,1,3,0,28.64112,77.18839,0.48,3,Delhi - Karol Bagh,33.3,1
TXN-2026-102041,CT-2026-1241,2026-09-16 09:02:00,40742.46,Identity Theft,2,155.8,0,1393,1,22.30055,73.19192,4.79,1,Vadodara - Alkapuri,,0
TXN-2026-102042,CT-2026-1242,2026-09-22 13:24:00,154204.94,Identity Theft,2,22.5,1,35,0,28.6641,77.19321,0.36,4,Delhi - Karol Bagh,34.3,1
TXN-2026-102043,CT-2026-1243,2026-08-10 15:32:00,1181889.57,Investment Scam,3,9.3,1,8,0,28.64604,77.15384,0.28,9,Delhi - Karol Bagh,28.7,1
TXN-2026-102044,CT-2026-1244,2026-09-02 09:40:00,38338.37,UPI Fraud,2,587.4,0,1125,1,21.47795,70.30615,0.7,1,Rural / Other Region,,0
TXN-2026-102045,CT-2026-1245,2026-09-27 09:20:00,6343.43,Loan App Scam,1,8.4,1,44,0,23.03811,72.58831,0.14,10,Ahmedabad - SG Highway,32.9,1
TXN-2026-102046,CT-2026-1246,2026-08-10 13:33:00,40378.81,Loan App Scam,4,7.2,1,2,0,21.15171,72.83655,0.27,6,Surat - Ring Road,34.1,1
TXN-2026-102047,CT-2026-1247,2026-09-23 08:07:00,67480.2,Investment Scam,3,11.6,1,19,0,26.51834,79.1883,0.49,3,Rural / Other Region,35.5,1
TXN-2026-102048,CT-2026-1248,2026-08-01 05:45:00,161297.31,UPI Fraud,3,82.6,0,899,1,21.20024,72.81572,1.92,1,Surat - Ring Road,,0
TXN-2026-102049,CT-2026-1249,2026-09-26 09:35:00,89448.91,UPI Fraud,4,17.2,1,27,0,28.60525,77.18221,0.54,5,Delhi - Connaught Place,48.8,1
TXN-2026-102050,CT-2026-1250,2026-08-04 01:11:00,36850.38,UPI Fraud,3,9.8,1,26,0,22.31425,73.19976,0.52,2,Vadodara - Alkapuri,27.8,1
TXN-2026-102051,CT-2026-1251,2026-09-25 12:23:00,1281794.02,Investment Scam,2,7.2,1,53,0,21.17185,72.8255,0.42,5,Surat - Ring Road,34.4,1
TXN-2026-102052,CT-2026-1252,2026-09-02 21:24:00,52690.7,Investment Scam,4,12.0,1,11,0,22.28635,70.79027,0.56,6,Rajkot - Kalawad Road,52.0,1
TXN-2026-102053,CT-2026-1253,2026-08-04 08:52:00,15019.64,UPI Fraud,4,8.7,1,1,0,23.03276,72.58898,0.74,3,Ahmedabad - SG Highway,44.0,1
TXN-2026-102054,CT-2026-1254,2026-08-11 11:27:00,65477.35,UPI Fraud,3,103.1,0,755,1,21.17949,72.81556,1.55,1,Surat - Ring Road,,0
TXN-2026-102055,CT-2026-1255,2026-08-08 13:01:00,41799.55,UPI Fraud,3,24.8,1,3,0,23.04824,72.59841,1.03,4,Ahmedabad - SG Highway,36.4,1
TXN-2026-102056,CT-2026-1256,2026-09-27 08:40:00,48569.23,Card Phishing,3,2.7,1,40,0,28.66799,77.21919,0.32,4,Delhi - Karol Bagh,41.9,1
TXN-2026-102057,CT-2026-1257,2026-08-10 10:46:00,7628.64,Loan App Scam,2,31.7,0,616,1,22.39314,78.29462,2.11,1,Rural / Other Region,,0
TXN-2026-102058,CT-2026-1258,2026-09-12 06:20:00,75381.07,Identity Theft,2,2.5,1,52,0,27.21024,74.97396,0.17,5,Rural / Other Region,27.9,1
TXN-2026-102059,CT-2026-1259,2026-09-04 09:45:00,143815.48,Investment Scam,1,8.4,1,26,0,22.30425,73.1799,0.15,2,Vadodara - Alkapuri,,0
TXN-2026-102060,CT-2026-1260,2026-09-01 14:20:00,655254.5,Investment Scam,1,41.8,0,1463,1,22.31944,70.80553,2.74,1,Rajkot - Kalawad Road,,0
TXN-2026-102061,CT-2026-1261,2026-09-18 13:17:00,118246.99,Investment Scam,1,208.2,0,635,1,22.31637,70.79038,3.22,1,Rajkot - Kalawad Road,,0
TXN-2026-102062,CT-2026-1262,2026-08-19 06:52:00,20422.36,Card Phishing,3,24.9,1,21,0,22.29437,70.80576,0.49,8,Rajkot - Kalawad Road,30.8,1
TXN-2026-102063,CT-2026-1263,2026-08-19 14:43:00,29384.6,Card Phishing,3,100.5,0,305,1,28.64448,77.20981,13.56,1,Delhi - Karol Bagh,,0
TXN-2026-102064,CT-2026-1264,2026-09-13 13:44:00,13975.67,UPI Fraud,4,11.1,1,47,0,22.31093,73.16015,0.61,11,Vadodara - Alkapuri,46.3,1
TXN-2026-102065,CT-2026-1265,2026-08-04 23:21:00,5189.67,UPI Fraud,1,14.1,1,7,0,22.29544,70.79864,2.99,8,Rajkot - Kalawad Road,,0
TXN-2026-102066,CT-2026-1266,2026-09-19 08:32:00,55306.91,UPI Fraud,1,47.0,0,1472,1,26.18497,74.11291,0.92,1,Rural / Other Region,,0
TXN-2026-102067,CT-2026-1267,2026-09-23 11:50:00,41402.01,Card Phishing,2,13.7,1,12,0,21.17352,72.81321,0.13,7,Surat - Ring Road,41.1,1
TXN-2026-102068,CT-2026-1268,2026-08-05 15:58:00,38069.2,UPI Fraud,1,3.7,1,6,0,23.03701,72.56849,0.45,9,Ahmedabad - SG Highway,37.9,1
TXN-2026-102069,CT-2026-1269,2026-09-14 14:40:00,99868.24,Investment Scam,2,12.3,1,49,1,28.65117,77.23245,0.51,3,Delhi - Connaught Place,,0
TXN-2026-102070,CT-2026-1270,2026-08-12 13:02:00,26647.31,UPI Fraud,2,7.9,1,77,0,22.30591,73.15782,0.47,3,Vadodara - Alkapuri,,0
TXN-2026-102071,CT-2026-1271,2026-09-18 17:57:00,25083.58,UPI Fraud,3,5.3,1,1,0,28.6604,77.19683,0.32,8,Delhi - Karol Bagh,38.7,1
TXN-2026-102072,CT-2026-1272,2026-08-22 10:11:00,58808.25,UPI Fraud,4,2.0,1,1,0,28.66557,77.19237,0.19,5,Delhi - Karol Bagh,22.7,1
TXN-2026-102073,CT-2026-1273,2026-09-02 11:43:00,113279.34,Investment Scam,4,6.3,1,40,0,23.01607,72.58125,1.11,5,Ahmedabad - SG Highway,29.6,1
TXN-2026-102074,CT-2026-1274,2026-09-01 05:53:00,95373.31,Card Phishing,1,340.0,0,769,1,22.29533,70.77316,3.53,1,Rajkot - Kalawad Road,,0
TXN-2026-102075,CT-2026-1275,2026-08-13 12:42:00,1379739.97,Investment Scam,2,87.9,0,1099,1,21.1737,72.83862,3.24,1,Surat - Ring Road,,0
TXN-2026-102076,CT-2026-1276,2026-09-21 00:50:00,46924.83,UPI Fraud,3,26.3,1,12,0,22.30044,73.16478,1.92,5,Vadodara - Alkapuri,40.8,1
TXN-2026-102077,CT-2026-1277,2026-08-29 12:36:00,31047.08,Loan App Scam,3,43.3,1,16,1,28.64244,77.2138,1.23,4,Delhi - Connaught Place,,0
TXN-2026-102078,CT-2026-1278,2026-08-16 11:49:00,199575.93,Loan App Scam,2,5.6,1,60,0,23.03299,72.58202,0.82,5,Ahmedabad - SG Highway,,0
TXN-2026-102079,CT-2026-1279,2026-09-14 12:23:00,387628.72,UPI Fraud,2,55.2,0,932,1,28.62191,77.22987,0.81,2,Delhi - Connaught Place,,0
TXN-2026-102080,CT-2026-1280,2026-08-13 00:06:00,123934.76,Card Phishing,3,38.7,1,3,0,23.05172,72.59021,0.63,5,Ahmedabad - SG Highway,,0
TXN-2026-102081,CT-2026-1281,2026-08-14 16:36:00,39116.68,UPI Fraud,1,52.2,0,1305,1,20.58966,73.55241,5.89,1,Rural / Other Region,,0
TXN-2026-102082,CT-2026-1282,2026-08-26 12:43:00,75470.17,UPI Fraud,5,8.3,1,55,0,21.1805,72.81923,0.73,6,Surat - Ring Road,31.5,1
TXN-2026-102083,CT-2026-1283,2026-08-30 19:07:00,1976316.39,Investment Scam,2,27.4,1,2,0,21.15891,72.83198,0.63,3,Surat - Ring Road,36.2,1
TXN-2026-102084,CT-2026-1284,2026-09-03 08:57:00,87679.74,Card Phishing,2,34.2,1,36,0,22.29598,70.79173,0.92,8,Rajkot - Kalawad Road,7.0,1
TXN-2026-102085,CT-2026-1285,2026-09-25 15:39:00,48439.8,Loan App Scam,2,2.1,1,2,0,20.90393,79.45081,1.35,2,Rural / Other Region,28.6,1
TXN-2026-102086,CT-2026-1286,2026-08-24 13:11:00,22775.28,Loan App Scam,1,16.9,1,48,0,23.01969,72.58343,0.13,5,Ahmedabad - SG Highway,,0
TXN-2026-102087,CT-2026-1287,2026-09-18 05:56:00,67163.46,UPI Fraud,5,1.8,1,11,0,21.14773,72.84058,0.13,5,Surat - Ring Road,18.7,1
TXN-2026-102088,CT-2026-1288,2026-08-03 09:14:00,912408.49,Investment Scam,2,3.3,1,18,0,22.29117,70.81053,0.44,4,Rajkot - Kalawad Road,41.6,1
TXN-2026-102089,CT-2026-1289,2026-09-10 12:12:00,78501.42,Card Phishing,3,4.3,1,23,0,22.3231,73.18086,1.28,1,Vadodara - Alkapuri,,0
TXN-2026-102090,CT-2026-1290,2026-09-02 15:51:00,5782.05,Card Phishing,5,6.5,1,37,0,21.15641,72.81179,0.29,5,Surat - Ring Road,29.9,1
TXN-2026-102091,CT-2026-1291,2026-08-04 10:51:00,60026.33,UPI Fraud,2,3.4,1,1,1,28.6595,77.219,0.2,4,Delhi - Karol Bagh,37.8,1
TXN-2026-102092,CT-2026-1292,2026-09-27 17:25:00,83796.7,UPI Fraud,2,58.2,0,240,1,22.47549,71.87587,1.07,1,Rural / Other Region,,0
TXN-2026-102093,CT-2026-1293,2026-09-09 08:48:00,7794.18,UPI Fraud,3,24.3,1,6,0,22.33759,73.17865,0.25,3,Vadodara - Alkapuri,32.3,1
TXN-2026-102094,CT-2026-1294,2026-08-01 09:39:00,76656.03,UPI Fraud,2,90.1,0,991,1,28.62339,77.2221,1.23,1,Delhi - Connaught Place,,0
TXN-2026-102095,CT-2026-1295,2026-09-08 14:09:00,54740.88,Card Phishing,1,14.3,1,1,0,23.0507,72.56364,0.26,5,Ahmedabad - SG Highway,42.9,1
TXN-2026-102096,CT-2026-1296,2026-08-14 07:55:00,145332.58,UPI Fraud,3,3.8,1,16,1,21.17276,72.8084,0.37,6,Surat - Ring Road,,0
TXN-2026-102097,CT-2026-1297,2026-08-07 13:16:00,64239.23,Card Phishing,3,114.2,0,436,1,26.11896,71.04746,4.0,1,Rural / Other Region,,0
TXN-2026-102098,CT-2026-1298,2026-09-09 09:26:00,42071.41,Card Phishing,3,12.0,1,15,0,28.62181,77.2216,0.54,4,Delhi - Connaught Place,40.6,1
TXN-2026-102099,CT-2026-1299,2026-08-29 09:14:00,31975.05,UPI Fraud,2,9.7,1,18,0,28.61846,77.20087,0.56,8,Delhi - Connaught Place,24.7,1
TXN-2026-102100,CT-2026-1000,2026-08-12 23:20:00,6862.57,UPI Fraud,4,20.8,1,1,0,23.06358,72.58644,1.28,3,Ahmedabad - SG Highway,51.9,1
TXN-2026-102101,CT-2026-1001,2026-08-05 13:39:00,10786.03,Card Phishing,2,17.9,1,9,0,27.58628,79.48989,0.29,1,Rural / Other Region,,0
TXN-2026-102102,CT-2026-1002,2026-08-16 16:15:00,21888.64,Card Phishing,2,10.8,1,2,0,28.67342,77.18459,1.57,3,Delhi - Karol Bagh,,0
TXN-2026-102103,CT-2026-1003,2026-08-30 17:06:00,135344.0,Investment Scam,3,46.3,0,788,1,22.31115,73.16134,1.1,1,Vadodara - Alkapuri,,0
TXN-2026-102104,CT-2026-1004,2026-09-27 16:40:00,60138.53,Loan App Scam,1,9.7,1,50,0,28.64172,77.20342,1.12,7,Delhi - Karol Bagh,,0
TXN-2026-102105,CT-2026-1005,2026-09-13 13:56:00,98468.76,UPI Fraud,1,4.2,1,8,0,21.16625,72.83847,0.44,4,Surat - Ring Road,25.6,1
TXN-2026-102106,CT-2026-1006,2026-08-31 06:55:00,678140.26,Investment Scam,2,299.2,0,1147,1,28.66865,77.19852,7.1,1,Delhi - Karol Bagh,,0
TXN-2026-102107,CT-2026-1007,2026-08-16 10:03:00,108752.68,UPI Fraud,4,16.1,1,3,0,25.22164,77.46162,0.22,6,Rural / Other Region,27.2,1
TXN-2026-102108,CT-2026-1008,2026-08-10 12:42:00,723954.88,Investment Scam,2,1.9,1,32,0,28.63728,77.17551,1.24,2,Delhi - Karol Bagh,43.2,1
TXN-2026-102109,CT-2026-1009,2026-09-27 03:35:00,37886.21,Loan App Scam,3,16.9,1,11,0,28.63605,77.25282,0.15,7,Delhi - Connaught Place,32.1,1
TXN-2026-102110,CT-2026-1010,2026-08-18 09:42:00,88509.23,Card Phishing,2,225.5,0,1489,1,23.03366,72.5798,1.1,1,Ahmedabad - SG Highway,,0
TXN-2026-102111,CT-2026-1011,2026-08-05 12:16:00,49264.47,Loan App Scam,2,157.5,0,650,1,28.62623,77.22127,1.58,1,Delhi - Connaught Place,,0
TXN-2026-102112,CT-2026-1012,2026-09-23 09:51:00,10601.87,Card Phishing,2,32.5,1,18,0,22.29166,70.79427,0.32,2,Rajkot - Kalawad Road,,0
TXN-2026-102113,CT-2026-1013,2026-08-12 07:54:00,209501.18,Investment Scam,2,2.3,1,7,0,28.65378,77.24032,1.09,5,Delhi - Connaught Place,28.0,1
TXN-2026-102114,CT-2026-1014,2026-08-12 12:43:00,22046.11,Loan App Scam,2,178.4,0,1313,1,28.61284,77.22929,1.36,1,Delhi - Connaught Place,,0
TXN-2026-102115,CT-2026-1015,2026-09-19 16:41:00,9371.98,UPI Fraud,3,13.7,1,15,1,21.1766,72.85003,0.2,3,Surat - Ring Road,18.1,1
TXN-2026-102116,CT-2026-1016,2026-08-14 15:30:00,183297.09,Investment Scam,3,33.1,1,23,1,22.30915,70.79557,1.06,3,Rajkot - Kalawad Road,,0
TXN-2026-102117,CT-2026-1017,2026-08-14 15:11:00,56711.42,UPI Fraud,3,6.1,1,91,0,24.81079,75.90609,0.8,7,Rural / Other Region,48.7,1
TXN-2026-102118,CT-2026-1018,2026-08-30 15:26:00,28651.64,Identity Theft,1,7.6,1,69,0,21.15706,72.85699,0.47,4,Surat - Ring Road,,0
TXN-2026-102119,CT-2026-1019,2026-09-12 10:45:00,34038.51,UPI Fraud,2,9.2,1,3,1,28.64078,77.2202,0.79,3,Delhi - Karol Bagh,22.7,1
TXN-2026-102120,CT-2026-1020,2026-08-29 05:38:00,53480.13,UPI Fraud,5,9.9,1,12,0,26.8841,74.82574,0.21,5,Rural / Other Region,43.5,1
TXN-2026-102121,CT-2026-1021,2026-08-10 13:27:00,23886.62,Loan App Scam,3,39.0,0,929,1,23.02888,72.57746,3.54,1,Ahmedabad - SG Highway,,0
TXN-2026-102122,CT-2026-1022,2026-08-18 15:31:00,317603.62,Investment Scam,5,8.6,1,35,1,22.31238,70.79407,0.12,1,Rajkot - Kalawad Road,28.0,1
TXN-2026-102123,CT-2026-1023,2026-09-08 12:14:00,22331.09,UPI Fraud,2,37.6,1,8,0,22.30073,70.79412,0.41,2,Rajkot - Kalawad Road,,0
TXN-2026-102124,CT-2026-1024,2026-08-12 10:20:00,174637.14,UPI Fraud,3,118.2,0,391,1,22.30065,73.19195,1.87,2,Vadodara - Alkapuri,,0
TXN-2026-102125,CT-2026-1025,2026-09-29 14:25:00,27757.65,Identity Theft,1,51.4,1,6,1,21.1536,72.84141,0.48,5,Surat - Ring Road,32.0,1
TXN-2026-102126,CT-2026-1026,2026-09-04 15:29:00,50577.68,Card Phishing,1,37.3,1,65,1,28.63028,77.19508,0.17,4,Delhi - Connaught Place,,0
TXN-2026-102127,CT-2026-1027,2026-09-06 11:08:00,57000.98,Loan App Scam,5,11.8,1,28,0,22.29464,70.80297,0.21,3,Rajkot - Kalawad Road,29.2,1
TXN-2026-102128,CT-2026-1028,2026-09-25 14:03:00,84262.33,UPI Fraud,3,76.5,0,561,1,22.30031,70.78617,0.77,1,Rajkot - Kalawad Road,,0
TXN-2026-102129,CT-2026-1029,2026-09-17 17:43:00,11284.46,Card Phishing,1,30.2,1,2,0,28.62554,77.22015,0.19,2,Delhi - Connaught Place,,0
TXN-2026-102130,CT-2026-1030,2026-08-13 12:46:00,46830.06,Card Phishing,3,36.8,1,36,0,20.27495,70.99876,0.81,9,Rural / Other Region,,0
TXN-2026-102131,CT-2026-1031,2026-09-21 13:46:00,790947.8,Investment Scam,2,2.1,1,8,0,25.2066,77.83306,2.01,5,Rural / Other Region,50.9,1
TXN-2026-102132,CT-2026-1032,2026-08-30 13:11:00,28596.16,Card Phishing,4,1.9,1,19,0,21.04221,77.49596,0.49,4,Rural / Other Region,,0
TXN-2026-102133,CT-2026-1033,2026-09-27 11:29:00,17561.02,UPI Fraud,3,306.4,0,891,1,22.30578,70.81811,1.06,2,Rajkot - Kalawad Road,,0
TXN-2026-102134,CT-2026-1034,2026-09-29 06:55:00,11700.23,UPI Fraud,1,2.3,1,8,0,28.66156,77.21246,1.13,4,Delhi - Karol Bagh,50.0,1
TXN-2026-102135,CT-2026-1035,2026-08-05 14:09:00,36802.77,UPI Fraud,2,5.3,1,8,1,28.65977,77.19586,0.73,5,Delhi - Karol Bagh,,0
TXN-2026-102136,CT-2026-1036,2026-09-29 13:26:00,12257.64,UPI Fraud,2,106.7,0,336,1,28.62804,77.22607,1.17,2,Delhi - Connaught Place,,0
TXN-2026-102137,CT-2026-1037,2026-08-20 12:11:00,30109.5,UPI Fraud,4,105.2,0,538,1,28.6656,77.21844,4.26,1,Delhi - Karol Bagh,,0
TXN-2026-102138,CT-2026-1038,2026-09-25 15:15:00,56641.6,Card Phishing,1,54.8,0,892,1,23.02328,72.5867,2.37,2,Ahmedabad - SG Highway,,0
TXN-2026-102139,CT-2026-1039,2026-08-16 10:38:00,27873.4,Loan App Scam,4,29.0,1,4,1,22.7829,73.12431,0.46,5,Rural / Other Region,39.4,1
TXN-2026-102140,CT-2026-1040,2026-09-04 08:38:00,9159.85,UPI Fraud,1,19.4,1,57,0,24.37365,71.32929,0.88,5,Rural / Other Region,,0
TXN-2026-102141,CT-2026-1041,2026-08-16 12:41:00,7913.35,UPI Fraud,1,18.9,1,40,0,22.30018,73.17861,0.29,4,Vadodara - Alkapuri,22.5,1
TXN-2026-102142,CT-2026-1042,2026-09-09 13:24:00,6073.76,Identity Theft,1,21.5,1,17,0,22.34069,73.19336,0.42,3,Vadodara - Alkapuri,,0
TXN-2026-102143,CT-2026-1043,2026-08-06 15:32:00,795802.76,Investment Scam,1,1.8,1,17,0,22.29882,70.81255,1.49,5,Rajkot - Kalawad Road,51.5,1
TXN-2026-102144,CT-2026-1044,2026-09-19 16:16:00,28389.82,UPI Fraud,5,14.4,1,43,0,22.30825,73.181,0.3,4,Vadodara - Alkapuri,44.7,1
TXN-2026-102145,CT-2026-1045,2026-09-03 11:44:00,5833.05,Identity Theft,1,45.1,1,12,0,28.62738,77.23458,1.42,6,Delhi - Connaught Place,,0
TXN-2026-102146,CT-2026-1046,2026-09-17 08:54:00,25464.74,UPI Fraud,5,50.9,0,316,1,22.30245,70.8024,3.18,1,Rajkot - Kalawad Road,,0
TXN-2026-102147,CT-2026-1047,2026-08-25 19:11:00,286337.81,Investment Scam,2,3.2,1,34,0,28.62999,77.24521,0.19,8,Delhi - Connaught Place,46.3,1
TXN-2026-102148,CT-2026-1048,2026-09-17 14:16:00,38777.78,UPI Fraud,3,35.5,1,18,0,28.65493,77.18626,0.28,6,Delhi - Karol Bagh,36.3,1
TXN-2026-102149,CT-2026-1049,2026-09-12 17:10:00,277861.43,Investment Scam,1,4.9,1,5,0,22.32049,73.17404,0.66,5,Vadodara - Alkapuri,24.4,1
TXN-2026-102150,CT-2026-1050,2026-08-04 05:32:00,6903.78,UPI Fraud,3,4.1,1,31,0,22.29058,70.79838,0.72,4,Rajkot - Kalawad Road,,0
TXN-2026-102151,CT-2026-1051,2026-08-07 12:08:00,7040.53,UPI Fraud,2,22.0,1,15,1,21.76379,73.30792,1.14,3,Rural / Other Region,,0
TXN-2026-102152,CT-2026-1052,2026-09-27 12:49:00,146030.24,UPI Fraud,3,25.6,1,29,0,22.31784,70.79466,2.18,1,Rajkot - Kalawad Road,,0
TXN-2026-102153,CT-2026-1053,2026-09-16 05:38:00,162274.24,Investment Scam,2,12.1,1,24,0,22.32118,70.81476,0.73,4,Rajkot - Kalawad Road,31.3,1
TXN-2026-102154,CT-2026-1054,2026-08-27 14:29:00,44140.92,Card Phishing,1,12.1,1,6,0,24.9411,77.12657,1.05,6,Rural / Other Region,28.6,1
TXN-2026-102155,CT-2026-1055,2026-09-05 17:39:00,138525.85,Loan App Scam,2,4.7,1,35,1,28.63663,77.22335,0.51,7,Delhi - Connaught Place,36.0,1
TXN-2026-102156,CT-2026-1056,2026-09-14 13:05:00,167984.69,Investment Scam,1,91.6,0,950,1,28.63605,77.2246,5.72,1,Delhi - Connaught Place,,0
TXN-2026-102157,CT-2026-1057,2026-08-25 19:50:00,77033.8,Investment Scam,2,206.2,0,432,1,23.02751,72.60053,0.87,1,Ahmedabad - SG Highway,,0
TXN-2026-102158,CT-2026-1058,2026-08-31 12:55:00,73417.6,Investment Scam,3,184.3,0,1013,1,25.12557,72.18916,3.46,1,Rural / Other Region,,0
TXN-2026-102159,CT-2026-1059,2026-09-08 07:07:00,95943.52,Investment Scam,2,90.6,0,826,1,22.32341,70.80474,2.66,1,Rajkot - Kalawad Road,,0
TXN-2026-102160,CT-2026-1060,2026-08-10 13:29:00,78301.33,Investment Scam,4,6.4,1,14,1,21.1718,72.82878,1.09,4,Surat - Ring Road,36.2,1
TXN-2026-102161,CT-2026-1061,2026-09-03 13:46:00,103682.58,UPI Fraud,3,40.5,0,819,1,28.64798,77.20007,1.66,1,Delhi - Connaught Place,,0
TXN-2026-102162,CT-2026-1062,2026-08-25 17:08:00,95877.66,UPI Fraud,3,3.5,1,28,0,23.0746,72.57805,0.47,5,Ahmedabad - SG Highway,55.0,1
TXN-2026-102163,CT-2026-1063,2026-09-02 17:52:00,29291.72,Card Phishing,3,9.3,1,2,0,22.31287,70.81946,1.48,5,Rajkot - Kalawad Road,59.9,1
TXN-2026-102164,CT-2026-1064,2026-08-04 04:20:00,126205.88,Card Phishing,4,46.4,0,496,1,22.99988,79.41101,3.44,1,Rural / Other Region,,0
TXN-2026-102165,CT-2026-1065,2026-09-24 07:00:00,100125.39,UPI Fraud,1,3.4,1,25,0,22.28496,70.80636,0.17,2,Rajkot - Kalawad Road,41.4,1
TXN-2026-102166,CT-2026-1066,2026-08-10 12:36:00,32945.65,Card Phishing,1,6.7,1,26,0,23.03138,72.60092,0.84,4,Ahmedabad - SG Highway,40.0,1
TXN-2026-102167,CT-2026-1067,2026-08-15 13:01:00,60673.91,UPI Fraud,1,94.7,0,1091,1,21.15974,72.83538,2.3,1,Surat - Ring Road,,0
TXN-2026-102168,CT-2026-1068,2026-08-29 00:51:00,68026.71,UPI Fraud,1,29.6,1,2,0,22.29725,73.20519,0.46,6,Vadodara - Alkapuri,39.0,1
TXN-2026-102169,CT-2026-1069,2026-08-11 12:09:00,20737.06,UPI Fraud,1,14.1,1,28,0,28.63288,77.22899,0.26,1,Delhi - Connaught Place,,0
TXN-2026-102170,CT-2026-1070,2026-08-31 17:07:00,19769.43,Identity Theft,4,43.5,1,14,0,27.06325,78.4529,0.35,9,Rural / Other Region,44.5,1
TXN-2026-102171,CT-2026-1071,2026-09-07 13:58:00,154663.15,Investment Scam,3,16.9,1,3,1,21.17181,72.8437,0.13,5,Surat - Ring Road,25.0,1
TXN-2026-102172,CT-2026-1072,2026-09-10 09:00:00,246291.54,Investment Scam,3,87.3,0,1140,1,28.644,77.18564,0.77,1,Delhi - Karol Bagh,,0
TXN-2026-102173,CT-2026-1073,2026-09-14 14:23:00,24654.07,Identity Theft,1,31.8,0,1412,1,26.58829,79.11622,1.73,1,Rural / Other Region,,0
TXN-2026-102174,CT-2026-1074,2026-08-02 09:12:00,50883.22,Investment Scam,1,2.7,1,14,0,28.64879,77.18871,0.76,9,Delhi - Karol Bagh,30.9,1
TXN-2026-102175,CT-2026-1075,2026-08-13 12:15:00,22347.27,UPI Fraud,3,4.2,1,115,0,21.15921,78.90775,0.63,7,Rural / Other Region,,0
TXN-2026-102176,CT-2026-1076,2026-08-24 08:30:00,172297.9,Investment Scam,4,4.0,1,38,0,28.63255,77.2319,0.42,4,Delhi - Connaught Place,19.3,1
TXN-2026-102177,CT-2026-1077,2026-08-20 13:13:00,34769.82,Loan App Scam,2,3.4,1,50,0,28.63942,77.18961,0.44,3,Delhi - Connaught Place,,0
TXN-2026-102178,CT-2026-1078,2026-09-28 09:19:00,20349.57,UPI Fraud,1,7.8,1,20,0,28.64651,77.19836,1.68,5,Delhi - Karol Bagh,,0
TXN-2026-102179,CT-2026-1079,2026-09-23 16:34:00,23049.34,UPI Fraud,4,15.2,1,2,0,22.29109,73.17849,1.21,5,Vadodara - Alkapuri,25.8,1
TXN-2026-102180,CT-2026-1080,2026-08-17 12:22:00,167121.19,Card Phishing,1,5.6,1,8,0,20.84099,74.78595,0.62,3,Rural / Other Region,,0
TXN-2026-102181,CT-2026-1081,2026-09-07 14:48:00,27768.97,Identity Theft,3,23.9,1,6,0,22.28089,70.83861,2.11,6,Rajkot - Kalawad Road,39.1,1
TXN-2026-102182,CT-2026-1082,2026-09-01 09:56:00,141980.3,Card Phishing,2,117.0,0,1153,1,23.03639,72.60575,2.73,1,Ahmedabad - SG Highway,,0
TXN-2026-102183,CT-2026-1083,2026-09-03 09:16:00,181446.27,Investment Scam,2,2.9,1,1,0,23.03269,72.59746,0.49,10,Ahmedabad - SG Highway,27.4,1
TXN-2026-102184,CT-2026-1084,2026-09-11 07:43:00,5960.22,UPI Fraud,3,41.5,1,10,0,22.30917,73.18885,0.41,7,Vadodara - Alkapuri,,0
TXN-2026-102185,CT-2026-1085,2026-09-08 10:21:00,129331.89,UPI Fraud,2,7.3,1,26,0,28.6153,77.22265,1.14,3,Delhi - Connaught Place,52.3,1
TXN-2026-102186,CT-2026-1086,2026-09-02 07:32:00,356820.54,Investment Scam,3,5.3,1,30,1,22.2868,70.80596,0.18,2,Rajkot - Kalawad Road,17.4,1
TXN-2026-102187,CT-2026-1087,2026-09-09 15:56:00,43695.57,UPI Fraud,2,6.2,1,5,0,23.02835,72.5815,0.36,6,Ahmedabad - SG Highway,37.9,1
TXN-2026-102188,CT-2026-1088,2026-09-16 08:23:00,508691.21,Investment Scam,3,87.5,0,933,1,22.30632,73.18925,3.35,1,Vadodara - Alkapuri,,0
TXN-2026-102189,CT-2026-1089,2026-09-22 12:29:00,80448.68,UPI Fraud,3,116.7,0,987,1,21.17673,72.8349,2.91,2,Surat - Ring Road,,0
TXN-2026-102190,CT-2026-1090,2026-08-24 08:47:00,29889.29,UPI Fraud,2,6.4,1,19,0,28.67101,77.19495,0.3,4,Delhi - Karol Bagh,40.8,1
TXN-2026-102191,CT-2026-1091,2026-08-17 14:41:00,63574.01,UPI Fraud,3,4.1,1,13,0,21.17833,72.84813,0.47,2,Surat - Ring Road,31.1,1
TXN-2026-102192,CT-2026-1092,2026-09-25 14:28:00,77436.88,Investment Scam,2,6.2,1,12,0,21.15507,72.82624,0.67,4,Surat - Ring Road,25.4,1
TXN-2026-102193,CT-2026-1093,2026-08-26 09:00:00,49118.51,Loan App Scam,3,2.0,1,44,0,21.14453,72.82421,1.06,6,Surat - Ring Road,30.6,1
TXN-2026-102194,CT-2026-1094,2026-09-24 19:33:00,132381.84,UPI Fraud,2,6.5,1,21,0,21.08043,77.66767,0.6,6,Rural / Other Region,40.3,1
TXN-2026-102195,CT-2026-1095,2026-08-11 13:01:00,23441.53,UPI Fraud,5,7.9,1,6,0,21.15974,72.82123,0.99,5,Surat - Ring Road,52.5,1
TXN-2026-102196,CT-2026-1096,2026-08-01 16:46:00,8684.39,Card Phishing,5,3.0,1,13,0,28.61983,77.21803,0.46,9,Delhi - Connaught Place,30.8,1
TXN-2026-102197,CT-2026-1097,2026-08-14 11:55:00,24308.12,Loan App Scam,3,1.9,1,8,0,22.28851,70.81047,0.46,9,Rajkot - Kalawad Road,29.4,1
TXN-2026-102198,CT-2026-1098,2026-09-26 11:11:00,115558.32,UPI Fraud,1,1.8,1,16,0,27.56805,71.20572,0.15,4,Rural / Other Region,31.7,1
TXN-2026-102199,CT-2026-1099,2026-08-20 13:27:00,184077.31,Identity Theft,2,51.1,0,717,1,28.62037,77.24322,0.74,1,Delhi - Connaught Place,,0
TXN-2026-102200,CT-2026-1100,2026-08-30 05:13:00,12286.02,Card Phishing,3,18.6,1,16,0,22.32305,70.79421,0.18,2,Rajkot - Kalawad Road,56.2,1
TXN-2026-102201,CT-2026-1101,2026-08-27 17:38:00,35458.39,Card Phishing,1,30.2,0,1182,1,21.15437,72.83175,2.04,1,Surat - Ring Road,,0
TXN-2026-102202,CT-2026-1102,2026-09-21 13:35:00,22618.97,Loan App Scam,1,14.3,1,7,0,22.31127,73.16652,0.88,4,Vadodara - Alkapuri,42.8,1
TXN-2026-102203,CT-2026-1103,2026-08-21 09:47:00,56508.23,Card Phishing,2,35.8,1,1,0,28.62518,77.20015,1.84,2,Delhi - Connaught Place,,0
TXN-2026-102204,CT-2026-1104,2026-08-17 10:22:00,18323.48,UPI Fraud,2,1.8,1,38,0,21.18175,72.82935,0.57,3,Surat - Ring Road,,0
TXN-2026-102205,CT-2026-1105,2026-09-28 16:52:00,23936.7,UPI Fraud,1,23.5,1,7,0,22.29459,70.79139,0.11,1,Rajkot - Kalawad Road,33.9,1
TXN-2026-102206,CT-2026-1106,2026-09-26 13:47:00,22077.81,Identity Theft,2,2.0,1,1,0,22.32672,73.21596,0.27,2,Vadodara - Alkapuri,,0
TXN-2026-102207,CT-2026-1107,2026-09-23 13:16:00,38374.66,UPI Fraud,1,14.9,1,25,0,23.06456,72.57222,1.38,3,Ahmedabad - SG Highway,,0
TXN-2026-102208,CT-2026-1108,2026-09-07 09:13:00,20205.81,Loan App Scam,3,3.6,1,34,0,26.29802,77.35538,0.2,4,Rural / Other Region,30.6,1
TXN-2026-102209,CT-2026-1109,2026-09-22 15:33:00,56467.74,Card Phishing,1,11.3,1,30,1,22.29542,70.79548,2.13,3,Rajkot - Kalawad Road,,0
TXN-2026-102210,CT-2026-1110,2026-08-17 12:30:00,121400.01,UPI Fraud,1,8.9,1,15,0,23.05024,72.59443,0.56,3,Ahmedabad - SG Highway,67.8,1
TXN-2026-102211,CT-2026-1111,2026-08-08 06:29:00,138478.84,Investment Scam,1,8.0,1,42,0,22.28954,73.18541,0.13,12,Vadodara - Alkapuri,,0
TXN-2026-102212,CT-2026-1112,2026-08-09 15:47:00,45755.51,Card Phishing,2,5.7,1,11,0,22.30987,70.82134,0.3,5,Rajkot - Kalawad Road,52.8,1
TXN-2026-102213,CT-2026-1113,2026-09-28 23:25:00,524575.14,Investment Scam,3,32.0,0,1193,1,28.63374,77.21705,1.26,2,Delhi - Connaught Place,,0
TXN-2026-102214,CT-2026-1114,2026-09-03 19:10:00,48674.9,UPI Fraud,4,8.7,1,13,0,24.73594,75.09429,0.32,4,Rural / Other Region,18.1,1
TXN-2026-102215,CT-2026-1115,2026-09-28 12:42:00,35308.31,UPI Fraud,3,58.5,0,1258,1,21.16822,72.81956,4.35,1,Surat - Ring Road,,0
TXN-2026-102216,CT-2026-1116,2026-09-27 10:07:00,13720.58,UPI Fraud,2,1.6,1,16,0,22.2875,70.79809,0.39,3,Rajkot - Kalawad Road,,0
TXN-2026-102217,CT-2026-1117,2026-08-10 17:19:00,14987.08,UPI Fraud,3,18.7,1,9,0,23.0202,72.60951,0.47,3,Ahmedabad - SG Highway,34.9,1
TXN-2026-102218,CT-2026-1118,2026-09-28 17:40:00,35435.87,Loan App Scam,2,40.7,1,25,0,23.06234,72.5765,0.16,1,Ahmedabad - SG Highway,,0
TXN-2026-102219,CT-2026-1119,2026-09-08 08:16:00,42331.74,UPI Fraud,1,30.9,1,33,0,23.04514,72.61433,1.2,6,Ahmedabad - SG Highway,45.8,1
TXN-2026-102220,CT-2026-1120,2026-08-25 11:09:00,66062.88,Card Phishing,2,30.1,0,1329,1,22.3185,73.19012,3.85,1,Vadodara - Alkapuri,,0
TXN-2026-102221,CT-2026-1121,2026-09-09 14:53:00,11553.98,Loan App Scam,1,8.9,1,9,0,23.03517,72.59736,0.28,3,Ahmedabad - SG Highway,,0
TXN-2026-102222,CT-2026-1122,2026-08-21 16:46:00,47654.81,UPI Fraud,2,24.9,1,4,0,28.64058,77.21212,0.3,4,Delhi - Connaught Place,32.0,1
TXN-2026-102223,CT-2026-1123,2026-08-12 15:28:00,53795.85,UPI Fraud,1,28.9,1,3,0,23.02334,72.58584,0.35,8,Ahmedabad - SG Highway,25.0,1
TXN-2026-102224,CT-2026-1124,2026-08-11 01:51:00,82492.47,UPI Fraud,2,46.2,1,5,0,21.19261,72.83554,1.29,3,Surat - Ring Road,,0
TXN-2026-102225,CT-2026-1125,2026-08-07 17:21:00,266721.05,Investment Scam,2,22.2,1,2,0,21.17121,72.83893,0.41,3,Surat - Ring Road,40.9,1
TXN-2026-102226,CT-2026-1126,2026-09-14 14:10:00,915613.58,Investment Scam,3,40.2,0,271,1,22.28668,70.81481,2.78,1,Rajkot - Kalawad Road,,0
TXN-2026-102227,CT-2026-1127,2026-08-23 11:36:00,11180.65,Card Phishing,2,5.8,1,1,0,21.17506,72.82666,0.17,5,Surat - Ring Road,47.5,1
TXN-2026-102228,CT-2026-1128,2026-09-26 10:41:00,154236.64,Investment Scam,2,18.5,1,29,0,22.31151,70.79519,0.45,4,Rajkot - Kalawad Road,33.2,1
TXN-2026-102229,CT-2026-1129,2026-08-07 16:29:00,37159.68,UPI Fraud,2,30.6,1,4,0,22.31186,70.81935,0.13,7,Rajkot - Kalawad Road,39.1,1
TXN-2026-102230,CT-2026-1130,2026-08-31 09:36:00,275155.26,Investment Scam,3,4.8,1,10,1,28.61873,77.19688,1.0,7,Delhi - Connaught Place,39.4,1
TXN-2026-102231,CT-2026-1131,2026-09-29 10:17:00,27879.87,Loan App Scam,3,82.7,0,1150,1,22.32052,73.17527,0.75,2,Vadodara - Alkapuri,,0
TXN-2026-102232,CT-2026-1132,2026-08-29 17:11:00,8926.03,Card Phishing,2,9.5,1,9,0,20.93933,79.33528,0.91,10,Rural / Other Region,26.9,1
TXN-2026-102233,CT-2026-1133,2026-09-02 11:01:00,636205.21,Investment Scam,2,31.3,1,36,0,28.64148,77.18076,0.19,3,Delhi - Karol Bagh,42.8,1
TXN-2026-102234,CT-2026-1134,2026-09-29 10:27:00,17658.21,Loan App Scam,2,17.4,1,21,0,20.75964,79.80627,1.17,6,Rural / Other Region,32.3,1
TXN-2026-102235,CT-2026-1135,2026-09-27 07:13:00,36621.21,Loan App Scam,4,2.4,1,31,0,28.63277,77.17581,0.23,3,Delhi - Karol Bagh,,0
TXN-2026-102236,CT-2026-1136,2026-08-30 10:25:00,962562.61,Investment Scam,2,3.2,1,4,0,21.16669,72.85467,0.78,1,Surat - Ring Road,44.9,1
TXN-2026-102237,CT-2026-1137,2026-08-09 15:34:00,16364.75,UPI Fraud,3,25.2,1,2,0,23.02601,72.58101,0.96,2,Ahmedabad - SG Highway,,0
TXN-2026-102238,CT-2026-1138,2026-08-19 15:24:00,987379.2,Investment Scam,3,9.8,1,2,0,28.66362,77.18759,0.11,8,Delhi - Karol Bagh,56.9,1
TXN-2026-102239,CT-2026-1139,2026-08-23 06:32:00,24646.59,UPI Fraud,2,139.6,0,400,1,20.83208,74.84549,1.8,1,Rural / Other Region,,0
TXN-2026-102240,CT-2026-1140,2026-08-05 07:52:00,27406.18,UPI Fraud,5,14.8,1,15,0,28.63772,77.21358,0.13,5,Delhi - Connaught Place,41.3,1
TXN-2026-102241,CT-2026-1141,2026-08-09 10:10:00,446696.07,Investment Scam,1,5.0,1,1,0,22.29617,70.79984,0.15,3,Rajkot - Kalawad Road,44.4,1
TXN-2026-102242,CT-2026-1142,2026-08-17 06:51:00,316387.32,Investment Scam,2,1.9,1,5,0,22.32101,73.17851,0.17,1,Vadodara - Alkapuri,31.8,1
TXN-2026-102243,CT-2026-1143,2026-08-30 15:02:00,87170.37,UPI Fraud,1,82.3,0,299,1,23.03138,72.61712,5.92,1,Ahmedabad - SG Highway,,0
TXN-2026-102244,CT-2026-1144,2026-09-05 08:01:00,482384.93,Investment Scam,2,32.9,1,17,0,21.08575,70.15073,1.14,5,Rural / Other Region,31.6,1
TXN-2026-102245,CT-2026-1145,2026-09-20 11:37:00,153353.92,Investment Scam,1,67.2,0,1064,1,21.16272,72.82648,1.77,1,Surat - Ring Road,,0
TXN-2026-102246,CT-2026-1146,2026-08-10 15:20:00,72884.46,Investment Scam,4,19.6,1,22,0,28.62305,77.19762,1.83,4,Delhi - Karol Bagh,,0
TXN-2026-102247,CT-2026-1147,2026-09-26 15:53:00,10514.22,UPI Fraud,2,40.0,0,634,1,28.634,77.24442,12.16,1,Delhi - Connaught Place,,0
TXN-2026-102248,CT-2026-1148,2026-09-19 06:11:00,6574.81,Loan App Scam,3,15.6,1,17,0,22.3074,70.80438,0.31,3,Rajkot - Kalawad Road,16.5,1
TXN-2026-102249,CT-2026-1149,2026-09-17 11:17:00,37869.36,Loan App Scam,4,6.9,1,22,0,22.30527,73.1793,0.29,3,Vadodara - Alkapuri,39.0,1
TXN-2026-102250,CT-2026-1150,2026-08-29 17:17:00,11710.0,Identity Theft,1,4.9,1,46,1,28.66116,77.1904,0.65,5,Delhi - Karol Bagh,,0
TXN-2026-102251,CT-2026-1151,2026-09-06 07:45:00,67421.31,UPI Fraud,5,2.2,1,6,0,22.33072,73.17068,0.58,2,Vadodara - Alkapuri,23.4,1
TXN-2026-102252,CT-2026-1152,2026-08-31 15:08:00,57138.6,UPI Fraud,3,36.5,1,8,0,21.16208,72.81906,0.4,11,Surat - Ring Road,33.9,1
TXN-2026-102253,CT-2026-1153,2026-08-25 05:42:00,83395.52,Investment Scam,3,90.8,0,396,1,28.61261,77.21778,3.29,1,Delhi - Connaught Place,,0
TXN-2026-102254,CT-2026-1154,2026-09-22 07:51:00,55123.02,Identity Theft,2,142.7,0,411,1,22.3213,73.16884,1.68,1,Vadodara - Alkapuri,,0
TXN-2026-102255,CT-2026-1155,2026-08-14 07:48:00,43022.14,UPI Fraud,1,8.4,1,7,0,28.64156,77.21906,1.08,7,Delhi - Connaught Place,,0
TXN-2026-102256,CT-2026-1156,2026-09-01 21:37:00,97114.83,Identity Theft,4,4.3,1,34,0,22.33002,73.17648,0.99,9,Vadodara - Alkapuri,38.6,1
TXN-2026-102257,CT-2026-1157,2026-08-12 22:46:00,81383.28,Investment Scam,2,154.5,0,554,1,21.16472,72.82912,0.77,2,Surat - Ring Road,,0
TXN-2026-102258,CT-2026-1158,2026-08-26 13:36:00,26884.74,UPI Fraud,1,43.7,1,31,0,28.61752,77.19184,1.41,6,Delhi - Connaught Place,,0
TXN-2026-102259,CT-2026-1159,2026-09-07 16:18:00,6764.63,Identity Theft,2,17.1,1,45,1,28.65503,77.22345,0.14,3,Delhi - Karol Bagh,,0
TXN-2026-102260,CT-2026-1160,2026-08-10 10:06:00,78524.66,UPI Fraud,1,7.8,1,9,0,28.64819,77.21505,1.01,1,Delhi - Connaught Place,,0
TXN-2026-102261,CT-2026-1161,2026-09-28 01:58:00,9607.01,Loan App Scam,2,11.6,1,29,0,22.33891,73.16967,0.44,5,Vadodara - Alkapuri,38.6,1
TXN-2026-102262,CT-2026-1162,2026-08-11 10:33:00,195499.01,UPI Fraud,1,2.3,1,21,0,28.64858,77.23012,0.92,6,Delhi - Connaught Place,43.1,1
TXN-2026-102263,CT-2026-1163,2026-08-19 06:52:00,58770.91,UPI Fraud,1,68.7,0,1049,1,21.16421,72.8279,1.0,1,Surat - Ring Road,,0
TXN-2026-102264,CT-2026-1164,2026-09-06 15:13:00,10063.44,Card Phishing,1,3.7,1,11,0,24.92189,70.6192,0.17,4,Rural / Other Region,41.9,1
TXN-2026-102265,CT-2026-1165,2026-09-12 11:38:00,6956.56,Loan App Scam,1,35.7,0,939,1,28.60756,77.2204,14.31,1,Delhi - Connaught Place,,0
TXN-2026-102266,CT-2026-1166,2026-09-14 09:43:00,148902.93,UPI Fraud,3,33.7,1,12,1,21.1545,72.81422,0.36,3,Surat - Ring Road,28.9,1
TXN-2026-102267,CT-2026-1167,2026-09-06 09:14:00,23024.44,Card Phishing,1,3.8,1,5,0,28.6311,77.20857,0.65,5,Delhi - Karol Bagh,43.2,1
TXN-2026-102268,CT-2026-1168,2026-09-25 17:51:00,144649.08,UPI Fraud,3,10.8,1,1,0,28.63671,77.17805,0.87,4,Delhi - Karol Bagh,26.2,1
TXN-2026-102269,CT-2026-1169,2026-08-13 17:07:00,146141.94,Investment Scam,2,5.8,1,9,0,23.04759,72.58851,0.85,5,Ahmedabad - SG Highway,40.9,1
TXN-2026-102270,CT-2026-1170,2026-09-16 06:39:00,7158.2,UPI Fraud,3,9.7,1,24,0,23.04487,72.58173,0.33,3,Ahmedabad - SG Highway,27.7,1
TXN-2026-102271,CT-2026-1171,2026-09-08 15:55:00,1100062.6,Investment Scam,1,7.5,1,16,1,23.02239,72.58,0.37,4,Ahmedabad - SG Highway,63.3,1
TXN-2026-102272,CT-2026-1172,2026-08-05 19:17:00,102285.16,UPI Fraud,1,7.9,1,29,0,27.47639,78.2061,0.36,1,Rural / Other Region,,0
TXN-2026-102273,CT-2026-1173,2026-09-24 12:32:00,25982.41,Card Phishing,1,4.1,1,75,0,22.32732,70.80889,0.36,2,Rajkot - Kalawad Road,,0
TXN-2026-102274,CT-2026-1174,2026-09-12 07:20:00,170628.32,Card Phishing,2,54.3,1,19,0,25.19071,77.32658,0.14,9,Rural / Other Region,,0
TXN-2026-102275,CT-2026-1175,2026-09-19 17:32:00,9977.77,UPI Fraud,2,32.0,1,1,0,22.32738,73.1763,0.4,2,Vadodara - Alkapuri,,0
TXN-2026-102276,CT-2026-1176,2026-08-17 16:21:00,56786.39,UPI Fraud,1,15.7,1,16,0,28.64455,77.17279,1.46,5,Delhi - Karol Bagh,,0
TXN-2026-102277,CT-2026-1177,2026-09-05 08:49:00,64862.81,Card Phishing,2,7.0,1,2,0,28.65978,77.18279,0.4,6,Delhi - Karol Bagh,48.3,1
TXN-2026-102278,CT-2026-1178,2026-08-04 17:22:00,22176.99,UPI Fraud,5,4.1,1,14,0,21.16255,72.81373,0.81,3,Surat - Ring Road,33.3,1
TXN-2026-102279,CT-2026-1179,2026-08-26 16:52:00,30125.56,UPI Fraud,4,7.4,1,35,0,28.67249,77.20411,0.33,3,Delhi - Karol Bagh,26.2,1
TXN-2026-102280,CT-2026-1180,2026-08-22 09:29:00,37058.68,UPI Fraud,2,17.5,1,7,1,23.04857,72.59521,0.29,5,Ahmedabad - SG Highway,,0
TXN-2026-102281,CT-2026-1181,2026-09-18 03:08:00,6027.16,UPI Fraud,2,3.2,1,10,0,23.01336,72.58222,0.47,3,Ahmedabad - SG Highway,33.9,1
TXN-2026-102282,CT-2026-1182,2026-08-19 14:45:00,17713.96,Card Phishing,2,45.7,0,345,1,23.00996,72.55969,1.2,1,Ahmedabad - SG Highway,,0
TXN-2026-102283,CT-2026-1183,2026-08-19 13:44:00,203022.71,Investment Scam,2,6.4,1,14,0,28.64033,77.18591,0.12,7,Delhi - Karol Bagh,46.5,1
TXN-2026-102284,CT-2026-1184,2026-09-01 14:18:00,109506.63,Investment Scam,2,9.5,1,1,0,21.18656,72.82251,0.42,5,Surat - Ring Road,30.4,1
TXN-2026-102285,CT-2026-1185,2026-08-03 11:32:00,9094.17,Loan App Scam,1,68.7,0,537,1,28.6442,77.19789,2.15,1,Delhi - Karol Bagh,,0
TXN-2026-102286,CT-2026-1186,2026-08-18 19:43:00,657269.04,Investment Scam,2,219.9,0,553,1,22.29011,70.81252,0.63,1,Rajkot - Kalawad Road,,0
TXN-2026-102287,CT-2026-1187,2026-08-02 19:57:00,56818.69,Investment Scam,2,5.5,1,5,0,22.29704,70.78817,0.23,2,Rajkot - Kalawad Road,45.9,1
TXN-2026-102288,CT-2026-1188,2026-08-19 08:50:00,84301.22,Loan App Scam,4,7.0,1,38,1,23.06036,72.60595,2.28,6,Ahmedabad - SG Highway,,0
TXN-2026-102289,CT-2026-1189,2026-08-26 12:13:00,41628.63,Loan App Scam,1,167.0,0,1265,1,21.1636,72.8357,5.35,1,Surat - Ring Road,,0
TXN-2026-102290,CT-2026-1190,2026-08-09 10:28:00,11578.87,Loan App Scam,3,56.8,0,301,1,21.82961,76.57594,0.87,2,Rural / Other Region,,0
TXN-2026-102291,CT-2026-1191,2026-08-28 11:01:00,55718.28,Investment Scam,2,7.0,1,6,0,23.01234,71.79896,0.24,3,Rural / Other Region,39.5,1
TXN-2026-102292,CT-2026-1192,2026-09-17 08:43:00,46074.18,UPI Fraud,2,14.6,1,26,0,22.29504,70.78265,1.29,5,Rajkot - Kalawad Road,29.2,1
TXN-2026-102293,CT-2026-1193,2026-09-20 17:35:00,117845.1,UPI Fraud,2,24.1,1,65,0,23.00821,72.56653,0.28,4,Ahmedabad - SG Highway,,0
TXN-2026-102294,CT-2026-1194,2026-08-18 17:21:00,40294.55,Identity Theft,3,18.7,1,9,0,28.63738,77.17105,0.21,6,Delhi - Karol Bagh,22.7,1
TXN-2026-102295,CT-2026-1195,2026-09-15 08:07:00,100818.14,UPI Fraud,3,13.8,1,40,0,21.16368,72.83088,0.21,1,Surat - Ring Road,22.0,1
TXN-2026-102296,CT-2026-1196,2026-09-08 11:06:00,10156.05,UPI Fraud,4,30.6,1,20,0,25.51042,74.73306,0.13,10,Rural / Other Region,45.5,1
TXN-2026-102297,CT-2026-1197,2026-09-10 12:46:00,65105.18,UPI Fraud,5,12.9,1,38,0,22.30279,70.83441,1.12,4,Rajkot - Kalawad Road,46.0,1
TXN-2026-102298,CT-2026-1198,2026-09-14 11:02:00,18757.32,Card Phishing,4,23.1,1,14,1,22.31532,70.82151,0.48,4,Rajkot - Kalawad Road,20.6,1
TXN-2026-102299,CT-2026-1199,2026-08-13 13:26:00,78208.7,Identity Theft,5,2.2,1,26,0,21.189,72.82296,1.18,4,Surat - Ring Road,19.8,1
TXN-2026-102300,CT-2026-1200,2026-09-18 15:09:00,10881.06,Identity Theft,2,18.0,1,36,0,22.30343,70.81596,0.58,3,Rajkot - Kalawad Road,,0
TXN-2026-102301,CT-2026-1201,2026-08-10 11:21:00,85317.02,Identity Theft,1,6.6,1,31,0,28.60555,77.24025,0.13,4,Delhi - Connaught Place,16.3,1
TXN-2026-102302,CT-2026-1202,2026-09-29 10:12:00,199700.77,Investment Scam,1,18.6,1,1,0,21.21018,72.84128,0.12,8,Surat - Ring Road,43.8,1
TXN-2026-102303,CT-2026-1203,2026-08-07 00:15:00,1542554.2,Investment Scam,3,27.0,1,8,0,28.62477,77.16642,0.58,5,Delhi - Karol Bagh,35.6,1
TXN-2026-102304,CT-2026-1204,2026-09-17 06:12:00,6778.26,Card Phishing,1,5.2,1,28,1,22.29989,70.78665,0.51,3,Rajkot - Kalawad Road,,0
TXN-2026-102305,CT-2026-1205,2026-08-15 10:19:00,333347.75,Investment Scam,5,5.1,1,35,0,22.30968,70.79946,1.34,5,Rajkot - Kalawad Road,45.6,1
TXN-2026-102306,CT-2026-1206,2026-09-02 13:25:00,421045.38,Investment Scam,5,3.9,1,7,0,24.26584,74.62052,0.79,4,Rural / Other Region,32.6,1
TXN-2026-102307,CT-2026-1207,2026-08-16 17:05:00,227611.03,Investment Scam,2,113.2,0,486,1,23.02666,72.58033,6.96,1,Ahmedabad - SG Highway,,0
TXN-2026-102308,CT-2026-1208,2026-08-20 10:54:00,17279.77,UPI Fraud,4,10.3,1,9,0,22.3153,70.81349,1.68,4,Rajkot - Kalawad Road,44.7,1
TXN-2026-102309,CT-2026-1209,2026-08-13 10:39:00,46265.57,UPI Fraud,1,88.9,0,701,1,28.66903,77.20063,1.71,1,Delhi - Karol Bagh,,0
TXN-2026-102310,CT-2026-1210,2026-08-01 12:22:00,113208.48,Card Phishing,1,64.4,1,2,0,22.28057,73.1957,0.7,1,Vadodara - Alkapuri,,0
TXN-2026-102311,CT-2026-1211,2026-08-16 15:30:00,37901.51,UPI Fraud,1,1.5,1,15,0,28.61314,77.21868,0.37,3,Delhi - Connaught Place,,0
TXN-2026-102312,CT-2026-1212,2026-08-29 16:17:00,74870.95,Loan App Scam,3,9.5,1,17,0,23.06548,72.58667,0.2,3,Ahmedabad - SG Highway,43.5,1
TXN-2026-102313,CT-2026-1213,2026-08-08 12:19:00,6064.12,UPI Fraud,2,14.5,1,5,0,21.16704,72.84326,1.44,7,Surat - Ring Road,20.1,1
TXN-2026-102314,CT-2026-1214,2026-09-22 15:33:00,224067.4,Investment Scam,4,46.4,1,19,1,22.31305,70.81711,0.37,4,Rajkot - Kalawad Road,,0
TXN-2026-102315,CT-2026-1215,2026-09-26 10:54:00,104724.09,UPI Fraud,3,11.5,1,58,0,21.22262,71.94919,0.67,3,Rural / Other Region,,0
TXN-2026-102316,CT-2026-1216,2026-08-19 13:25:00,19414.36,UPI Fraud,2,157.7,0,1284,1,21.16842,72.83173,17.4,1,Surat - Ring Road,,0
TXN-2026-102317,CT-2026-1217,2026-08-01 11:08:00,38008.44,UPI Fraud,2,8.9,1,22,0,28.69285,77.20711,0.43,6,Delhi - Karol Bagh,28.5,1
TXN-2026-102318,CT-2026-1218,2026-09-22 12:26:00,510940.36,Investment Scam,5,25.5,1,40,0,22.32906,70.80782,0.93,4,Rajkot - Kalawad Road,35.6,1
TXN-2026-102319,CT-2026-1219,2026-08-07 23:02:00,54651.38,UPI Fraud,2,5.3,1,14,0,28.65512,77.20833,0.5,6,Delhi - Karol Bagh,47.2,1
TXN-2026-102320,CT-2026-1220,2026-09-24 07:41:00,62158.14,Investment Scam,3,32.9,1,2,1,28.66742,77.16964,0.45,6,Delhi - Karol Bagh,,0
TXN-2026-102321,CT-2026-1221,2026-09-21 09:40:00,12913.36,Loan App Scam,3,28.9,1,11,0,22.31464,73.18049,0.73,3,Vadodara - Alkapuri,63.4,1
TXN-2026-102322,CT-2026-1222,2026-08-18 10:04:00,115931.19,Investment Scam,3,11.9,1,4,0,28.61724,77.19698,1.33,5,Delhi - Connaught Place,7.4,1
TXN-2026-102323,CT-2026-1223,2026-08-08 10:44:00,8824.62,UPI Fraud,3,3.9,1,12,0,28.62946,77.22215,0.44,4,Delhi - Connaught Place,33.7,1
TXN-2026-102324,CT-2026-1224,2026-08-16 11:24:00,77720.78,Investment Scam,2,94.1,0,495,1,21.17559,72.82836,11.05,1,Surat - Ring Road,,0
TXN-2026-102325,CT-2026-1225,2026-08-30 15:08:00,21784.34,Loan App Scam,4,3.5,1,12,0,20.0829,73.67204,1.02,6,Rural / Other Region,35.9,1
TXN-2026-102326,CT-2026-1226,2026-09-07 09:18:00,60563.36,Card Phishing,4,5.3,1,17,1,23.04882,72.55704,0.18,5,Ahmedabad - SG Highway,39.2,1
TXN-2026-102327,CT-2026-1227,2026-09-13 04:07:00,33305.05,UPI Fraud,5,5.6,1,54,0,28.62267,77.2165,1.02,3,Delhi - Connaught Place,55.3,1
TXN-2026-102328,CT-2026-1228,2026-09-06 09:08:00,214033.11,Investment Scam,1,226.9,0,469,1,28.63109,77.20987,3.3,1,Delhi - Connaught Place,,0
TXN-2026-102329,CT-2026-1229,2026-09-08 11:13:00,16224.88,UPI Fraud,1,6.8,1,12,0,28.62351,77.2129,0.2,5,Delhi - Connaught Place,50.3,1
TXN-2026-102330,CT-2026-1230,2026-08-03 07:17:00,126260.81,UPI Fraud,2,6.2,1,1,0,28.63301,77.19804,1.0,6,Delhi - Connaught Place,41.9,1
TXN-2026-102331,CT-2026-1231,2026-09-02 21:55:00,47473.42,UPI Fraud,1,4.3,1,13,0,22.29222,73.21598,0.78,2,Vadodara - Alkapuri,,0
TXN-2026-102332,CT-2026-1232,2026-08-01 14:32:00,21617.55,UPI Fraud,2,10.6,1,23,1,20.81013,76.0658,0.34,8,Rural / Other Region,,0
TXN-2026-102333,CT-2026-1233,2026-09-21 04:29:00,13242.08,UPI Fraud,2,8.9,1,6,0,21.16532,72.82537,0.54,3,Surat - Ring Road,4.5,1
TXN-2026-102334,CT-2026-1234,2026-08-15 13:14:00,67651.38,Card Phishing,4,15.9,1,4,0,28.64093,77.16598,3.19,6,Delhi - Karol Bagh,,0
TXN-2026-102335,CT-2026-1235,2026-08-08 08:18:00,91030.18,Investment Scam,3,15.3,1,112,0,22.31261,70.78476,0.33,2,Rajkot - Kalawad Road,,0
TXN-2026-102336,CT-2026-1236,2026-08-02 23:35:00,733935.17,Investment Scam,2,10.7,1,104,0,22.28488,73.1791,0.82,6,Vadodara - Alkapuri,30.0,1
TXN-2026-102337,CT-2026-1237,2026-09-03 12:23:00,85752.77,UPI Fraud,1,17.5,1,5,1,26.45963,71.3431,0.83,6,Rural / Other Region,16.0,1
TXN-2026-102338,CT-2026-1238,2026-08-03 13:37:00,202568.78,UPI Fraud,2,4.1,1,32,0,24.46704,75.67251,0.34,4,Rural / Other Region,33.2,1
TXN-2026-102339,CT-2026-1239,2026-08-24 09:02:00,174185.28,Investment Scam,1,10.2,1,1,0,21.17652,72.83826,0.85,4,Surat - Ring Road,13.9,1
TXN-2026-102340,CT-2026-1240,2026-09-29 11:25:00,23710.97,UPI Fraud,1,22.0,1,6,1,28.62714,77.17477,0.11,1,Delhi - Connaught Place,,0
TXN-2026-102341,CT-2026-1241,2026-09-20 10:56:00,80199.96,Investment Scam,1,23.7,1,27,0,28.64821,77.17763,0.37,4,Delhi - Karol Bagh,,0
TXN-2026-102342,CT-2026-1242,2026-08-31 12:05:00,433024.26,Investment Scam,3,17.9,1,17,0,22.29211,70.80933,0.14,7,Rajkot - Kalawad Road,20.1,1
TXN-2026-102343,CT-2026-1243,2026-08-29 13:22:00,155827.07,Investment Scam,3,24.4,1,14,0,20.73455,77.21684,2.96,7,Rural / Other Region,,0
TXN-2026-102344,CT-2026-1244,2026-09-29 06:27:00,80823.88,Card Phishing,4,5.2,1,30,0,23.0536,72.5696,0.21,5,Ahmedabad - SG Highway,44.0,1
TXN-2026-102345,CT-2026-1245,2026-09-13 17:02:00,90718.02,Investment Scam,3,5.3,1,7,0,26.55504,74.71176,0.27,4,Rural / Other Region,28.7,1
TXN-2026-102346,CT-2026-1246,2026-08-13 11:15:00,57842.42,Loan App Scam,4,6.4,1,4,0,22.29867,70.80691,0.34,4,Rajkot - Kalawad Road,58.5,1
TXN-2026-102347,CT-2026-1247,2026-09-19 03:19:00,71561.45,Identity Theft,3,38.2,0,657,1,20.0325,73.38708,1.82,1,Rural / Other Region,,0
TXN-2026-102348,CT-2026-1248,2026-09-12 07:28:00,80497.33,Loan App Scam,1,19.1,1,1,0,28.62682,77.20923,0.17,3,Delhi - Connaught Place,29.2,1
TXN-2026-102349,CT-2026-1249,2026-09-27 06:11:00,315481.5,Investment Scam,2,20.1,1,20,0,22.28426,70.81968,0.81,3,Rajkot - Kalawad Road,6.8,1
TXN-2026-102350,CT-2026-1250,2026-08-15 12:49:00,75778.44,UPI Fraud,3,111.3,0,1184,1,28.61794,77.21337,1.37,2,Delhi - Connaught Place,,0
TXN-2026-102351,CT-2026-1251,2026-08-10 11:07:00,126440.25,Investment Scam,1,7.1,1,18,0,28.62821,77.22384,0.52,3,Delhi - Connaught Place,21.4,1
TXN-2026-102352,CT-2026-1252,2026-09-16 16:17:00,23551.33,Card Phishing,3,40.1,0,497,1,22.29868,70.80684,6.98,1,Rajkot - Kalawad Road,,0
TXN-2026-102353,CT-2026-1253,2026-08-28 12:25:00,28604.99,UPI Fraud,1,15.9,1,20,0,25.19818,77.38016,0.84,7,Rural / Other Region,12.7,1
TXN-2026-102354,CT-2026-1254,2026-08-26 03:43:00,21186.59,Loan App Scam,1,6.0,1,12,0,22.28762,70.82301,0.2,7,Rajkot - Kalawad Road,41.2,1
TXN-2026-102355,CT-2026-1255,2026-08-02 17:07:00,30916.4,UPI Fraud,4,21.2,1,62,1,23.01159,72.59398,0.22,6,Ahmedabad - SG Highway,,0
TXN-2026-102356,CT-2026-1256,2026-08-24 07:00:00,475057.26,Investment Scam,1,6.0,1,21,0,22.34027,73.2002,0.54,7,Vadodara - Alkapuri,42.8,1
TXN-2026-102357,CT-2026-1257,2026-08-24 22:20:00,10110.95,UPI Fraud,3,22.4,1,10,0,28.62944,77.20864,0.63,7,Delhi - Connaught Place,16.0,1
TXN-2026-102358,CT-2026-1258,2026-09-01 08:38:00,496260.61,Investment Scam,1,215.3,0,634,1,28.6242,77.21637,3.14,1,Delhi - Connaught Place,,0
TXN-2026-102359,CT-2026-1259,2026-09-05 11:34:00,7389.85,Identity Theft,2,51.2,1,14,0,22.30585,70.77614,0.65,3,Rajkot - Kalawad Road,,0
TXN-2026-102360,CT-2026-1260,2026-08-04 08:55:00,17670.62,UPI Fraud,1,167.9,0,510,1,28.65987,77.19716,2.47,2,Delhi - Karol Bagh,,0
TXN-2026-102361,CT-2026-1261,2026-08-10 15:18:00,180851.49,UPI Fraud,2,2.8,1,21,0,23.05488,72.58914,0.93,6,Ahmedabad - SG Highway,25.1,1
TXN-2026-102362,CT-2026-1262,2026-08-30 13:30:00,177680.92,Card Phishing,1,13.4,1,21,0,22.30446,70.8413,1.43,6,Rajkot - Kalawad Road,,0
TXN-2026-102363,CT-2026-1263,2026-09-17 12:38:00,415638.16,Investment Scam,3,172.1,0,420,1,21.04898,70.13427,4.73,2,Rural / Other Region,,0
TXN-2026-102364,CT-2026-1264,2026-09-15 08:38:00,137465.69,Loan App Scam,1,2.5,1,4,0,28.65342,77.19024,0.21,9,Delhi - Karol Bagh,47.9,1
TXN-2026-102365,CT-2026-1265,2026-08-31 11:24:00,33578.49,Loan App Scam,1,120.3,0,598,1,22.31027,70.78464,3.51,1,Rajkot - Kalawad Road,,0
TXN-2026-102366,CT-2026-1266,2026-09-07 09:38:00,69914.32,UPI Fraud,1,13.4,1,2,0,28.6242,77.22801,0.57,3,Delhi - Connaught Place,49.3,1
TXN-2026-102367,CT-2026-1267,2026-08-22 02:13:00,553856.86,Investment Scam,4,12.5,1,10,0,28.62183,77.21156,0.37,3,Delhi - Connaught Place,36.2,1
TXN-2026-102368,CT-2026-1268,2026-08-16 16:18:00,45333.93,UPI Fraud,3,14.8,1,3,0,23.00712,72.60649,0.17,8,Ahmedabad - SG Highway,3.5,1
TXN-2026-102369,CT-2026-1269,2026-09-03 16:17:00,61165.58,Investment Scam,2,122.9,0,649,1,21.17411,72.81713,0.89,1,Surat - Ring Road,,0
TXN-2026-102370,CT-2026-1270,2026-08-26 14:00:00,18006.76,UPI Fraud,4,9.9,1,2,1,23.66755,74.32677,4.19,2,Rural / Other Region,,0
TXN-2026-102371,CT-2026-1271,2026-08-11 11:51:00,28545.27,UPI Fraud,3,32.9,1,23,0,22.31218,70.79541,0.42,3,Rajkot - Kalawad Road,,0
TXN-2026-102372,CT-2026-1272,2026-08-23 13:58:00,38367.05,Card Phishing,3,168.9,0,1023,1,22.30675,70.8143,0.91,2,Rajkot - Kalawad Road,,0
TXN-2026-102373,CT-2026-1273,2026-08-14 07:04:00,541454.16,Investment Scam,2,19.2,1,56,0,28.6137,77.22078,0.94,6,Delhi - Connaught Place,,0
TXN-2026-102374,CT-2026-1274,2026-08-14 09:05:00,237609.04,Loan App Scam,2,4.0,1,12,0,28.63849,77.20785,1.49,9,Delhi - Connaught Place,,0
TXN-2026-102375,CT-2026-1275,2026-08-31 15:19:00,5852.36,Loan App Scam,2,7.8,1,10,0,23.02847,72.59052,0.24,1,Ahmedabad - SG Highway,52.9,1
TXN-2026-102376,CT-2026-1276,2026-08-03 11:02:00,146720.77,UPI Fraud,2,8.3,1,27,0,23.02686,72.57712,0.25,6,Ahmedabad - SG Highway,36.1,1
TXN-2026-102377,CT-2026-1277,2026-09-28 10:09:00,9285.95,UPI Fraud,1,5.6,1,27,0,28.64443,77.19424,0.75,5,Delhi - Connaught Place,39.7,1
TXN-2026-102378,CT-2026-1278,2026-08-07 19:05:00,86515.56,UPI Fraud,1,21.9,1,4,0,28.66884,77.20152,0.23,1,Delhi - Karol Bagh,25.5,1
TXN-2026-102379,CT-2026-1279,2026-09-06 06:12:00,62245.7,Card Phishing,1,103.4,0,370,1,28.66079,77.18555,5.46,1,Delhi - Karol Bagh,,0
TXN-2026-102380,CT-2026-1280,2026-09-16 05:33:00,35665.69,UPI Fraud,3,8.1,1,7,0,22.33531,73.20075,0.41,4,Vadodara - Alkapuri,46.9,1
TXN-2026-102381,CT-2026-1281,2026-08-28 13:42:00,102723.65,UPI Fraud,1,6.1,1,18,0,28.63213,77.2053,1.17,2,Delhi - Connaught Place,,0
TXN-2026-102382,CT-2026-1282,2026-08-03 00:38:00,24177.85,UPI Fraud,1,37.1,1,40,1,22.30209,73.1919,0.24,5,Vadodara - Alkapuri,,0
TXN-2026-102383,CT-2026-1283,2026-08-10 08:09:00,610367.51,Investment Scam,1,18.5,1,1,0,23.55384,78.74292,0.47,1,Rural / Other Region,38.3,1
TXN-2026-102384,CT-2026-1284,2026-09-23 13:19:00,49088.21,UPI Fraud,3,3.4,1,4,0,22.3038,73.17318,1.32,12,Vadodara - Alkapuri,32.0,1
TXN-2026-102385,CT-2026-1285,2026-08-08 11:13:00,63635.68,UPI Fraud,4,16.4,1,49,1,21.99234,74.092,1.44,4,Rural / Other Region,,0
TXN-2026-102386,CT-2026-1286,2026-09-21 15:43:00,50394.16,UPI Fraud,3,367.1,0,508,1,22.30345,73.1792,3.07,1,Vadodara - Alkapuri,,0
TXN-2026-102387,CT-2026-1287,2026-08-05 06:15:00,20358.74,Card Phishing,3,11.9,1,5,0,26.79282,79.27879,1.02,2,Rural / Other Region,52.5,1
TXN-2026-102388,CT-2026-1288,2026-09-10 14:53:00,13844.54,UPI Fraud,1,10.6,1,16,1,21.17664,72.81671,0.81,5,Surat - Ring Road,,0
TXN-2026-102389,CT-2026-1289,2026-08-02 12:58:00,6823.97,UPI Fraud,2,10.1,1,9,1,26.48158,78.78748,0.73,5,Rural / Other Region,,0
TXN-2026-102390,CT-2026-1290,2026-08-06 16:57:00,10103.3,UPI Fraud,2,12.7,1,18,0,21.17881,72.82914,0.91,3,Surat - Ring Road,,0
TXN-2026-102391,CT-2026-1291,2026-08-26 15:06:00,77135.9,UPI Fraud,1,17.3,1,25,0,27.71208,70.23336,0.27,5,Rural / Other Region,46.4,1
TXN-2026-102392,CT-2026-1292,2026-08-05 16:55:00,91042.99,UPI Fraud,2,11.3,1,2,0,23.04471,72.59332,0.21,6,Ahmedabad - SG Highway,43.4,1
TXN-2026-102393,CT-2026-1293,2026-09-01 17:27:00,6264.21,Loan App Scam,1,10.6,1,39,0,23.46031,76.23203,0.81,4,Rural / Other Region,,0
TXN-2026-102394,CT-2026-1294,2026-08-10 11:10:00,101703.8,UPI Fraud,2,6.7,1,81,0,28.63999,77.20814,0.11,2,Delhi - Karol Bagh,,0
TXN-2026-102395,CT-2026-1295,2026-09-27 12:38:00,234534.21,Card Phishing,4,100.0,0,1125,1,28.62899,77.23638,2.78,4,Delhi - Connaught Place,,0
TXN-2026-102396,CT-2026-1296,2026-09-01 10:15:00,34653.34,UPI Fraud,2,29.2,1,3,0,23.46463,78.29378,0.32,8,Rural / Other Region,26.1,1
TXN-2026-102397,CT-2026-1297,2026-09-07 11:32:00,58333.4,Card Phishing,2,4.2,1,16,0,28.64439,77.17852,0.84,3,Delhi - Connaught Place,27.0,1
TXN-2026-102398,CT-2026-1298,2026-08-22 13:12:00,59795.02,Card Phishing,3,4.0,1,19,1,28.65104,77.22627,0.29,5,Delhi - Connaught Place,51.4,1
TXN-2026-102399,CT-2026-1299,2026-09-05 09:20:00,232771.48,Investment Scam,3,63.6,1,16,0,21.17885,72.80479,0.45,3,Surat - Ring Road,,0
TXN-2026-102400,CT-2026-1000,2026-09-09 14:52:00,53296.94,Card Phishing,3,31.8,0,985,1,28.6391,77.20684,2.91,1,Delhi - Karol Bagh,,0
TXN-2026-102401,CT-2026-1001,2026-08-19 11:44:00,121214.67,Investment Scam,2,3.4,1,4,0,20.93241,76.08784,0.28,3,Rural / Other Region,6.6,1
TXN-2026-102402,CT-2026-1002,2026-09-26 06:03:00,20348.06,Card Phishing,2,6.1,1,31,0,22.33218,73.19873,1.15,6,Vadodara - Alkapuri,39.8,1
TXN-2026-102403,CT-2026-1003,2026-08-26 19:28:00,7306.81,Loan App Scam,2,12.0,1,8,0,22.31874,70.80143,0.68,6,Rajkot - Kalawad Road,27.3,1
TXN-2026-102404,CT-2026-1004,2026-08-03 08:25:00,47330.05,Card Phishing,4,2.9,1,40,0,20.28303,74.34164,0.47,6,Rural / Other Region,26.1,1
TXN-2026-102405,CT-2026-1005,2026-08-28 12:34:00,37326.05,UPI Fraud,2,16.0,1,10,0,21.15633,72.83002,1.89,3,Surat - Ring Road,,0
TXN-2026-102406,CT-2026-1006,2026-09-18 10:06:00,69889.66,UPI Fraud,2,9.0,1,32,0,22.31081,70.8035,0.44,3,Rajkot - Kalawad Road,,0
TXN-2026-102407,CT-2026-1007,2026-09-04 12:31:00,249360.66,Investment Scam,3,110.7,0,994,1,23.04375,72.56313,1.37,1,Ahmedabad - SG Highway,,0
TXN-2026-102408,CT-2026-1008,2026-08-08 12:10:00,955751.79,Investment Scam,1,270.4,0,250,1,22.53496,75.50254,7.14,1,Rural / Other Region,,0
TXN-2026-102409,CT-2026-1009,2026-08-18 14:43:00,41398.13,UPI Fraud,1,3.5,1,24,0,22.3041,70.79253,0.26,2,Rajkot - Kalawad Road,31.7,1
TXN-2026-102410,CT-2026-1010,2026-09-07 12:19:00,46420.08,UPI Fraud,3,3.3,1,26,0,28.61167,77.21815,0.67,4,Delhi - Connaught Place,,0
TXN-2026-102411,CT-2026-1011,2026-08-30 23:37:00,52624.56,Investment Scam,3,11.0,1,13,0,28.63995,77.17968,0.2,4,Delhi - Karol Bagh,35.1,1
TXN-2026-102412,CT-2026-1012,2026-08-18 04:54:00,32402.16,UPI Fraud,3,27.4,1,1,1,25.17195,72.20916,0.47,5,Rural / Other Region,46.5,1
TXN-2026-102413,CT-2026-1013,2026-09-27 10:28:00,10315.69,Card Phishing,2,122.6,0,1484,1,21.15169,72.83968,4.25,1,Surat - Ring Road,,0
TXN-2026-102414,CT-2026-1014,2026-09-22 17:37:00,7906.56,UPI Fraud,2,8.4,1,39,0,28.64821,77.20403,0.29,5,Delhi - Karol Bagh,,0
TXN-2026-102415,CT-2026-1015,2026-09-19 08:08:00,625786.47,Investment Scam,2,1.9,1,1,0,21.18006,72.82633,0.82,5,Surat - Ring Road,40.5,1
TXN-2026-102416,CT-2026-1016,2026-08-12 13:05:00,136567.66,Card Phishing,2,31.6,0,1301,1,27.3922,75.51289,2.35,1,Rural / Other Region,,0
TXN-2026-102417,CT-2026-1017,2026-08-28 12:10:00,119354.13,Loan App Scam,2,3.3,1,21,0,22.27329,70.79396,0.29,3,Rajkot - Kalawad Road,38.1,1
TXN-2026-102418,CT-2026-1018,2026-09-18 15:21:00,593043.28,Investment Scam,2,12.2,1,20,0,28.61967,77.21515,0.11,5,Delhi - Connaught Place,40.4,1
TXN-2026-102419,CT-2026-1019,2026-08-16 15:11:00,447909.03,Investment Scam,2,13.2,1,27,0,28.64078,77.2208,1.37,6,Delhi - Connaught Place,54.5,1
TXN-2026-102420,CT-2026-1020,2026-09-04 16:05:00,445301.31,Investment Scam,2,89.8,0,186,1,22.32219,70.80009,8.74,1,Rajkot - Kalawad Road,,0
TXN-2026-102421,CT-2026-1021,2026-09-19 15:21:00,17235.53,Identity Theft,2,413.1,0,1102,1,23.04861,72.59197,3.13,3,Ahmedabad - SG Highway,,0
TXN-2026-102422,CT-2026-1022,2026-09-17 16:16:00,40449.79,Loan App Scam,2,45.9,0,522,1,28.63936,77.17813,7.91,1,Delhi - Karol Bagh,,0
TXN-2026-102423,CT-2026-1023,2026-09-12 03:30:00,5556.64,Identity Theft,5,12.7,1,2,0,22.29427,70.81202,0.66,4,Rajkot - Kalawad Road,51.2,1
TXN-2026-102424,CT-2026-1024,2026-08-31 09:37:00,17365.97,Card Phishing,1,66.8,1,60,0,22.32077,70.78635,0.22,2,Rajkot - Kalawad Road,,0
TXN-2026-102425,CT-2026-1025,2026-08-23 13:23:00,17194.4,UPI Fraud,1,146.8,0,426,1,22.29946,73.18812,0.67,1,Vadodara - Alkapuri,,0
TXN-2026-102426,CT-2026-1026,2026-08-25 14:50:00,41672.36,UPI Fraud,1,62.0,0,326,1,26.05582,78.44702,3.93,1,Rural / Other Region,,0
TXN-2026-102427,CT-2026-1027,2026-09-14 13:51:00,30237.43,UPI Fraud,4,51.3,0,427,1,20.37129,75.53606,6.47,2,Rural / Other Region,,0
TXN-2026-102428,CT-2026-1028,2026-09-20 16:49:00,55950.4,Loan App Scam,2,27.7,1,64,0,22.31228,70.81821,1.68,6,Rajkot - Kalawad Road,,0
TXN-2026-102429,CT-2026-1029,2026-09-04 11:14:00,53668.73,Investment Scam,3,11.4,1,47,0,22.29967,73.19507,0.34,5,Vadodara - Alkapuri,49.5,1
TXN-2026-102430,CT-2026-1030,2026-08-23 11:57:00,19666.19,Loan App Scam,2,147.1,0,1154,1,22.29956,73.18608,6.22,1,Vadodara - Alkapuri,,0
TXN-2026-102431,CT-2026-1031,2026-09-07 14:46:00,82638.78,UPI Fraud,4,27.3,1,15,0,28.66009,77.22214,0.36,3,Delhi - Karol Bagh,31.8,1
TXN-2026-102432,CT-2026-1032,2026-09-04 13:28:00,41531.38,UPI Fraud,4,245.6,0,1040,1,28.62896,77.19655,0.95,1,Delhi - Karol Bagh,,0
TXN-2026-102433,CT-2026-1033,2026-09-18 16:45:00,15764.69,Card Phishing,2,42.0,0,1077,1,22.31036,70.80093,2.45,1,Rajkot - Kalawad Road,,0
TXN-2026-102434,CT-2026-1034,2026-09-24 13:32:00,7684.08,Card Phishing,2,35.9,1,10,0,28.65394,77.20033,1.66,4,Delhi - Karol Bagh,,0
TXN-2026-102435,CT-2026-1035,2026-09-21 15:56:00,22642.61,UPI Fraud,1,124.6,0,383,1,28.62995,77.21104,1.02,1,Delhi - Connaught Place,,0
TXN-2026-102436,CT-2026-1036,2026-08-07 10:13:00,127431.31,UPI Fraud,4,7.4,1,26,1,22.30881,73.1847,0.62,6,Vadodara - Alkapuri,29.5,1
TXN-2026-102437,CT-2026-1037,2026-09-20 11:14:00,13883.7,Card Phishing,2,536.3,0,536,1,23.0329,72.55753,7.39,1,Ahmedabad - SG Highway,,0
TXN-2026-102438,CT-2026-1038,2026-09-18 11:30:00,25581.35,Loan App Scam,4,2.3,1,18,0,24.36062,71.9763,1.43,4,Rural / Other Region,36.5,1
TXN-2026-102439,CT-2026-1039,2026-09-28 15:00:00,22050.26,UPI Fraud,4,13.0,1,1,0,28.6425,77.1955,0.39,5,Delhi - Karol Bagh,53.3,1
TXN-2026-102440,CT-2026-1040,2026-09-14 16:48:00,57513.59,UPI Fraud,4,5.9,1,23,0,26.93253,72.71113,0.59,3,Rural / Other Region,22.6,1
TXN-2026-102441,CT-2026-1041,2026-08-18 05:29:00,20201.32,UPI Fraud,1,14.2,1,38,0,23.03092,72.5523,0.43,7,Ahmedabad - SG Highway,,0
TXN-2026-102442,CT-2026-1042,2026-09-09 14:05:00,701034.54,Investment Scam,2,3.9,1,15,0,23.02746,72.61526,1.5,8,Ahmedabad - SG Highway,51.1,1
TXN-2026-102443,CT-2026-1043,2026-08-01 05:58:00,73824.36,Investment Scam,1,7.9,1,7,0,20.60139,74.41614,0.17,5,Rural / Other Region,26.2,1
TXN-2026-102444,CT-2026-1044,2026-08-25 16:17:00,147628.02,Loan App Scam,2,26.6,1,16,0,21.0138,71.641,1.15,6,Rural / Other Region,,0
TXN-2026-102445,CT-2026-1045,2026-09-10 06:28:00,573226.95,Investment Scam,2,92.9,0,1089,1,21.21308,72.84201,4.48,2,Surat - Ring Road,,0
TXN-2026-102446,CT-2026-1046,2026-08-08 13:46:00,8157.38,UPI Fraud,2,227.0,0,1214,1,22.32328,73.17217,0.58,1,Vadodara - Alkapuri,,0
TXN-2026-102447,CT-2026-1047,2026-08-06 12:48:00,1289579.16,Investment Scam,2,6.0,1,1,0,23.05862,72.57533,0.1,6,Ahmedabad - SG Highway,38.9,1
TXN-2026-102448,CT-2026-1048,2026-08-25 11:51:00,15550.88,Card Phishing,3,286.9,0,1314,1,28.64131,77.17661,1.3,1,Delhi - Karol Bagh,,0
TXN-2026-102449,CT-2026-1049,2026-09-01 19:02:00,1174535.79,Investment Scam,3,171.4,0,1265,1,28.63786,77.17688,0.82,2,Delhi - Karol Bagh,,0
TXN-2026-102450,CT-2026-1050,2026-09-01 10:27:00,17138.26,Loan App Scam,5,10.9,1,17,0,22.30332,73.18611,0.42,6,Vadodara - Alkapuri,29.9,1
TXN-2026-102451,CT-2026-1051,2026-08-27 11:57:00,26726.69,Card Phishing,2,6.0,1,17,0,21.16384,72.81289,2.41,4,Surat - Ring Road,16.7,1
TXN-2026-102452,CT-2026-1052,2026-08-13 16:33:00,23590.0,UPI Fraud,3,10.8,1,12,0,28.6613,77.17638,0.39,4,Delhi - Karol Bagh,30.1,1
TXN-2026-102453,CT-2026-1053,2026-09-27 12:37:00,83197.37,Investment Scam,3,7.2,1,36,0,28.63364,77.17949,0.25,2,Delhi - Karol Bagh,,0
TXN-2026-102454,CT-2026-1054,2026-08-13 07:13:00,24071.88,UPI Fraud,2,6.9,1,42,1,22.32669,73.18988,0.25,5,Vadodara - Alkapuri,,0
TXN-2026-102455,CT-2026-1055,2026-08-29 14:32:00,209377.85,Investment Scam,3,22.7,1,10,0,22.33742,70.7595,0.39,5,Rajkot - Kalawad Road,30.9,1
TXN-2026-102456,CT-2026-1056,2026-09-20 10:01:00,161753.66,Investment Scam,2,6.7,1,8,0,28.64994,77.20537,0.28,6,Delhi - Karol Bagh,39.2,1
TXN-2026-102457,CT-2026-1057,2026-09-01 11:55:00,12663.33,UPI Fraud,1,11.8,1,6,1,21.17446,72.82729,0.43,1,Surat - Ring Road,,0
TXN-2026-102458,CT-2026-1058,2026-08-23 13:07:00,102951.45,Investment Scam,1,2.5,1,10,0,21.16353,72.83194,1.96,7,Surat - Ring Road,42.1,1
TXN-2026-102459,CT-2026-1059,2026-08-06 23:36:00,29106.42,UPI Fraud,3,5.6,1,12,0,21.14206,72.82447,0.53,2,Surat - Ring Road,40.6,1
TXN-2026-102460,CT-2026-1060,2026-08-21 16:46:00,54721.68,Card Phishing,3,11.5,1,38,0,28.64503,77.17929,0.65,6,Delhi - Connaught Place,37.8,1
TXN-2026-102461,CT-2026-1061,2026-08-22 21:32:00,84740.05,Investment Scam,3,6.1,1,4,1,22.28855,70.80225,0.8,7,Rajkot - Kalawad Road,35.0,1
TXN-2026-102462,CT-2026-1062,2026-08-23 01:22:00,37761.84,Loan App Scam,1,51.7,0,803,1,22.29988,70.79088,1.67,4,Rajkot - Kalawad Road,,0
TXN-2026-102463,CT-2026-1063,2026-08-12 15:44:00,977156.48,Investment Scam,1,73.9,0,840,1,28.63214,77.21998,5.06,1,Delhi - Connaught Place,,0
TXN-2026-102464,CT-2026-1064,2026-09-19 15:16:00,16118.08,UPI Fraud,2,133.7,0,414,1,22.31748,73.18948,0.95,1,Vadodara - Alkapuri,,0
TXN-2026-102465,CT-2026-1065,2026-08-14 15:38:00,41988.26,UPI Fraud,3,2.9,1,21,0,28.64188,77.18988,0.11,7,Delhi - Karol Bagh,20.1,1
TXN-2026-102466,CT-2026-1066,2026-08-08 15:54:00,162961.05,Investment Scam,1,26.4,1,54,1,23.01253,72.59287,2.03,5,Ahmedabad - SG Highway,,0
TXN-2026-102467,CT-2026-1067,2026-09-20 04:29:00,68253.92,UPI Fraud,3,12.3,1,19,0,28.65834,77.1764,0.47,5,Delhi - Karol Bagh,36.1,1
TXN-2026-102468,CT-2026-1068,2026-09-02 11:23:00,47027.15,Loan App Scam,1,9.9,1,3,0,20.03558,72.75794,0.9,5,Rural / Other Region,27.9,1
TXN-2026-102469,CT-2026-1069,2026-08-02 10:05:00,47132.23,Card Phishing,2,22.5,1,25,0,28.6175,77.23266,1.64,5,Delhi - Connaught Place,,0
TXN-2026-102470,CT-2026-1070,2026-08-01 11:04:00,18861.8,UPI Fraud,2,33.3,1,50,0,23.03039,72.56225,0.61,9,Ahmedabad - SG Highway,,0
TXN-2026-102471,CT-2026-1071,2026-09-24 21:15:00,86837.05,Card Phishing,2,4.2,1,79,0,22.31325,73.16736,0.46,1,Vadodara - Alkapuri,,0
TXN-2026-102472,CT-2026-1072,2026-09-11 11:11:00,16452.36,UPI Fraud,3,1.6,1,45,0,28.67925,77.17667,0.27,4,Delhi - Karol Bagh,,0
TXN-2026-102473,CT-2026-1073,2026-09-27 13:50:00,99077.72,Loan App Scam,2,24.0,1,29,1,21.16899,72.811,1.33,3,Surat - Ring Road,,0
TXN-2026-102474,CT-2026-1074,2026-08-06 21:42:00,7867.25,UPI Fraud,3,7.3,1,2,0,20.6926,71.62064,0.59,6,Rural / Other Region,18.7,1
TXN-2026-102475,CT-2026-1075,2026-09-04 12:45:00,71427.07,UPI Fraud,2,13.0,1,19,1,28.6327,77.18845,0.35,9,Delhi - Karol Bagh,24.1,1
TXN-2026-102476,CT-2026-1076,2026-09-17 12:45:00,558652.18,Investment Scam,2,110.5,0,558,1,26.29714,72.20201,3.79,1,Rural / Other Region,,0
TXN-2026-102477,CT-2026-1077,2026-09-12 08:50:00,10938.38,Card Phishing,4,162.0,0,545,1,23.95068,74.40072,3.59,1,Rural / Other Region,,0
TXN-2026-102478,CT-2026-1078,2026-09-07 16:15:00,7795.81,UPI Fraud,2,201.0,0,1240,1,28.68273,77.20051,0.56,1,Delhi - Karol Bagh,,0
TXN-2026-102479,CT-2026-1079,2026-08-16 11:49:00,20782.58,Loan App Scam,4,6.0,1,36,0,28.62978,77.17463,0.67,2,Delhi - Karol Bagh,54.7,1
TXN-2026-102480,CT-2026-1080,2026-09-04 22:24:00,68083.72,UPI Fraud,4,5.8,1,19,1,21.08208,73.5467,0.11,1,Rural / Other Region,26.7,1
TXN-2026-102481,CT-2026-1081,2026-08-08 19:33:00,16878.6,UPI Fraud,2,2.1,1,7,1,21.17675,72.86393,0.36,7,Surat - Ring Road,47.2,1
TXN-2026-102482,CT-2026-1082,2026-09-28 15:58:00,357843.7,Investment Scam,1,199.7,0,837,1,21.19478,72.82748,1.36,1,Surat - Ring Road,,0
TXN-2026-102483,CT-2026-1083,2026-08-03 09:03:00,36229.76,UPI Fraud,2,4.7,1,11,0,23.02863,72.58317,0.18,6,Ahmedabad - SG Highway,40.2,1
TXN-2026-102484,CT-2026-1084,2026-08-10 08:53:00,28701.93,Card Phishing,4,29.3,1,55,0,20.12324,75.81017,0.79,3,Rural / Other Region,,0
TXN-2026-102485,CT-2026-1085,2026-08-11 10:57:00,34852.84,UPI Fraud,2,18.4,1,6,0,21.1485,72.85009,0.65,4,Surat - Ring Road,29.3,1
TXN-2026-102486,CT-2026-1086,2026-08-15 13:02:00,319029.2,Investment Scam,3,12.1,1,10,0,22.31027,73.16099,0.23,8,Vadodara - Alkapuri,26.7,1
TXN-2026-102487,CT-2026-1087,2026-09-27 16:25:00,102266.21,Identity Theft,3,12.7,1,4,1,28.6501,77.20173,1.04,2,Delhi - Connaught Place,,0
TXN-2026-102488,CT-2026-1088,2026-08-23 11:15:00,75851.0,UPI Fraud,3,24.5,1,1,0,28.65473,77.20432,0.66,8,Delhi - Karol Bagh,32.9,1
TXN-2026-102489,CT-2026-1089,2026-09-24 12:46:00,18074.79,Card Phishing,2,137.7,0,219,1,23.04102,72.59755,4.31,1,Ahmedabad - SG Highway,,0
TXN-2026-102490,CT-2026-1090,2026-08-28 15:52:00,188083.94,UPI Fraud,4,13.7,1,11,0,23.02658,72.58564,0.66,7,Ahmedabad - SG Highway,30.4,1
TXN-2026-102491,CT-2026-1091,2026-08-12 11:23:00,43982.24,UPI Fraud,4,15.1,1,15,0,22.29824,73.16785,1.67,2,Vadodara - Alkapuri,33.3,1
TXN-2026-102492,CT-2026-1092,2026-08-27 01:03:00,72314.8,UPI Fraud,2,6.1,1,61,0,21.16038,72.84515,0.17,4,Surat - Ring Road,,0
TXN-2026-102493,CT-2026-1093,2026-08-24 09:25:00,30638.63,UPI Fraud,1,115.4,0,208,1,22.30152,70.80285,3.15,1,Rajkot - Kalawad Road,,0
TXN-2026-102494,CT-2026-1094,2026-09-24 14:44:00,126217.95,UPI Fraud,1,182.0,0,491,1,21.1756,72.82848,3.26,1,Surat - Ring Road,,0
TXN-2026-102495,CT-2026-1095,2026-09-29 06:40:00,80919.56,Identity Theft,3,1.8,1,1,0,22.29752,73.17069,0.18,6,Vadodara - Alkapuri,56.9,1
TXN-2026-102496,CT-2026-1096,2026-08-07 14:16:00,134484.59,Investment Scam,2,31.6,1,4,0,22.99036,73.33745,1.08,6,Rural / Other Region,,0
TXN-2026-102497,CT-2026-1097,2026-08-12 12:23:00,7700.75,Card Phishing,2,22.3,1,14,0,22.29618,70.79663,0.49,5,Rajkot - Kalawad Road,,0
TXN-2026-102498,CT-2026-1098,2026-09-25 15:28:00,24067.74,Loan App Scam,2,43.4,1,12,0,22.286,70.80937,0.39,4,Rajkot - Kalawad Road,,0
TXN-2026-102499,CT-2026-1099,2026-08-07 13:32:00,197697.91,Card Phishing,4,3.1,1,16,0,22.30508,70.80231,0.55,4,Rajkot - Kalawad Road,48.1,1
TXN-2026-102500,CT-2026-1100,2026-08-01 07:05:00,72549.86,UPI Fraud,4,12.0,1,16,0,22.28923,70.82899,1.28,3,Rajkot - Kalawad Road,22.2,1
TXN-2026-102501,CT-2026-1101,2026-08-31 16:51:00,22743.56,Card Phishing,2,134.8,0,1159,1,22.31106,73.18518,1.53,1,Vadodara - Alkapuri,,0
TXN-2026-102502,CT-2026-1102,2026-08-11 08:58:00,302565.91,Investment Scam,2,16.9,1,26,0,22.3087,73.15744,1.77,7,Vadodara - Alkapuri,,0
TXN-2026-102503,CT-2026-1103,2026-08-13 12:47:00,9923.53,UPI Fraud,3,19.6,1,11,0,28.62405,77.1993,0.49,5,Delhi - Connaught Place,33.7,1
TXN-2026-102504,CT-2026-1104,2026-09-05 11:53:00,10036.46,Loan App Scam,3,30.6,1,1,0,28.63761,77.17489,0.37,4,Delhi - Karol Bagh,43.7,1
TXN-2026-102505,CT-2026-1105,2026-08-24 14:35:00,10177.11,UPI Fraud,2,35.3,0,811,1,28.61343,77.19118,2.51,1,Delhi - Connaught Place,,0
TXN-2026-102506,CT-2026-1106,2026-09-08 08:14:00,363031.15,Identity Theft,1,15.2,1,23,0,28.62806,77.22274,1.0,2,Delhi - Connaught Place,,0
TXN-2026-102507,CT-2026-1107,2026-09-21 07:34:00,30893.9,UPI Fraud,3,10.1,1,6,0,23.02223,72.59074,0.99,5,Ahmedabad - SG Highway,27.2,1
TXN-2026-102508,CT-2026-1108,2026-08-22 10:31:00,13740.68,UPI Fraud,2,43.5,1,6,0,21.20929,72.83466,0.12,11,Surat - Ring Road,13.4,1
TXN-2026-102509,CT-2026-1109,2026-08-26 14:27:00,18291.75,Card Phishing,4,10.9,1,25,0,23.02464,72.58868,0.75,4,Ahmedabad - SG Highway,28.2,1
TXN-2026-102510,CT-2026-1110,2026-09-07 14:53:00,66575.97,Card Phishing,2,21.6,1,1,0,21.15355,72.84286,0.44,5,Surat - Ring Road,38.3,1
TXN-2026-102511,CT-2026-1111,2026-08-17 13:17:00,76489.11,UPI Fraud,4,30.5,1,27,0,23.03363,72.58518,0.65,5,Ahmedabad - SG Highway,23.1,1
TXN-2026-102512,CT-2026-1112,2026-09-03 11:23:00,29821.53,UPI Fraud,3,122.7,0,974,1,22.30523,70.8118,4.56,1,Rajkot - Kalawad Road,,0
TXN-2026-102513,CT-2026-1113,2026-08-28 17:01:00,28251.63,UPI Fraud,3,3.4,1,14,0,22.35048,73.2233,0.82,3,Vadodara - Alkapuri,52.2,1
TXN-2026-102514,CT-2026-1114,2026-08-03 12:13:00,109081.41,UPI Fraud,2,2.4,1,8,0,28.66537,77.17141,0.6,2,Delhi - Karol Bagh,,0
TXN-2026-102515,CT-2026-1115,2026-08-15 11:46:00,24801.0,Identity Theft,2,113.4,0,630,1,22.34513,73.1869,0.63,1,Vadodara - Alkapuri,,0
TXN-2026-102516,CT-2026-1116,2026-08-12 10:42:00,113518.06,Identity Theft,2,3.2,1,3,1,22.29864,70.77034,0.9,7,Rajkot - Kalawad Road,33.4,1
TXN-2026-102517,CT-2026-1117,2026-08-30 11:31:00,501630.53,Investment Scam,1,5.5,1,13,0,28.63465,77.17907,0.45,2,Delhi - Karol Bagh,35.3,1
TXN-2026-102518,CT-2026-1118,2026-08-25 09:52:00,81086.36,UPI Fraud,3,30.3,1,4,0,21.26897,76.39532,0.15,5,Rural / Other Region,50.9,1
TXN-2026-102519,CT-2026-1119,2026-09-16 17:16:00,11427.74,Identity Theft,1,20.4,1,43,0,28.64444,77.21855,0.24,3,Delhi - Karol Bagh,,0
TXN-2026-102520,CT-2026-1120,2026-08-16 09:10:00,57970.16,Investment Scam,2,5.6,1,16,0,22.30707,70.80563,0.84,2,Rajkot - Kalawad Road,,0
TXN-2026-102521,CT-2026-1121,2026-08-23 08:27:00,31631.61,Card Phishing,3,9.3,1,1,0,22.29564,73.2153,2.12,1,Vadodara - Alkapuri,49.6,1
TXN-2026-102522,CT-2026-1122,2026-09-29 20:30:00,28068.81,Card Phishing,1,73.2,0,1021,1,21.16157,72.81885,3.08,1,Surat - Ring Road,,0
TXN-2026-102523,CT-2026-1123,2026-08-19 14:32:00,513771.56,Investment Scam,1,11.2,1,32,1,22.29566,70.81078,1.49,2,Rajkot - Kalawad Road,,0
TXN-2026-102524,CT-2026-1124,2026-09-18 13:27:00,6992.3,UPI Fraud,3,44.5,1,21,0,28.6249,77.23067,0.86,5,Delhi - Connaught Place,63.5,1
TXN-2026-102525,CT-2026-1125,2026-08-19 19:25:00,25182.81,Identity Theft,3,104.9,0,302,1,23.05935,72.5813,0.65,1,Ahmedabad - SG Highway,,0
TXN-2026-102526,CT-2026-1126,2026-09-25 12:55:00,14630.3,UPI Fraud,3,7.6,1,17,0,23.03416,72.58707,0.86,7,Ahmedabad - SG Highway,23.2,1
TXN-2026-102527,CT-2026-1127,2026-09-02 19:00:00,72499.36,UPI Fraud,4,14.4,1,12,0,22.31953,73.20086,0.18,9,Vadodara - Alkapuri,38.6,1
TXN-2026-102528,CT-2026-1128,2026-08-13 16:57:00,88373.08,Card Phishing,3,4.4,1,4,1,28.64453,77.21215,0.37,6,Delhi - Connaught Place,55.4,1
TXN-2026-102529,CT-2026-1129,2026-09-20 11:14:00,26457.9,Loan App Scam,3,7.7,1,16,0,21.18413,72.84162,0.13,1,Surat - Ring Road,,0
TXN-2026-102530,CT-2026-1130,2026-08-16 08:50:00,24413.42,UPI Fraud,2,70.8,0,1481,1,23.04311,72.57047,2.85,1,Ahmedabad - SG Highway,,0
TXN-2026-102531,CT-2026-1131,2026-08-25 13:19:00,35465.7,UPI Fraud,4,5.0,1,9,0,28.66047,77.21005,0.22,1,Delhi - Karol Bagh,31.2,1
TXN-2026-102532,CT-2026-1132,2026-09-23 10:21:00,301671.02,Investment Scam,3,75.8,0,757,1,28.64585,77.1991,2.98,1,Delhi - Karol Bagh,,0
TXN-2026-102533,CT-2026-1133,2026-08-04 16:24:00,74904.15,UPI Fraud,1,5.8,1,1,0,28.63375,77.22239,0.39,2,Delhi - Connaught Place,,0
TXN-2026-102534,CT-2026-1134,2026-09-08 06:09:00,623789.73,Investment Scam,3,6.3,1,6,0,22.4662,79.82663,0.68,6,Rural / Other Region,60.9,1
TXN-2026-102535,CT-2026-1135,2026-08-28 05:52:00,39319.99,UPI Fraud,3,13.6,1,11,0,28.65151,77.23835,0.23,3,Delhi - Connaught Place,27.6,1
TXN-2026-102536,CT-2026-1136,2026-08-02 08:24:00,73598.9,Loan App Scam,3,8.7,1,41,0,28.64,77.21806,0.65,2,Delhi - Connaught Place,,0
TXN-2026-102537,CT-2026-1137,2026-08-25 14:50:00,33568.93,Identity Theft,2,4.3,1,12,1,28.61701,77.21993,1.45,7,Delhi - Connaught Place,36.6,1
TXN-2026-102538,CT-2026-1138,2026-08-29 15:14:00,70136.49,Card Phishing,2,6.2,1,8,1,23.00598,72.60078,0.4,6,Ahmedabad - SG Highway,,0
TXN-2026-102539,CT-2026-1139,2026-08-04 19:39:00,21076.35,UPI Fraud,4,2.5,1,8,0,21.16638,72.83841,2.57,4,Surat - Ring Road,,0
TXN-2026-102540,CT-2026-1140,2026-08-01 16:35:00,31681.32,Card Phishing,3,3.7,1,23,0,28.65192,77.21311,0.68,7,Delhi - Connaught Place,53.1,1
TXN-2026-102541,CT-2026-1141,2026-08-15 12:43:00,61637.29,Investment Scam,3,1.9,1,9,0,22.30869,73.17779,0.34,7,Vadodara - Alkapuri,30.0,1
TXN-2026-102542,CT-2026-1142,2026-08-05 11:57:00,8882.29,Card Phishing,3,10.0,1,12,0,23.03574,72.55086,0.46,3,Ahmedabad - SG Highway,35.6,1
TXN-2026-102543,CT-2026-1143,2026-08-19 11:45:00,22679.86,Loan App Scam,2,2.7,1,28,0,28.62336,77.23376,1.01,7,Delhi - Connaught Place,,0
TXN-2026-102544,CT-2026-1144,2026-09-02 11:39:00,730785.8,Investment Scam,2,107.2,0,501,1,28.63265,77.21649,0.71,1,Delhi - Connaught Place,,0
TXN-2026-102545,CT-2026-1145,2026-08-26 16:53:00,22248.23,UPI Fraud,1,245.0,0,228,1,23.04882,72.59199,2.93,1,Ahmedabad - SG Highway,,0
TXN-2026-102546,CT-2026-1146,2026-08-07 05:00:00,36932.39,Card Phishing,2,2.0,1,9,0,28.63053,77.16809,0.19,2,Delhi - Karol Bagh,13.8,1
TXN-2026-102547,CT-2026-1147,2026-08-05 10:02:00,34542.84,UPI Fraud,2,66.9,0,283,1,28.65024,77.18224,9.15,1,Delhi - Karol Bagh,,0
TXN-2026-102548,CT-2026-1148,2026-09-25 03:51:00,265915.31,Investment Scam,2,4.0,1,2,0,28.64475,77.21132,0.16,2,Delhi - Connaught Place,33.8,1
TXN-2026-102549,CT-2026-1149,2026-08-11 15:57:00,5558.89,Card Phishing,2,6.8,1,1,0,28.62658,77.24678,0.16,5,Delhi - Connaught Place,,0
TXN-2026-102550,CT-2026-1150,2026-09-11 12:40:00,422981.28,Investment Scam,1,10.5,1,14,0,28.65211,77.19694,1.46,2,Delhi - Connaught Place,42.0,1
TXN-2026-102551,CT-2026-1151,2026-08-08 14:03:00,164778.3,Investment Scam,2,10.7,1,11,1,27.75688,79.14869,0.34,2,Rural / Other Region,,0
TXN-2026-102552,CT-2026-1152,2026-09-03 10:09:00,157232.72,Investment Scam,1,44.7,0,1381,1,28.63759,77.22194,6.48,1,Delhi - Connaught Place,,0
TXN-2026-102553,CT-2026-1153,2026-09-28 16:14:00,13464.38,UPI Fraud,2,11.0,1,30,0,22.30778,70.80672,0.85,2,Rajkot - Kalawad Road,,0
TXN-2026-102554,CT-2026-1154,2026-08-03 02:24:00,285885.55,Investment Scam,4,22.1,1,24,0,28.63966,77.20822,0.3,5,Delhi - Connaught Place,28.1,1
TXN-2026-102555,CT-2026-1155,2026-08-01 12:28:00,13677.46,UPI Fraud,1,71.7,1,9,0,25.67715,74.46763,0.46,3,Rural / Other Region,,0
TXN-2026-102556,CT-2026-1156,2026-08-20 14:36:00,69150.0,UPI Fraud,3,170.9,0,355,1,28.62717,77.21374,3.11,1,Delhi - Connaught Place,,0
TXN-2026-102557,CT-2026-1157,2026-09-21 09:15:00,39046.04,Loan App Scam,3,27.7,1,34,0,22.32014,70.80966,0.97,7,Rajkot - Kalawad Road,36.6,1
TXN-2026-102558,CT-2026-1158,2026-08-25 11:46:00,71793.26,UPI Fraud,3,16.6,1,8,1,23.02011,72.59544,0.14,5,Ahmedabad - SG Highway,,0
TXN-2026-102559,CT-2026-1159,2026-08-23 07:14:00,375160.38,Investment Scam,3,5.6,1,12,0,28.6535,77.16503,0.2,2,Delhi - Karol Bagh,29.1,1
TXN-2026-102560,CT-2026-1160,2026-08-16 09:00:00,54326.26,Investment Scam,1,5.6,1,12,0,22.28606,70.79235,0.12,4,Rajkot - Kalawad Road,45.0,1
TXN-2026-102561,CT-2026-1161,2026-09-11 11:11:00,34281.18,UPI Fraud,2,55.1,0,824,1,26.91316,74.14493,0.81,1,Rural / Other Region,,0
TXN-2026-102562,CT-2026-1162,2026-09-26 15:01:00,5637.84,UPI Fraud,1,70.3,1,18,0,23.04056,72.59505,0.3,4,Ahmedabad - SG Highway,,0
TXN-2026-102563,CT-2026-1163,2026-09-21 22:14:00,497185.21,Investment Scam,2,7.0,1,29,0,20.99332,79.31309,0.37,4,Rural / Other Region,48.8,1
TXN-2026-102564,CT-2026-1164,2026-09-19 02:13:00,13523.64,UPI Fraud,1,11.6,1,33,0,22.31188,73.19867,0.75,7,Vadodara - Alkapuri,,0
TXN-2026-102565,CT-2026-1165,2026-09-28 21:20:00,890735.28,Investment Scam,3,50.7,0,577,1,23.02441,72.5929,1.92,1,Ahmedabad - SG Highway,,0
TXN-2026-102566,CT-2026-1166,2026-09-20 14:52:00,82446.34,Card Phishing,2,340.1,0,191,1,21.78741,74.17292,1.83,1,Rural / Other Region,,0
TXN-2026-102567,CT-2026-1167,2026-08-02 10:12:00,14631.3,UPI Fraud,2,9.0,1,9,0,21.15959,72.85635,0.16,2,Surat - Ring Road,27.4,1
TXN-2026-102568,CT-2026-1168,2026-09-06 14:25:00,309888.97,Investment Scam,5,5.9,1,32,1,26.86526,73.00419,0.13,3,Rural / Other Region,23.4,1
TXN-2026-102569,CT-2026-1169,2026-08-21 10:22:00,74396.32,Investment Scam,3,10.9,1,14,0,28.64862,77.23077,0.46,6,Delhi - Connaught Place,75.4,1
TXN-2026-102570,CT-2026-1170,2026-09-04 10:11:00,622970.3,Investment Scam,2,80.9,0,1466,1,21.17907,72.83654,2.76,1,Surat - Ring Road,,0
TXN-2026-102571,CT-2026-1171,2026-08-10 10:25:00,163560.94,UPI Fraud,2,17.8,1,8,1,28.64289,77.21427,0.61,4,Delhi - Connaught Place,,0
TXN-2026-102572,CT-2026-1172,2026-08-30 09:37:00,126427.27,Investment Scam,3,56.1,0,1251,1,21.18384,72.85917,2.95,1,Surat - Ring Road,,0
TXN-2026-102573,CT-2026-1173,2026-09-01 21:26:00,269285.71,Investment Scam,1,3.3,1,34,1,28.61655,77.1869,0.76,5,Delhi - Connaught Place,,0
TXN-2026-102574,CT-2026-1174,2026-08-27 11:01:00,37887.81,UPI Fraud,2,8.3,1,28,0,28.62663,77.2258,3.64,8,Delhi - Connaught Place,,0
TXN-2026-102575,CT-2026-1175,2026-09-18 11:38:00,95179.53,UPI Fraud,1,9.2,1,22,0,22.29852,73.1749,1.14,5,Vadodara - Alkapuri,51.6,1
TXN-2026-102576,CT-2026-1176,2026-09-26 14:46:00,655235.01,Investment Scam,1,2.1,1,23,0,22.28846,70.79737,0.22,4,Rajkot - Kalawad Road,38.6,1
TXN-2026-102577,CT-2026-1177,2026-09-18 16:57:00,81772.07,UPI Fraud,1,15.3,1,17,1,27.87631,70.97712,0.14,3,Rural / Other Region,41.2,1
TXN-2026-102578,CT-2026-1178,2026-08-14 11:55:00,42415.62,UPI Fraud,3,3.6,1,3,0,28.66589,77.21589,0.66,6,Delhi - Karol Bagh,33.0,1
TXN-2026-102579,CT-2026-1179,2026-08-31 10:28:00,119660.81,Investment Scam,1,82.6,0,786,1,22.30005,73.14954,1.92,1,Vadodara - Alkapuri,,0
TXN-2026-102580,CT-2026-1180,2026-08-31 10:29:00,75013.35,UPI Fraud,3,6.3,1,29,0,23.01873,72.59542,0.16,10,Ahmedabad - SG Highway,30.2,1
TXN-2026-102581,CT-2026-1181,2026-09-23 08:32:00,40632.59,UPI Fraud,4,3.9,1,44,1,21.46411,77.54793,2.26,3,Rural / Other Region,,0
TXN-2026-102582,CT-2026-1182,2026-08-24 09:40:00,928862.38,Investment Scam,3,8.4,1,27,0,23.69237,77.88366,0.39,6,Rural / Other Region,44.9,1
TXN-2026-102583,CT-2026-1183,2026-09-09 14:13:00,332657.52,Investment Scam,1,17.2,1,3,0,27.14249,79.85277,0.46,6,Rural / Other Region,43.3,1
TXN-2026-102584,CT-2026-1184,2026-09-14 10:01:00,76460.31,Loan App Scam,1,49.3,0,1008,1,22.30591,70.79069,1.49,1,Rajkot - Kalawad Road,,0
TXN-2026-102585,CT-2026-1185,2026-08-13 01:45:00,64093.47,Card Phishing,4,2.2,1,5,0,23.45861,72.82886,0.4,7,Rural / Other Region,55.1,1
TXN-2026-102586,CT-2026-1186,2026-08-17 21:32:00,43932.71,UPI Fraud,3,4.8,1,1,0,21.97314,71.55056,0.82,11,Rural / Other Region,41.6,1
TXN-2026-102587,CT-2026-1187,2026-08-01 12:17:00,49027.49,UPI Fraud,1,2.9,1,77,0,26.27231,78.6596,0.51,1,Rural / Other Region,,0
TXN-2026-102588,CT-2026-1188,2026-09-08 11:18:00,26671.94,UPI Fraud,2,200.0,0,1226,1,21.17308,72.84376,1.07,1,Surat - Ring Road,,0
TXN-2026-102589,CT-2026-1189,2026-08-29 13:15:00,110808.47,UPI Fraud,2,6.2,1,5,0,22.31245,73.17944,0.11,7,Vadodara - Alkapuri,42.8,1
TXN-2026-102590,CT-2026-1190,2026-09-28 11:08:00,168985.53,UPI Fraud,1,6.6,1,4,0,25.17477,72.19918,0.67,3,Rural / Other Region,16.2,1
TXN-2026-102591,CT-2026-1191,2026-09-28 03:28:00,38166.45,UPI Fraud,4,12.8,1,13,0,23.03835,72.58017,0.12,6,Ahmedabad - SG Highway,31.5,1
TXN-2026-102592,CT-2026-1192,2026-08-16 07:35:00,87832.45,UPI Fraud,3,37.3,0,628,1,22.29461,73.19236,2.12,1,Vadodara - Alkapuri,,0
TXN-2026-102593,CT-2026-1193,2026-08-12 11:24:00,5897.44,UPI Fraud,1,30.6,1,26,0,23.0434,72.58585,0.26,8,Ahmedabad - SG Highway,,0
TXN-2026-102594,CT-2026-1194,2026-08-02 09:27:00,101302.37,Card Phishing,2,7.9,1,61,0,21.14312,72.79721,1.6,2,Surat - Ring Road,,0
TXN-2026-102595,CT-2026-1195,2026-09-18 16:42:00,36098.6,UPI Fraud,2,17.4,1,7,0,22.30818,70.79782,0.29,6,Rajkot - Kalawad Road,38.7,1
TXN-2026-102596,CT-2026-1196,2026-09-08 21:47:00,62116.41,UPI Fraud,1,326.7,0,943,1,22.27697,70.80942,5.23,1,Rajkot - Kalawad Road,,0
TXN-2026-102597,CT-2026-1197,2026-08-06 12:56:00,16020.24,Loan App Scam,5,2.7,1,8,0,28.64342,77.18919,0.19,8,Delhi - Karol Bagh,46.5,1
TXN-2026-102598,CT-2026-1198,2026-09-20 08:04:00,28559.07,UPI Fraud,1,255.1,0,1337,1,23.0362,72.59088,2.6,1,Ahmedabad - SG Highway,,0
TXN-2026-102599,CT-2026-1199,2026-09-03 13:09:00,52222.42,Card Phishing,3,17.4,1,2,0,28.65657,77.15722,0.28,10,Delhi - Karol Bagh,38.1,1
TXN-2026-102600,CT-2026-1200,2026-08-11 09:34:00,98747.26,UPI Fraud,2,20.8,1,16,0,22.3168,70.78711,1.7,4,Rajkot - Kalawad Road,,0
TXN-2026-102601,CT-2026-1201,2026-09-17 15:28:00,48565.74,Loan App Scam,3,3.0,1,8,0,28.63243,77.19376,0.61,5,Delhi - Connaught Place,14.1,1
TXN-2026-102602,CT-2026-1202,2026-09-26 01:30:00,547022.23,Investment Scam,5,67.6,0,1094,1,22.29607,70.77446,1.35,1,Rajkot - Kalawad Road,,0
TXN-2026-102603,CT-2026-1203,2026-09-02 10:16:00,54212.25,UPI Fraud,3,20.1,1,30,0,21.16474,72.83499,0.69,4,Surat - Ring Road,31.8,1
TXN-2026-102604,CT-2026-1204,2026-08-13 13:12:00,197006.78,Investment Scam,2,14.1,1,7,0,21.16085,72.82077,0.24,4,Surat - Ring Road,47.0,1
TXN-2026-102605,CT-2026-1205,2026-09-24 11:13:00,29200.8,UPI Fraud,1,4.1,1,7,1,22.29553,70.80971,0.47,3,Rajkot - Kalawad Road,,0
TXN-2026-102606,CT-2026-1206,2026-09-27 11:37:00,40739.6,Card Phishing,1,9.9,1,11,0,28.62093,77.23027,0.74,6,Delhi - Connaught Place,49.3,1
TXN-2026-102607,CT-2026-1207,2026-08-30 16:16:00,77337.03,Loan App Scam,2,43.9,0,933,1,23.23262,74.77743,4.81,1,Rural / Other Region,,0
TXN-2026-102608,CT-2026-1208,2026-08-26 17:31:00,217529.09,Investment Scam,4,5.7,1,34,0,21.19017,72.83281,0.59,4,Surat - Ring Road,43.0,1
TXN-2026-102609,CT-2026-1209,2026-09-12 11:07:00,5612.51,UPI Fraud,1,46.0,1,5,0,25.37713,74.47059,0.83,4,Rural / Other Region,36.3,1
TXN-2026-102610,CT-2026-1210,2026-09-08 14:04:00,77571.24,Loan App Scam,3,16.9,1,12,1,28.64167,77.22109,0.47,3,Delhi - Connaught Place,,0
TXN-2026-102611,CT-2026-1211,2026-08-09 16:05:00,551467.19,Investment Scam,1,10.0,1,31,0,21.1555,72.83338,0.66,3,Surat - Ring Road,14.5,1
TXN-2026-102612,CT-2026-1212,2026-09-26 12:25:00,219776.99,Investment Scam,1,6.7,1,14,0,26.62287,74.78226,0.45,8,Rural / Other Region,39.2,1
TXN-2026-102613,CT-2026-1213,2026-09-27 17:29:00,111743.89,Loan App Scam,5,30.8,1,2,0,21.16449,72.83011,0.26,2,Surat - Ring Road,35.8,1
TXN-2026-102614,CT-2026-1214,2026-08-13 09:43:00,26299.0,UPI Fraud,3,19.4,1,7,0,22.29257,70.76397,0.2,8,Rajkot - Kalawad Road,21.5,1
TXN-2026-102615,CT-2026-1215,2026-08-09 08:52:00,83841.43,Card Phishing,3,22.6,1,2,0,23.0377,72.5867,0.52,4,Ahmedabad - SG Highway,28.5,1
TXN-2026-102616,CT-2026-1216,2026-09-01 03:40:00,155185.49,Investment Scam,2,29.1,1,43,0,21.15423,72.80889,0.24,4,Surat - Ring Road,,0
TXN-2026-102617,CT-2026-1217,2026-09-27 21:38:00,614302.3,Investment Scam,3,5.1,1,7,1,25.90017,71.33742,0.48,6,Rural / Other Region,35.8,1
TXN-2026-102618,CT-2026-1218,2026-08-06 19:16:00,51276.76,Investment Scam,3,15.7,1,10,0,27.2056,78.39138,0.16,2,Rural / Other Region,16.5,1
TXN-2026-102619,CT-2026-1219,2026-08-25 16:10:00,67583.43,Investment Scam,5,4.0,1,10,0,28.6552,77.2211,0.44,8,Delhi - Connaught Place,33.5,1
TXN-2026-102620,CT-2026-1220,2026-09-20 03:37:00,21284.89,Card Phishing,3,115.7,0,1007,1,23.02645,72.58564,2.38,1,Ahmedabad - SG Highway,,0
TXN-2026-102621,CT-2026-1221,2026-09-22 07:03:00,57335.29,Investment Scam,1,25.5,1,16,0,28.63925,77.20082,0.14,4,Delhi - Connaught Place,39.2,1
TXN-2026-102622,CT-2026-1222,2026-08-20 10:26:00,27209.28,UPI Fraud,4,9.3,1,5,0,21.15578,72.82753,1.08,7,Surat - Ring Road,-6.6,1
TXN-2026-102623,CT-2026-1223,2026-09-28 11:10:00,5626.51,Card Phishing,2,7.2,1,39,0,21.98164,78.45395,0.14,6,Rural / Other Region,44.0,1
TXN-2026-102624,CT-2026-1224,2026-09-11 11:36:00,430299.7,Investment Scam,2,7.9,1,3,0,21.16262,72.83429,0.28,3,Surat - Ring Road,12.3,1
TXN-2026-102625,CT-2026-1225,2026-09-03 15:42:00,37676.69,Card Phishing,3,6.1,1,72,0,23.99351,74.98175,2.5,5,Rural / Other Region,,0
TXN-2026-102626,CT-2026-1226,2026-09-13 09:48:00,43014.49,Loan App Scam,2,219.3,0,632,1,22.29972,73.16413,2.31,1,Vadodara - Alkapuri,,0
TXN-2026-102627,CT-2026-1227,2026-08-10 11:38:00,92950.31,UPI Fraud,5,19.9,1,37,0,21.21267,72.81769,0.88,4,Surat - Ring Road,29.2,1
TXN-2026-102628,CT-2026-1228,2026-09-05 02:23:00,12523.84,UPI Fraud,1,2.4,1,16,0,22.31677,70.8086,1.16,7,Rajkot - Kalawad Road,38.3,1
TXN-2026-102629,CT-2026-1229,2026-08-31 07:44:00,857453.04,Investment Scam,3,119.2,0,1007,1,22.34163,73.19706,4.54,1,Vadodara - Alkapuri,,0
TXN-2026-102630,CT-2026-1230,2026-08-21 08:22:00,49779.71,UPI Fraud,1,30.4,0,1398,1,22.28676,73.17704,0.67,3,Vadodara - Alkapuri,,0
TXN-2026-102631,CT-2026-1231,2026-08-03 07:48:00,81429.91,UPI Fraud,3,22.4,1,10,0,22.33845,70.82451,1.05,4,Rajkot - Kalawad Road,36.3,1
TXN-2026-102632,CT-2026-1232,2026-08-28 08:50:00,52844.98,Loan App Scam,4,31.9,1,3,1,22.57592,71.06741,0.92,3,Rural / Other Region,32.7,1
TXN-2026-102633,CT-2026-1233,2026-09-09 15:50:00,28550.63,Loan App Scam,1,14.5,1,23,0,21.14803,72.80327,0.36,3,Surat - Ring Road,58.1,1
TXN-2026-102634,CT-2026-1234,2026-08-23 01:07:00,9615.07,Card Phishing,3,8.2,1,24,0,22.32804,73.20319,0.46,4,Vadodara - Alkapuri,39.7,1
TXN-2026-102635,CT-2026-1235,2026-08-20 12:35:00,39937.92,UPI Fraud,1,35.4,1,19,1,23.05497,72.59335,0.25,6,Ahmedabad - SG Highway,,0
TXN-2026-102636,CT-2026-1236,2026-08-13 12:49:00,62440.26,UPI Fraud,2,13.4,1,35,0,23.02942,72.59135,1.03,2,Ahmedabad - SG Highway,,0
TXN-2026-102637,CT-2026-1237,2026-08-17 16:37:00,12179.18,UPI Fraud,5,14.3,1,32,0,28.65764,77.18405,0.34,5,Delhi - Karol Bagh,25.3,1
TXN-2026-102638,CT-2026-1238,2026-09-07 11:35:00,12703.75,Card Phishing,2,3.0,1,30,0,22.31822,70.79342,0.12,3,Rajkot - Kalawad Road,,0
TXN-2026-102639,CT-2026-1239,2026-08-14 05:04:00,59754.29,Card Phishing,2,1.8,1,3,0,21.18387,72.84158,0.34,4,Surat - Ring Road,31.8,1
TXN-2026-102640,CT-2026-1240,2026-09-16 06:51:00,372545.29,Investment Scam,1,41.8,1,6,0,28.63666,77.19451,1.32,5,Delhi - Connaught Place,34.3,1
TXN-2026-102641,CT-2026-1241,2026-08-11 14:47:00,107463.35,UPI Fraud,2,61.7,0,1048,1,21.15745,72.81538,1.19,1,Surat - Ring Road,,0
TXN-2026-102642,CT-2026-1242,2026-09-20 12:12:00,55060.53,UPI Fraud,5,16.6,1,24,0,22.31013,70.79403,0.65,2,Rajkot - Kalawad Road,57.7,1
TXN-2026-102643,CT-2026-1243,2026-08-07 19:41:00,71096.66,UPI Fraud,2,113.4,0,633,1,23.05333,72.59241,3.46,2,Ahmedabad - SG Highway,,0
TXN-2026-102644,CT-2026-1244,2026-09-15 11:26:00,15875.39,UPI Fraud,1,5.8,1,54,1,28.61971,77.23386,0.1,4,Delhi - Connaught Place,,0
TXN-2026-102645,CT-2026-1245,2026-08-31 09:30:00,39402.09,UPI Fraud,1,98.3,0,659,1,22.30615,73.16289,2.1,1,Vadodara - Alkapuri,,0
TXN-2026-102646,CT-2026-1246,2026-09-10 12:06:00,60536.46,Identity Theft,3,51.6,1,18,0,22.3063,73.17119,0.88,6,Vadodara - Alkapuri,32.1,1
TXN-2026-102647,CT-2026-1247,2026-09-26 11:34:00,436537.42,Investment Scam,3,169.9,0,644,1,21.17042,72.85419,0.96,3,Surat - Ring Road,,0
TXN-2026-102648,CT-2026-1248,2026-09-24 09:26:00,349895.44,Investment Scam,3,25.5,1,14,1,23.95715,75.99163,0.99,6,Rural / Other Region,,0
TXN-2026-102649,CT-2026-1249,2026-08-02 08:09:00,10102.21,Card Phishing,3,2.4,1,19,0,22.30416,70.80871,0.27,4,Rajkot - Kalawad Road,11.0,1
TXN-2026-102650,CT-2026-1250,2026-08-04 14:29:00,40083.39,Card Phishing,2,10.4,1,20,0,28.65391,77.18084,0.64,4,Delhi - Karol Bagh,26.2,1
TXN-2026-102651,CT-2026-1251,2026-08-08 09:40:00,7588.52,UPI Fraud,2,54.8,1,26,0,28.63483,77.19698,0.14,6,Delhi - Karol Bagh,39.9,1
TXN-2026-102652,CT-2026-1252,2026-09-27 10:05:00,576340.11,Investment Scam,3,7.3,1,25,0,26.7847,75.4383,0.15,5,Rural / Other Region,47.4,1
TXN-2026-102653,CT-2026-1253,2026-09-29 10:15:00,83775.16,UPI Fraud,3,37.8,1,39,0,22.28472,70.79467,2.55,5,Rajkot - Kalawad Road,,0
TXN-2026-102654,CT-2026-1254,2026-09-07 14:16:00,82224.66,UPI Fraud,1,5.6,1,15,0,22.30223,73.16865,1.76,5,Vadodara - Alkapuri,,0
TXN-2026-102655,CT-2026-1255,2026-08-19 09:24:00,200513.03,Investment Scam,2,14.2,1,12,0,22.32128,70.80677,0.21,6,Rajkot - Kalawad Road,,0
TXN-2026-102656,CT-2026-1256,2026-08-04 12:16:00,33711.21,UPI Fraud,5,4.4,1,2,0,28.6142,77.20618,0.91,2,Delhi - Connaught Place,17.7,1
TXN-2026-102657,CT-2026-1257,2026-08-18 12:17:00,50311.36,UPI Fraud,2,57.7,0,1189,1,21.14139,72.83119,6.09,1,Surat - Ring Road,,0
TXN-2026-102658,CT-2026-1258,2026-09-16 19:11:00,238371.99,Investment Scam,3,7.5,1,2,0,28.66184,77.16007,0.75,1,Delhi - Karol Bagh,37.0,1
TXN-2026-102659,CT-2026-1259,2026-08-05 16:50:00,55766.87,Card Phishing,2,120.5,0,214,1,28.64628,77.1987,3.94,1,Delhi - Karol Bagh,,0
TXN-2026-102660,CT-2026-1260,2026-09-03 12:40:00,40721.65,UPI Fraud,3,40.1,0,1229,1,22.30951,73.17608,3.55,1,Vadodara - Alkapuri,,0
TXN-2026-102661,CT-2026-1261,2026-08-22 10:37:00,542303.91,Investment Scam,5,2.6,1,118,0,26.63508,70.58334,0.98,3,Rural / Other Region,21.7,1
TXN-2026-102662,CT-2026-1262,2026-09-25 17:02:00,278207.12,Investment Scam,2,54.3,0,222,1,23.02267,72.55893,8.34,1,Ahmedabad - SG Highway,,0
TXN-2026-102663,CT-2026-1263,2026-08-04 10:17:00,83338.25,Investment Scam,1,197.4,0,1011,1,22.31328,73.17688,1.95,1,Vadodara - Alkapuri,,0
TXN-2026-102664,CT-2026-1264,2026-09-28 03:17:00,168190.1,Card Phishing,2,103.8,0,1499,1,28.63758,77.20444,2.72,1,Delhi - Connaught Place,,0
TXN-2026-102665,CT-2026-1265,2026-09-08 13:52:00,54790.57,Loan App Scam,2,249.3,0,750,1,21.15353,72.81524,12.79,1,Surat - Ring Road,,0
TXN-2026-102666,CT-2026-1266,2026-09-27 10:46:00,136560.58,Investment Scam,1,78.1,0,1249,1,28.62649,77.17502,2.05,1,Delhi - Karol Bagh,,0
TXN-2026-102667,CT-2026-1267,2026-09-22 08:01:00,136370.75,Card Phishing,3,5.7,1,12,0,22.99939,72.562,0.71,7,Ahmedabad - SG Highway,55.5,1
TXN-2026-102668,CT-2026-1268,2026-09-18 03:09:00,58316.42,Investment Scam,2,46.0,1,2,0,22.30415,73.16745,0.3,6,Vadodara - Alkapuri,45.0,1
TXN-2026-102669,CT-2026-1269,2026-08-15 22:37:00,10564.53,Card Phishing,2,9.7,1,2,0,21.24357,72.13015,0.11,6,Rural / Other Region,42.9,1
TXN-2026-102670,CT-2026-1270,2026-08-23 15:04:00,54477.3,Card Phishing,1,8.5,1,8,0,22.17429,76.21209,1.62,3,Rural / Other Region,,0
TXN-2026-102671,CT-2026-1271,2026-09-23 16:08:00,12531.84,UPI Fraud,2,6.2,1,33,0,23.03923,72.59043,0.46,6,Ahmedabad - SG Highway,59.9,1
TXN-2026-102672,CT-2026-1272,2026-08-01 17:18:00,8098.06,UPI Fraud,1,6.0,1,13,0,28.64566,77.22159,0.19,2,Delhi - Connaught Place,38.6,1
TXN-2026-102673,CT-2026-1273,2026-08-11 10:42:00,479981.25,Investment Scam,2,10.3,1,33,0,21.14984,72.85307,0.42,6,Surat - Ring Road,54.0,1
TXN-2026-102674,CT-2026-1274,2026-08-11 17:31:00,166027.38,UPI Fraud,1,88.1,0,1191,1,22.30378,73.17659,0.7,1,Vadodara - Alkapuri,,0
TXN-2026-102675,CT-2026-1275,2026-08-31 11:08:00,16925.68,Card Phishing,2,790.9,0,593,1,22.31577,70.82341,4.15,1,Rajkot - Kalawad Road,,0
TXN-2026-102676,CT-2026-1276,2026-09-04 01:11:00,5932.2,UPI Fraud,2,16.3,1,7,0,28.60972,77.17713,0.21,6,Delhi - Connaught Place,42.7,1
TXN-2026-102677,CT-2026-1277,2026-08-05 09:09:00,968306.82,Investment Scam,2,572.7,0,860,1,21.18661,72.84592,1.39,2,Surat - Ring Road,,0
TXN-2026-102678,CT-2026-1278,2026-09-07 15:19:00,84600.73,UPI Fraud,1,48.9,0,250,1,22.32614,73.16448,19.67,2,Vadodara - Alkapuri,,0
TXN-2026-102679,CT-2026-1279,2026-09-27 17:20:00,291012.67,Investment Scam,1,43.1,1,46,0,28.62945,77.23958,0.26,4,Delhi - Connaught Place,,0
TXN-2026-102680,CT-2026-1280,2026-09-13 17:23:00,54904.0,UPI Fraud,5,14.1,1,3,0,21.16702,72.81394,2.18,4,Surat - Ring Road,17.2,1
TXN-2026-102681,CT-2026-1281,2026-09-04 13:36:00,29338.64,UPI Fraud,1,99.2,0,899,1,28.65241,77.19261,2.12,1,Delhi - Karol Bagh,,0
TXN-2026-102682,CT-2026-1282,2026-08-23 08:47:00,18912.08,Card Phishing,4,15.0,1,14,0,22.33122,73.18655,0.26,7,Vadodara - Alkapuri,37.2,1
TXN-2026-102683,CT-2026-1283,2026-08-09 21:32:00,77989.61,UPI Fraud,2,11.1,1,48,1,22.31404,73.19398,0.55,4,Vadodara - Alkapuri,,0
TXN-2026-102684,CT-2026-1284,2026-09-14 11:06:00,39486.31,Loan App Scam,2,217.2,0,1284,1,23.01408,72.57413,0.88,1,Ahmedabad - SG Highway,,0
TXN-2026-102685,CT-2026-1285,2026-08-18 11:56:00,1268771.56,Investment Scam,2,70.1,0,757,1,23.04388,72.59869,2.28,1,Ahmedabad - SG Highway,,0
TXN-2026-102686,CT-2026-1286,2026-08-18 10:55:00,5800.63,UPI Fraud,3,19.8,1,16,0,21.1601,72.8152,0.18,1,Surat - Ring Road,34.1,1
TXN-2026-102687,CT-2026-1287,2026-08-31 11:06:00,28277.64,Card Phishing,2,22.4,1,7,0,23.02211,72.58898,1.14,2,Ahmedabad - SG Highway,20.3,1
TXN-2026-102688,CT-2026-1288,2026-09-05 05:09:00,24623.58,UPI Fraud,2,56.7,1,4,0,23.05109,72.56785,1.57,4,Ahmedabad - SG Highway,,0
TXN-2026-102689,CT-2026-1289,2026-09-04 06:56:00,100546.86,UPI Fraud,2,40.2,1,1,0,28.6378,77.23434,1.05,1,Delhi - Connaught Place,,0
TXN-2026-102690,CT-2026-1290,2026-08-12 14:20:00,12746.26,UPI Fraud,2,9.0,1,5,0,28.63784,77.23488,2.19,7,Delhi - Connaught Place,30.1,1
TXN-2026-102691,CT-2026-1291,2026-08-23 12:45:00,15248.69,UPI Fraud,1,30.4,0,1455,1,22.30931,70.76979,0.97,1,Rajkot - Kalawad Road,,0
TXN-2026-102692,CT-2026-1292,2026-09-22 15:50:00,24413.34,Loan App Scam,1,3.4,1,2,0,28.61832,77.23383,0.16,2,Delhi - Connaught Place,41.0,1
TXN-2026-102693,CT-2026-1293,2026-09-29 14:00:00,13180.95,Loan App Scam,2,2.5,1,8,0,27.55607,71.86655,0.43,3,Rural / Other Region,34.7,1
TXN-2026-102694,CT-2026-1294,2026-08-12 08:05:00,6250.06,UPI Fraud,2,13.3,1,27,0,21.17119,72.8672,0.35,2,Surat - Ring Road,,0
TXN-2026-102695,CT-2026-1295,2026-08-03 21:38:00,40751.86,Card Phishing,1,35.1,0,226,1,23.05828,72.58272,2.19,1,Ahmedabad - SG Highway,,0
TXN-2026-102696,CT-2026-1296,2026-09-11 07:37:00,12065.13,UPI Fraud,2,2.1,1,4,0,22.29108,73.16061,1.88,2,Vadodara - Alkapuri,44.8,1
TXN-2026-102697,CT-2026-1297,2026-09-15 12:51:00,227942.54,Investment Scam,3,22.6,1,23,0,22.30855,70.78127,0.95,4,Rajkot - Kalawad Road,33.0,1
TXN-2026-102698,CT-2026-1298,2026-09-20 14:26:00,9573.5,UPI Fraud,3,2.6,1,17,1,21.17147,72.82943,0.17,6,Surat - Ring Road,24.2,1
TXN-2026-102699,CT-2026-1299,2026-08-16 12:12:00,18031.68,UPI Fraud,3,46.7,0,393,1,23.02544,72.58135,2.83,2,Ahmedabad - SG Highway,,0
TXN-2026-102700,CT-2026-1000,2026-09-13 07:21:00,73180.1,UPI Fraud,2,20.5,1,3,0,25.42445,75.64644,1.39,4,Rural / Other Region,,0
TXN-2026-102701,CT-2026-1001,2026-08-24 14:33:00,66479.09,UPI Fraud,2,23.6,1,13,0,22.9991,72.61661,0.55,4,Ahmedabad - SG Highway,,0
TXN-2026-102702,CT-2026-1002,2026-09-21 17:43:00,65081.55,UPI Fraud,1,6.5,1,39,0,28.63951,77.21814,2.14,3,Delhi - Connaught Place,,0
TXN-2026-102703,CT-2026-1003,2026-08-08 02:43:00,104496.65,UPI Fraud,3,3.3,1,32,0,20.36223,73.31509,0.38,7,Rural / Other Region,6.2,1
TXN-2026-102704,CT-2026-1004,2026-08-08 11:32:00,22597.21,Card Phishing,4,8.0,1,8,1,23.5238,70.65407,0.74,2,Rural / Other Region,43.3,1
TXN-2026-102705,CT-2026-1005,2026-09-28 11:08:00,148143.49,Investment Scam,4,14.6,1,33,0,23.04198,72.58894,0.52,1,Ahmedabad - SG Highway,30.8,1
TXN-2026-102706,CT-2026-1006,2026-08-02 06:49:00,10998.81,UPI Fraud,3,14.1,1,14,0,21.15664,72.84389,1.25,3,Surat - Ring Road,27.7,1
TXN-2026-102707,CT-2026-1007,2026-09-20 00:10:00,17017.92,Card Phishing,3,18.9,1,20,0,22.32636,70.80688,0.2,3,Rajkot - Kalawad Road,41.0,1
TXN-2026-102708,CT-2026-1008,2026-09-05 05:51:00,10872.49,UPI Fraud,2,9.4,1,7,0,28.62532,77.21421,1.23,7,Delhi - Connaught Place,26.4,1
TXN-2026-102709,CT-2026-1009,2026-09-01 05:10:00,17396.55,UPI Fraud,5,6.6,1,17,0,21.15991,72.84118,1.83,6,Surat - Ring Road,39.9,1
TXN-2026-102710,CT-2026-1010,2026-08-15 16:39:00,69422.44,UPI Fraud,5,2.3,1,5,0,22.9842,72.57789,0.17,6,Ahmedabad - SG Highway,47.2,1
TXN-2026-102711,CT-2026-1011,2026-08-07 13:49:00,18297.18,UPI Fraud,1,11.9,1,23,0,22.28558,73.19502,0.89,8,Vadodara - Alkapuri,,0
TXN-2026-102712,CT-2026-1012,2026-08-26 16:45:00,429850.64,Investment Scam,3,11.6,1,13,1,22.30365,73.18581,0.53,5,Vadodara - Alkapuri,39.7,1
TXN-2026-102713,CT-2026-1013,2026-09-01 14:08:00,7458.36,UPI Fraud,3,9.1,1,1,0,21.15859,72.85729,0.17,8,Surat - Ring Road,27.6,1
TXN-2026-102714,CT-2026-1014,2026-09-10 10:42:00,93024.33,UPI Fraud,4,3.3,1,8,0,28.65759,77.21873,0.42,3,Delhi - Connaught Place,6.2,1
TXN-2026-102715,CT-2026-1015,2026-09-20 14:11:00,67718.5,UPI Fraud,4,4.0,1,3,0,24.72992,73.88678,0.89,5,Rural / Other Region,26.8,1
TXN-2026-102716,CT-2026-1016,2026-08-20 09:55:00,104442.86,Card Phishing,5,3.7,1,16,0,26.58515,73.5463,2.53,2,Rural / Other Region,41.7,1
TXN-2026-102717,CT-2026-1017,2026-08-24 15:24:00,948522.07,Investment Scam,4,13.3,1,100,1,23.00606,72.58694,1.15,2,Ahmedabad - SG Highway,,0
TXN-2026-102718,CT-2026-1018,2026-08-10 13:19:00,521422.55,Investment Scam,4,22.7,1,27,0,28.62567,77.23113,0.34,7,Delhi - Connaught Place,40.9,1
TXN-2026-102719,CT-2026-1019,2026-08-15 11:56:00,129769.4,Investment Scam,1,57.7,0,836,1,22.74862,72.86834,0.58,1,Rural / Other Region,,0
TXN-2026-102720,CT-2026-1020,2026-08-16 20:04:00,22264.77,UPI Fraud,2,17.1,1,21,0,21.16331,72.81132,0.44,8,Surat - Ring Road,46.3,1
TXN-2026-102721,CT-2026-1021,2026-09-02 14:11:00,40600.31,UPI Fraud,3,9.9,1,1,0,21.68624,73.92263,0.37,8,Rural / Other Region,49.9,1
TXN-2026-102722,CT-2026-1022,2026-09-21 09:01:00,20525.41,Card Phishing,2,38.2,1,6,0,28.63227,77.21595,0.51,4,Delhi - Connaught Place,29.2,1
TXN-2026-102723,CT-2026-1023,2026-08-31 10:47:00,12026.89,UPI Fraud,2,2.7,1,9,0,28.61332,77.23573,0.16,4,Delhi - Connaught Place,18.3,1
TXN-2026-102724,CT-2026-1024,2026-08-07 09:23:00,5362.46,Loan App Scam,1,40.5,1,6,0,28.62661,77.21593,0.48,4,Delhi - Connaught Place,41.6,1
TXN-2026-102725,CT-2026-1025,2026-09-04 10:51:00,61238.63,UPI Fraud,3,12.9,1,35,1,21.15226,72.82833,0.6,6,Surat - Ring Road,,0
TXN-2026-102726,CT-2026-1026,2026-09-19 12:45:00,742052.94,Investment Scam,4,1.6,1,6,0,23.03485,72.58651,1.36,2,Ahmedabad - SG Highway,41.2,1
TXN-2026-102727,CT-2026-1027,2026-09-23 00:12:00,447908.47,Investment Scam,3,5.1,1,10,0,28.59912,77.22442,0.69,8,Delhi - Connaught Place,16.6,1
TXN-2026-102728,CT-2026-1028,2026-08-10 13:01:00,6499.91,UPI Fraud,3,10.4,1,11,0,21.16865,72.83978,1.01,4,Surat - Ring Road,7.5,1
TXN-2026-102729,CT-2026-1029,2026-08-08 08:29:00,16664.77,Loan App Scam,1,6.6,1,27,0,27.37196,75.97036,0.2,2,Rural / Other Region,,0
TXN-2026-102730,CT-2026-1030,2026-08-30 10:58:00,22378.29,UPI Fraud,1,11.2,1,2,0,22.312,70.8069,0.93,5,Rajkot - Kalawad Road,47.9,1
TXN-2026-102731,CT-2026-1031,2026-08-30 12:39:00,409499.81,Investment Scam,1,15.1,1,30,1,22.31589,73.19352,1.67,3,Vadodara - Alkapuri,,0
TXN-2026-102732,CT-2026-1032,2026-08-20 19:49:00,30660.38,Loan App Scam,1,13.2,1,14,0,23.02995,72.57554,0.97,6,Ahmedabad - SG Highway,40.6,1
TXN-2026-102733,CT-2026-1033,2026-09-14 10:41:00,12440.31,UPI Fraud,2,2.0,1,7,0,28.65564,77.19016,0.32,1,Delhi - Karol Bagh,41.7,1
TXN-2026-102734,CT-2026-1034,2026-08-09 13:56:00,152745.4,UPI Fraud,3,6.8,1,10,0,23.04458,72.61173,0.55,7,Ahmedabad - SG Highway,41.7,1
TXN-2026-102735,CT-2026-1035,2026-09-21 03:28:00,86141.56,Card Phishing,3,12.4,1,12,0,28.64113,77.23074,0.37,3,Delhi - Connaught Place,20.7,1
TXN-2026-102736,CT-2026-1036,2026-09-08 05:39:00,25195.52,UPI Fraud,3,2.5,1,6,0,23.02851,72.58947,0.14,6,Ahmedabad - SG Highway,44.3,1
TXN-2026-102737,CT-2026-1037,2026-08-28 16:24:00,54105.09,UPI Fraud,3,1.9,1,21,0,22.19163,73.82893,0.59,4,Rural / Other Region,28.5,1
TXN-2026-102738,CT-2026-1038,2026-09-06 11:29:00,29440.84,Loan App Scam,1,40.9,1,46,0,22.28315,70.78533,0.13,4,Rajkot - Kalawad Road,,0
TXN-2026-102739,CT-2026-1039,2026-08-31 06:55:00,70572.86,UPI Fraud,3,4.4,1,22,1,28.62509,77.22363,0.17,6,Delhi - Connaught Place,27.3,1
TXN-2026-102740,CT-2026-1040,2026-08-06 11:05:00,93105.24,UPI Fraud,1,28.0,1,3,0,28.64894,77.20883,1.28,4,Delhi - Connaught Place,,0
TXN-2026-102741,CT-2026-1041,2026-08-22 10:20:00,9992.54,Loan App Scam,2,16.7,1,10,0,20.28307,74.25765,0.26,10,Rural / Other Region,,0
TXN-2026-102742,CT-2026-1042,2026-08-10 15:01:00,23541.48,UPI Fraud,2,10.0,1,15,0,22.31918,73.16699,0.32,5,Vadodara - Alkapuri,30.6,1
TXN-2026-102743,CT-2026-1043,2026-08-05 17:06:00,400624.06,Investment Scam,2,15.9,1,43,0,21.18411,72.84032,0.46,2,Surat - Ring Road,12.7,1
TXN-2026-102744,CT-2026-1044,2026-09-18 13:33:00,17040.95,UPI Fraud,2,17.2,1,16,0,27.24901,74.67671,0.64,3,Rural / Other Region,,0
TXN-2026-102745,CT-2026-1045,2026-08-03 12:53:00,79166.57,Investment Scam,3,4.2,1,44,0,22.30346,73.1656,0.33,3,Vadodara - Alkapuri,28.7,1
TXN-2026-102746,CT-2026-1046,2026-08-26 11:13:00,61305.93,UPI Fraud,2,27.1,1,6,0,23.03575,72.5916,0.58,5,Ahmedabad - SG Highway,33.7,1
TXN-2026-102747,CT-2026-1047,2026-09-05 12:32:00,33115.41,UPI Fraud,2,9.4,1,4,0,22.31829,70.78804,0.19,6,Rajkot - Kalawad Road,43.6,1
TXN-2026-102748,CT-2026-1048,2026-09-14 10:52:00,156264.79,UPI Fraud,2,2.1,1,1,0,22.30644,73.20356,0.23,1,Vadodara - Alkapuri,28.9,1
TXN-2026-102749,CT-2026-1049,2026-09-07 07:55:00,20302.74,UPI Fraud,2,10.3,1,25,0,28.65376,77.18674,0.11,4,Delhi - Karol Bagh,25.5,1
TXN-2026-102750,CT-2026-1050,2026-09-03 21:29:00,20262.34,Card Phishing,3,8.7,1,15,1,21.17464,72.83669,0.57,1,Surat - Ring Road,,0
TXN-2026-102751,CT-2026-1051,2026-08-07 12:07:00,261092.16,Investment Scam,1,5.5,1,23,1,23.04675,72.57786,1.49,3,Ahmedabad - SG Highway,,0
TXN-2026-102752,CT-2026-1052,2026-09-11 10:58:00,45368.08,UPI Fraud,2,171.4,0,269,1,26.92202,74.75216,2.57,1,Rural / Other Region,,0
TXN-2026-102753,CT-2026-1053,2026-09-02 10:52:00,32639.61,UPI Fraud,4,9.7,1,38,0,24.52574,76.41732,0.69,1,Rural / Other Region,,0
TXN-2026-102754,CT-2026-1054,2026-08-26 17:48:00,30528.93,Card Phishing,2,292.0,0,828,1,22.3273,73.16086,1.27,1,Vadodara - Alkapuri,,0
TXN-2026-102755,CT-2026-1055,2026-09-15 17:38:00,53729.81,UPI Fraud,1,17.1,1,10,1,25.99787,72.71488,0.24,5,Rural / Other Region,,0
TXN-2026-102756,CT-2026-1056,2026-09-05 08:36:00,16593.56,UPI Fraud,4,13.7,1,32,0,21.18645,72.83587,0.47,4,Surat - Ring Road,,0
TXN-2026-102757,CT-2026-1057,2026-08-14 10:27:00,95581.91,UPI Fraud,3,15.8,1,12,0,22.31947,73.16247,1.0,3,Vadodara - Alkapuri,55.4,1
TXN-2026-102758,CT-2026-1058,2026-09-26 06:38:00,15281.38,Loan App Scam,2,21.1,1,4,0,25.44339,71.71637,0.74,4,Rural / Other Region,29.8,1
TXN-2026-102759,CT-2026-1059,2026-08-16 16:32:00,106970.37,Card Phishing,2,109.6,0,756,1,25.98988,78.0925,2.16,1,Rural / Other Region,,0
TXN-2026-102760,CT-2026-1060,2026-09-04 10:46:00,128598.61,UPI Fraud,2,203.4,0,1188,1,25.9613,73.48615,2.38,1,Rural / Other Region,,0
TXN-2026-102761,CT-2026-1061,2026-08-11 09:53:00,6716.06,UPI Fraud,3,14.4,1,17,0,22.3106,73.17223,0.66,6,Vadodara - Alkapuri,39.4,1
TXN-2026-102762,CT-2026-1062,2026-09-22 15:07:00,201420.91,Investment Scam,3,19.3,1,20,0,25.28558,77.0932,1.72,4,Rural / Other Region,54.3,1
TXN-2026-102763,CT-2026-1063,2026-09-14 10:08:00,10471.91,UPI Fraud,1,5.5,1,28,0,28.66282,77.17842,1.38,2,Delhi - Karol Bagh,,0
TXN-2026-102764,CT-2026-1064,2026-08-18 13:55:00,235069.72,Investment Scam,1,33.7,1,1,0,23.04721,72.58306,0.29,3,Ahmedabad - SG Highway,11.6,1
TXN-2026-102765,CT-2026-1065,2026-08-23 00:27:00,6337.35,UPI Fraud,3,11.9,1,21,0,28.65079,77.17399,0.28,4,Delhi - Karol Bagh,34.9,1
TXN-2026-102766,CT-2026-1066,2026-08-16 13:21:00,5278.34,Card Phishing,1,3.5,1,18,0,22.28952,70.81093,0.66,7,Rajkot - Kalawad Road,23.6,1
TXN-2026-102767,CT-2026-1067,2026-08-11 16:15:00,64350.87,UPI Fraud,2,19.4,1,26,0,21.16643,72.83283,0.59,5,Surat - Ring Road,35.3,1
TXN-2026-102768,CT-2026-1068,2026-08-04 08:49:00,385416.18,Investment Scam,2,18.9,1,12,0,22.30612,70.80648,0.72,3,Rajkot - Kalawad Road,53.0,1
TXN-2026-102769,CT-2026-1069,2026-09-18 05:58:00,169593.5,Card Phishing,4,18.1,1,2,0,22.30869,73.15084,0.42,6,Vadodara - Alkapuri,28.8,1
TXN-2026-102770,CT-2026-1070,2026-09-03 11:35:00,112336.64,UPI Fraud,2,8.7,1,7,0,27.6507,78.33256,1.83,4,Rural / Other Region,,0
TXN-2026-102771,CT-2026-1071,2026-09-02 11:48:00,12744.52,Loan App Scam,2,2.4,1,3,1,24.9984,71.22935,0.97,3,Rural / Other Region,,0
TXN-2026-102772,CT-2026-1072,2026-09-20 19:25:00,72607.21,Card Phishing,3,1.9,1,22,0,23.03144,72.56141,0.3,9,Ahmedabad - SG Highway,22.1,1
TXN-2026-102773,CT-2026-1073,2026-08-23 19:35:00,188778.65,UPI Fraud,3,14.8,1,9,0,22.32525,70.79092,0.23,4,Rajkot - Kalawad Road,47.9,1
TXN-2026-102774,CT-2026-1074,2026-09-16 12:18:00,9426.01,UPI Fraud,1,8.7,1,34,0,28.64126,77.18464,0.33,2,Delhi - Karol Bagh,,0
TXN-2026-102775,CT-2026-1075,2026-08-19 13:52:00,33027.21,Card Phishing,1,88.0,0,1478,1,24.95336,72.95156,0.87,2,Rural / Other Region,,0
TXN-2026-102776,CT-2026-1076,2026-09-11 10:54:00,193426.31,Investment Scam,1,442.6,0,708,1,28.67577,77.15572,3.58,1,Delhi - Karol Bagh,,0
TXN-2026-102777,CT-2026-1077,2026-09-05 16:58:00,5766.21,Card Phishing,4,2.2,1,15,0,22.29853,70.8284,0.14,4,Rajkot - Kalawad Road,20.0,1
TXN-2026-102778,CT-2026-1078,2026-09-26 13:02:00,47236.89,UPI Fraud,2,3.7,1,30,1,28.65795,77.19172,0.38,7,Delhi - Karol Bagh,37.5,1
TXN-2026-102779,CT-2026-1079,2026-08-07 15:16:00,67495.18,Identity Theft,3,21.8,1,12,0,23.0331,72.59874,0.47,6,Ahmedabad - SG Highway,51.2,1
TXN-2026-102780,CT-2026-1080,2026-08-13 15:45:00,22758.11,Card Phishing,2,8.0,1,21,0,23.05784,72.58408,0.74,1,Ahmedabad - SG Highway,,0
TXN-2026-102781,CT-2026-1081,2026-09-15 11:11:00,37797.61,UPI Fraud,1,10.0,1,12,0,28.58993,77.20923,0.19,6,Delhi - Connaught Place,46.0,1
TXN-2026-102782,CT-2026-1082,2026-09-26 19:31:00,5424.01,Loan App Scam,3,5.9,1,10,0,22.29734,70.81028,0.33,4,Rajkot - Kalawad Road,39.2,1
TXN-2026-102783,CT-2026-1083,2026-08-31 09:24:00,371745.07,Investment Scam,2,7.5,1,8,0,23.04672,72.57276,0.82,3,Ahmedabad - SG Highway,27.4,1
TXN-2026-102784,CT-2026-1084,2026-08-10 05:48:00,14271.94,UPI Fraud,4,38.2,1,14,0,28.63677,77.21848,0.78,4,Delhi - Connaught Place,54.0,1
TXN-2026-102785,CT-2026-1085,2026-08-04 14:26:00,820867.81,Investment Scam,3,8.0,1,2,0,25.00414,78.77755,1.86,7,Rural / Other Region,38.1,1
TXN-2026-102786,CT-2026-1086,2026-08-13 10:05:00,41220.37,UPI Fraud,3,5.7,1,33,0,23.05998,72.59739,1.33,4,Ahmedabad - SG Highway,,0
TXN-2026-102787,CT-2026-1087,2026-09-29 11:47:00,74372.05,Identity Theft,1,32.4,1,4,0,28.61861,77.24164,1.09,3,Delhi - Connaught Place,,0
TXN-2026-102788,CT-2026-1088,2026-09-09 14:04:00,42671.03,UPI Fraud,3,15.9,1,10,0,20.07703,72.88941,1.01,2,Rural / Other Region,,0
TXN-2026-102789,CT-2026-1089,2026-09-18 09:51:00,65798.85,Loan App Scam,2,230.3,0,1000,1,28.64448,77.21185,2.63,3,Delhi - Karol Bagh,,0
TXN-2026-102790,CT-2026-1090,2026-08-16 06:27:00,17436.19,Loan App Scam,2,4.7,1,10,0,21.17174,72.8536,1.34,8,Surat - Ring Road,27.3,1
TXN-2026-102791,CT-2026-1091,2026-08-11 14:51:00,77195.94,UPI Fraud,2,7.6,1,21,1,22.30168,70.79449,0.5,4,Rajkot - Kalawad Road,,0
TXN-2026-102792,CT-2026-1092,2026-08-21 14:56:00,9294.3,UPI Fraud,3,13.6,1,36,0,28.66782,77.17847,0.53,3,Delhi - Karol Bagh,37.0,1
TXN-2026-102793,CT-2026-1093,2026-09-29 20:50:00,1167783.89,Investment Scam,1,7.5,1,20,0,28.65293,77.20499,0.28,4,Delhi - Karol Bagh,21.2,1
TXN-2026-102794,CT-2026-1094,2026-08-02 02:30:00,148590.96,UPI Fraud,4,16.0,1,17,0,24.60033,73.67788,1.32,3,Rural / Other Region,6.6,1
TXN-2026-102795,CT-2026-1095,2026-08-23 13:51:00,63945.74,Investment Scam,1,5.2,1,12,0,22.32353,73.1691,0.79,4,Vadodara - Alkapuri,39.4,1
TXN-2026-102796,CT-2026-1096,2026-08-28 12:04:00,370845.74,Investment Scam,2,21.6,1,12,1,28.66649,77.18865,0.55,6,Delhi - Karol Bagh,60.3,1
TXN-2026-102797,CT-2026-1097,2026-09-02 13:38:00,223879.14,Investment Scam,2,8.3,1,6,0,23.02941,72.05232,0.15,8,Rural / Other Region,41.5,1
TXN-2026-102798,CT-2026-1098,2026-09-25 17:35:00,110681.02,UPI Fraud,3,9.8,1,2,0,28.65124,77.21673,0.77,4,Delhi - Karol Bagh,49.1,1
TXN-2026-102799,CT-2026-1099,2026-09-06 12:22:00,577163.14,Investment Scam,3,3.0,1,13,0,21.17271,72.82678,0.11,1,Surat - Ring Road,36.9,1
TXN-2026-102800,CT-2026-1100,2026-08-30 10:45:00,22045.23,Card Phishing,3,65.8,0,850,1,22.29231,70.82231,3.3,2,Rajkot - Kalawad Road,,0
TXN-2026-102801,CT-2026-1101,2026-08-13 12:40:00,22068.22,UPI Fraud,3,9.6,1,38,0,22.29213,73.20797,0.12,7,Vadodara - Alkapuri,21.2,1
TXN-2026-102802,CT-2026-1102,2026-08-05 10:20:00,78447.13,UPI Fraud,2,253.6,0,339,1,23.0086,72.60275,0.7,1,Ahmedabad - SG Highway,,0
TXN-2026-102803,CT-2026-1103,2026-09-17 14:48:00,36323.43,UPI Fraud,3,2.9,1,5,1,22.30292,73.19365,0.8,2,Vadodara - Alkapuri,66.9,1
TXN-2026-102804,CT-2026-1104,2026-08-19 11:46:00,23471.66,UPI Fraud,1,3.4,1,3,0,28.66919,77.18293,0.52,3,Delhi - Karol Bagh,46.9,1
TXN-2026-102805,CT-2026-1105,2026-08-24 10:46:00,46846.06,UPI Fraud,4,21.5,1,8,0,28.61956,77.19162,0.24,9,Delhi - Connaught Place,29.4,1
TXN-2026-102806,CT-2026-1106,2026-08-28 10:48:00,135761.47,UPI Fraud,2,8.8,1,14,0,22.29475,70.8168,0.24,5,Rajkot - Kalawad Road,56.4,1
TXN-2026-102807,CT-2026-1107,2026-08-14 13:25:00,832758.3,Investment Scam,2,83.2,0,539,1,21.73308,78.89395,5.28,1,Rural / Other Region,,0
TXN-2026-102808,CT-2026-1108,2026-08-16 09:13:00,149479.58,UPI Fraud,4,4.6,1,1,0,22.31684,73.16644,0.23,2,Vadodara - Alkapuri,38.4,1
TXN-2026-102809,CT-2026-1109,2026-09-28 15:14:00,44057.91,Card Phishing,1,24.3,1,15,0,22.30527,73.1771,0.29,3,Vadodara - Alkapuri,,0
TXN-2026-102810,CT-2026-1110,2026-08-01 05:34:00,628611.59,Investment Scam,3,135.4,0,698,1,23.05976,72.59915,1.68,1,Ahmedabad - SG Highway,,0
TXN-2026-102811,CT-2026-1111,2026-08-19 10:49:00,33579.18,Card Phishing,2,1.5,1,24,0,23.04827,72.59519,0.33,5,Ahmedabad - SG Highway,31.9,1
TXN-2026-102812,CT-2026-1112,2026-08-17 15:38:00,20506.88,UPI Fraud,4,6.0,1,25,0,28.62269,77.18718,0.5,4,Delhi - Connaught Place,23.6,1
TXN-2026-102813,CT-2026-1113,2026-09-14 06:27:00,935284.44,Investment Scam,1,9.8,1,5,0,28.62563,77.23474,1.12,4,Delhi - Connaught Place,47.5,1
TXN-2026-102814,CT-2026-1114,2026-08-02 10:55:00,124151.77,Investment Scam,1,184.6,0,671,1,23.04245,72.58512,4.22,1,Ahmedabad - SG Highway,,0
TXN-2026-102815,CT-2026-1115,2026-08-30 14:44:00,15166.92,Loan App Scam,4,20.7,1,42,0,21.17519,72.84015,0.8,2,Surat - Ring Road,,0
TXN-2026-102816,CT-2026-1116,2026-08-30 15:44:00,20769.46,UPI Fraud,4,4.5,1,18,0,28.65245,77.17728,0.44,3,Delhi - Karol Bagh,15.3,1
TXN-2026-102817,CT-2026-1117,2026-09-04 09:57:00,54691.14,UPI Fraud,3,27.7,1,49,0,28.64451,77.19203,1.64,4,Delhi - Karol Bagh,,0
TXN-2026-102818,CT-2026-1118,2026-08-07 22:51:00,18823.94,UPI Fraud,4,63.5,0,444,1,20.16423,74.22252,3.24,1,Rural / Other Region,,0
TXN-2026-102819,CT-2026-1119,2026-08-26 13:15:00,62406.39,Investment Scam,5,7.6,1,63,0,23.25774,75.13642,0.7,6,Rural / Other Region,8.9,1
TXN-2026-102820,CT-2026-1120,2026-09-11 08:06:00,8993.67,Identity Theft,3,5.1,1,15,0,28.63681,77.20255,0.26,7,Delhi - Karol Bagh,38.7,1
TXN-2026-102821,CT-2026-1121,2026-09-08 08:27:00,38554.77,UPI Fraud,2,36.6,1,21,0,20.91901,79.13076,1.55,3,Rural / Other Region,,0
TXN-2026-102822,CT-2026-1122,2026-09-15 08:47:00,84716.83,Card Phishing,3,4.6,1,16,0,25.85801,79.34286,0.5,7,Rural / Other Region,46.6,1
TXN-2026-102823,CT-2026-1123,2026-08-05 13:25:00,820218.63,Investment Scam,2,11.8,1,3,0,20.77223,74.92387,1.94,7,Rural / Other Region,41.7,1
TXN-2026-102824,CT-2026-1124,2026-08-26 13:05:00,9890.92,UPI Fraud,4,3.8,1,7,0,27.91527,78.78557,0.35,1,Rural / Other Region,25.4,1
TXN-2026-102825,CT-2026-1125,2026-08-04 11:50:00,192373.78,Investment Scam,2,1.6,1,20,1,26.78802,72.27247,0.66,5,Rural / Other Region,38.0,1
TXN-2026-102826,CT-2026-1126,2026-08-31 17:38:00,17719.84,Card Phishing,2,38.0,0,530,1,23.01706,72.57058,2.49,1,Ahmedabad - SG Highway,,0
TXN-2026-102827,CT-2026-1127,2026-08-08 12:30:00,17041.25,UPI Fraud,4,8.5,1,26,0,22.32913,73.17723,1.22,5,Vadodara - Alkapuri,12.4,1
TXN-2026-102828,CT-2026-1128,2026-08-13 14:34:00,125421.64,Investment Scam,2,5.5,1,5,0,28.64377,77.20952,0.96,8,Delhi - Karol Bagh,35.6,1
TXN-2026-102829,CT-2026-1129,2026-08-02 15:40:00,41514.12,Card Phishing,1,359.7,0,1156,1,23.01594,72.5703,0.5,1,Ahmedabad - SG Highway,,0
TXN-2026-102830,CT-2026-1130,2026-08-01 12:35:00,9899.2,UPI Fraud,3,17.5,1,46,0,28.6441,77.21845,2.74,1,Delhi - Connaught Place,,0
TXN-2026-102831,CT-2026-1131,2026-08-26 12:22:00,28304.49,Card Phishing,4,48.7,1,22,1,23.00442,72.59191,1.11,3,Ahmedabad - SG Highway,,0
TXN-2026-102832,CT-2026-1132,2026-09-15 03:13:00,382836.17,Investment Scam,5,6.2,1,13,0,23.05456,72.59715,0.9,7,Ahmedabad - SG Highway,19.8,1
TXN-2026-102833,CT-2026-1133,2026-09-02 09:18:00,416296.14,Investment Scam,2,16.4,1,2,0,23.03249,72.58697,0.15,5,Ahmedabad - SG Highway,14.1,1
TXN-2026-102834,CT-2026-1134,2026-09-08 00:57:00,103221.28,Investment Scam,2,108.8,0,413,1,28.64131,77.2218,0.97,1,Delhi - Connaught Place,,0
TXN-2026-102835,CT-2026-1135,2026-08-02 10:05:00,114537.22,UPI Fraud,2,3.8,1,2,0,22.315,70.79306,0.88,5,Rajkot - Kalawad Road,45.5,1
TXN-2026-102836,CT-2026-1136,2026-09-01 14:51:00,50157.26,UPI Fraud,1,4.6,1,31,1,22.28909,70.79834,0.18,7,Rajkot - Kalawad Road,,0
TXN-2026-102837,CT-2026-1137,2026-08-22 11:44:00,135602.43,Card Phishing,3,12.3,1,8,1,21.19159,72.84853,0.77,7,Surat - Ring Road,27.9,1
TXN-2026-102838,CT-2026-1138,2026-08-13 09:57:00,12880.96,UPI Fraud,1,12.2,1,14,0,23.02203,72.56295,2.38,5,Ahmedabad - SG Highway,,0
TXN-2026-102839,CT-2026-1139,2026-08-30 09:56:00,36022.77,UPI Fraud,5,4.8,1,15,0,22.32283,73.16339,0.24,6,Vadodara - Alkapuri,43.4,1
TXN-2026-102840,CT-2026-1140,2026-08-16 08:35:00,20098.68,UPI Fraud,1,46.8,0,876,1,28.64654,77.20735,3.59,1,Delhi - Karol Bagh,,0
TXN-2026-102841,CT-2026-1141,2026-08-27 12:18:00,27835.21,Loan App Scam,3,29.6,1,4,0,22.30489,70.79405,1.08,7,Rajkot - Kalawad Road,37.1,1
TXN-2026-102842,CT-2026-1142,2026-09-02 12:19:00,1197632.73,Investment Scam,2,4.9,1,6,0,22.3076,73.1843,0.84,5,Vadodara - Alkapuri,38.7,1
TXN-2026-102843,CT-2026-1143,2026-08-31 20:47:00,15028.92,UPI Fraud,2,37.9,1,10,0,21.16589,72.83167,0.69,4,Surat - Ring Road,,0
TXN-2026-102844,CT-2026-1144,2026-09-20 15:02:00,726924.41,Investment Scam,4,6.0,1,9,0,28.64403,77.17838,2.85,8,Delhi - Karol Bagh,33.9,1
TXN-2026-102845,CT-2026-1145,2026-08-20 05:05:00,66799.5,UPI Fraud,3,78.4,0,948,1,28.65725,77.17293,5.27,1,Delhi - Karol Bagh,,0
TXN-2026-102846,CT-2026-1146,2026-08-20 14:03:00,72005.53,Investment Scam,2,111.7,0,675,1,22.28862,70.79929,1.81,1,Rajkot - Kalawad Road,,0
TXN-2026-102847,CT-2026-1147,2026-08-13 13:54:00,47547.97,UPI Fraud,3,13.7,1,5,1,22.30463,70.82967,1.09,2,Rajkot - Kalawad Road,,0
TXN-2026-102848,CT-2026-1148,2026-09-12 10:35:00,163634.87,Investment Scam,3,23.0,1,17,0,23.03772,72.61233,0.35,5,Ahmedabad - SG Highway,24.7,1
TXN-2026-102849,CT-2026-1149,2026-08-15 06:55:00,486126.31,Investment Scam,2,2.1,1,30,1,21.1621,72.82297,0.51,7,Surat - Ring Road,22.9,1
TXN-2026-102850,CT-2026-1150,2026-08-03 11:48:00,430060.93,Investment Scam,2,25.0,1,2,0,28.67892,77.16303,0.78,8,Delhi - Karol Bagh,28.0,1
TXN-2026-102851,CT-2026-1151,2026-08-29 15:23:00,349444.57,Investment Scam,3,12.0,1,10,0,22.31487,70.81212,0.23,6,Rajkot - Kalawad Road,25.4,1
TXN-2026-102852,CT-2026-1152,2026-08-13 03:03:00,10681.81,UPI Fraud,4,3.9,1,8,0,28.63236,77.17731,1.33,2,Delhi - Karol Bagh,40.4,1
TXN-2026-102853,CT-2026-1153,2026-08-10 20:41:00,95280.53,Investment Scam,3,1.6,1,2,0,28.65849,77.17301,0.44,8,Delhi - Karol Bagh,30.2,1
TXN-2026-102854,CT-2026-1154,2026-08-25 13:58:00,448257.85,Investment Scam,1,56.7,0,542,1,23.03261,72.57119,5.87,1,Ahmedabad - SG Highway,,0
TXN-2026-102855,CT-2026-1155,2026-08-26 09:12:00,511641.72,Investment Scam,2,6.4,1,20,0,21.18878,72.83195,2.21,5,Surat - Ring Road,31.5,1
TXN-2026-102856,CT-2026-1156,2026-08-09 08:37:00,298085.17,Investment Scam,2,9.2,1,3,0,28.66098,77.20206,0.35,6,Delhi - Karol Bagh,38.8,1
TXN-2026-102857,CT-2026-1157,2026-08-13 09:04:00,5164.68,UPI Fraud,3,14.9,1,4,0,22.28357,73.14292,0.84,3,Vadodara - Alkapuri,38.1,1
TXN-2026-102858,CT-2026-1158,2026-09-15 01:30:00,13917.1,UPI Fraud,3,19.8,1,3,0,22.30176,73.16581,2.9,3,Vadodara - Alkapuri,,0
TXN-2026-102859,CT-2026-1159,2026-09-21 13:37:00,214303.78,Investment Scam,4,10.8,1,14,0,25.09774,76.83781,1.12,8,Rural / Other Region,48.2,1
TXN-2026-102860,CT-2026-1160,2026-09-01 23:14:00,15075.75,UPI Fraud,3,27.6,1,13,1,26.4524,77.51351,2.51,2,Rural / Other Region,,0
TXN-2026-102861,CT-2026-1161,2026-08-26 13:21:00,87566.54,Identity Theft,3,17.1,1,15,0,28.61742,77.25566,0.46,3,Delhi - Connaught Place,21.7,1
TXN-2026-102862,CT-2026-1162,2026-09-11 12:15:00,72943.95,UPI Fraud,4,2.3,1,7,0,22.30752,70.77979,0.79,5,Rajkot - Kalawad Road,33.4,1
TXN-2026-102863,CT-2026-1163,2026-09-01 13:40:00,25027.84,Card Phishing,2,40.1,0,1192,1,23.02711,72.60092,7.17,1,Ahmedabad - SG Highway,,0
TXN-2026-102864,CT-2026-1164,2026-09-12 10:34:00,70240.51,UPI Fraud,2,7.9,1,16,0,21.15253,72.83455,0.58,1,Surat - Ring Road,35.1,1
TXN-2026-102865,CT-2026-1165,2026-08-08 13:17:00,70011.62,Identity Theft,2,5.0,1,18,0,22.32035,73.20246,0.35,9,Vadodara - Alkapuri,19.9,1
TXN-2026-102866,CT-2026-1166,2026-09-22 14:06:00,307620.76,Investment Scam,2,9.2,1,4,0,23.02028,72.56641,0.35,4,Ahmedabad - SG Highway,52.4,1
TXN-2026-102867,CT-2026-1167,2026-09-14 14:36:00,8684.7,Card Phishing,2,5.8,1,3,0,21.17035,72.8611,1.0,7,Surat - Ring Road,,0
TXN-2026-102868,CT-2026-1168,2026-09-24 08:28:00,25092.56,UPI Fraud,3,19.5,1,2,0,28.62854,77.23062,2.7,3,Delhi - Connaught Place,,0
TXN-2026-102869,CT-2026-1169,2026-08-18 09:25:00,94487.13,Card Phishing,2,3.2,1,4,0,23.04589,72.58106,0.63,6,Ahmedabad - SG Highway,46.1,1
TXN-2026-102870,CT-2026-1170,2026-09-16 15:25:00,23156.82,Loan App Scam,2,33.7,0,1471,1,28.64823,77.23738,3.02,1,Delhi - Connaught Place,,0
TXN-2026-102871,CT-2026-1171,2026-08-30 13:42:00,49491.48,UPI Fraud,3,3.4,1,14,0,28.65002,77.17064,1.01,6,Delhi - Karol Bagh,66.7,1
TXN-2026-102872,CT-2026-1172,2026-09-17 10:36:00,18604.06,UPI Fraud,2,4.0,1,46,0,28.66403,77.21643,0.65,5,Delhi - Karol Bagh,,0
TXN-2026-102873,CT-2026-1173,2026-09-12 12:19:00,51413.94,Loan App Scam,2,129.8,0,1085,1,21.14982,72.81898,1.66,1,Surat - Ring Road,,0
TXN-2026-102874,CT-2026-1174,2026-09-25 11:33:00,72296.16,Card Phishing,3,72.8,0,1412,1,28.62144,77.21114,1.76,1,Delhi - Connaught Place,,0
TXN-2026-102875,CT-2026-1175,2026-08-12 10:16:00,23045.84,UPI Fraud,1,2.9,1,2,0,23.82136,72.89132,0.41,4,Rural / Other Region,34.2,1
TXN-2026-102876,CT-2026-1176,2026-09-28 10:17:00,51723.14,UPI Fraud,4,40.3,1,12,0,22.30631,70.82934,0.83,3,Rajkot - Kalawad Road,48.3,1
TXN-2026-102877,CT-2026-1177,2026-08-02 12:12:00,30537.91,Card Phishing,1,51.0,1,21,0,21.16631,72.82963,0.2,4,Surat - Ring Road,,0
TXN-2026-102878,CT-2026-1178,2026-08-24 01:39:00,11685.01,Card Phishing,3,303.2,0,1047,1,25.68426,77.55282,2.25,1,Rural / Other Region,,0
TXN-2026-102879,CT-2026-1179,2026-09-05 06:56:00,221787.83,Investment Scam,1,99.8,0,733,1,21.1681,72.81312,0.68,2,Surat - Ring Road,,0
TXN-2026-102880,CT-2026-1180,2026-08-24 10:00:00,150722.23,Investment Scam,3,10.6,1,17,1,28.62457,77.23669,0.23,3,Delhi - Connaught Place,34.0,1
TXN-2026-102881,CT-2026-1181,2026-08-12 14:11:00,26175.88,Loan App Scam,2,3.0,1,6,0,22.27544,73.16709,0.14,3,Vadodara - Alkapuri,29.0,1
TXN-2026-102882,CT-2026-1182,2026-09-03 06:03:00,121911.35,Loan App Scam,1,34.9,1,34,0,28.62324,77.17179,0.61,6,Delhi - Karol Bagh,,0
TXN-2026-102883,CT-2026-1183,2026-08-03 09:10:00,212803.76,Investment Scam,2,5.4,1,122,0,23.03082,72.59051,0.15,7,Ahmedabad - SG Highway,36.8,1
TXN-2026-102884,CT-2026-1184,2026-09-05 06:22:00,307845.2,Investment Scam,5,3.7,1,41,0,21.16888,72.81944,1.23,4,Surat - Ring Road,44.5,1
TXN-2026-102885,CT-2026-1185,2026-09-20 12:49:00,99641.52,UPI Fraud,2,68.4,0,1407,1,28.64418,77.18336,1.24,2,Delhi - Karol Bagh,,0
TXN-2026-102886,CT-2026-1186,2026-09-10 11:58:00,27767.6,Card Phishing,3,124.5,0,193,1,22.30271,70.79464,0.94,1,Rajkot - Kalawad Road,,0
TXN-2026-102887,CT-2026-1187,2026-09-27 14:48:00,15703.06,UPI Fraud,3,294.7,0,237,1,28.6543,77.17896,2.0,3,Delhi - Karol Bagh,,0
TXN-2026-102888,CT-2026-1188,2026-09-24 10:09:00,19583.78,UPI Fraud,3,14.9,1,14,1,23.01716,72.6054,0.64,4,Ahmedabad - SG Highway,44.9,1
TXN-2026-102889,CT-2026-1189,2026-08-17 12:51:00,66838.46,UPI Fraud,4,275.5,0,728,1,23.03607,72.55148,4.28,2,Ahmedabad - SG Highway,,0
TXN-2026-102890,CT-2026-1190,2026-09-08 16:09:00,12596.29,Loan App Scam,4,250.0,0,386,1,21.19523,72.83807,2.71,1,Surat - Ring Road,,0
TXN-2026-102891,CT-2026-1191,2026-09-21 17:42:00,84548.69,Identity Theft,1,14.5,1,14,0,27.94363,76.61507,0.77,2,Rural / Other Region,,0
TXN-2026-102892,CT-2026-1192,2026-08-20 12:27:00,259992.06,Investment Scam,5,7.6,1,84,0,23.03529,72.56969,0.94,3,Ahmedabad - SG Highway,41.7,1
TXN-2026-102893,CT-2026-1193,2026-08-13 13:16:00,24320.0,UPI Fraud,3,7.2,1,3,0,22.30773,70.81903,0.7,3,Rajkot - Kalawad Road,51.9,1
TXN-2026-102894,CT-2026-1194,2026-09-03 13:03:00,145626.6,Investment Scam,1,12.5,1,18,0,23.03109,72.57103,0.36,6,Ahmedabad - SG Highway,29.0,1
TXN-2026-102895,CT-2026-1195,2026-08-08 10:51:00,33411.71,Loan App Scam,3,3.8,1,8,1,22.32398,73.16822,1.28,12,Vadodara - Alkapuri,46.8,1
TXN-2026-102896,CT-2026-1196,2026-09-10 14:01:00,16934.85,Card Phishing,2,5.8,1,55,0,20.89336,75.86129,0.72,4,Rural / Other Region,,0
TXN-2026-102897,CT-2026-1197,2026-09-01 12:21:00,20014.15,UPI Fraud,2,230.1,0,1273,1,21.17288,72.82974,0.51,1,Surat - Ring Road,,0
TXN-2026-102898,CT-2026-1198,2026-08-03 14:45:00,37384.08,UPI Fraud,5,13.9,1,2,0,21.16754,72.84228,0.48,5,Surat - Ring Road,25.4,1
TXN-2026-102899,CT-2026-1199,2026-08-17 11:56:00,70487.52,Investment Scam,1,9.2,1,7,0,28.63063,77.16487,0.31,3,Delhi - Karol Bagh,32.9,1
TXN-2026-102900,CT-2026-1200,2026-08-16 12:37:00,24557.04,UPI Fraud,1,20.8,1,2,0,28.62479,77.1969,1.06,6,Delhi - Connaught Place,42.9,1
TXN-2026-102901,CT-2026-1201,2026-09-19 04:47:00,30053.31,UPI Fraud,2,37.2,1,13,1,28.6438,77.21481,0.3,8,Delhi - Karol Bagh,43.5,1
TXN-2026-102902,CT-2026-1202,2026-08-27 06:43:00,15669.44,UPI Fraud,3,6.7,1,35,1,22.29999,70.77379,0.17,6,Rajkot - Kalawad Road,34.5,1
TXN-2026-102903,CT-2026-1203,2026-08-23 08:36:00,263665.02,UPI Fraud,3,13.9,1,26,0,21.17536,72.82682,0.28,5,Surat - Ring Road,,0
TXN-2026-102904,CT-2026-1204,2026-09-26 12:02:00,22555.3,UPI Fraud,2,27.9,1,28,0,22.29256,73.1513,0.2,4,Vadodara - Alkapuri,43.0,1
TXN-2026-102905,CT-2026-1205,2026-08-05 15:43:00,65149.65,UPI Fraud,3,17.7,1,9,1,28.63798,77.20345,0.21,5,Delhi - Karol Bagh,30.0,1
TXN-2026-102906,CT-2026-1206,2026-08-24 09:10:00,29417.43,Loan App Scam,3,5.4,1,23,0,23.01671,72.59043,0.51,3,Ahmedabad - SG Highway,65.3,1
TXN-2026-102907,CT-2026-1207,2026-09-03 12:07:00,49417.23,UPI Fraud,4,36.7,1,6,0,22.3258,73.19084,1.56,7,Vadodara - Alkapuri,38.5,1
TXN-2026-102908,CT-2026-1208,2026-08-11 14:41:00,31040.22,Loan App Scam,1,211.7,0,426,1,22.32512,70.84627,0.99,1,Rajkot - Kalawad Road,,0
TXN-2026-102909,CT-2026-1209,2026-09-29 00:25:00,25603.01,UPI Fraud,3,4.9,1,100,0,22.30699,70.80886,0.22,3,Rajkot - Kalawad Road,,0
TXN-2026-102910,CT-2026-1210,2026-09-25 11:23:00,62877.84,Investment Scam,3,24.6,1,2,0,23.03492,72.60372,0.61,3,Ahmedabad - SG Highway,31.1,1
TXN-2026-102911,CT-2026-1211,2026-09-27 09:45:00,328480.93,Investment Scam,2,5.1,1,48,0,21.12926,72.52362,0.31,4,Rural / Other Region,19.6,1
TXN-2026-102912,CT-2026-1212,2026-08-19 11:56:00,99990.1,Card Phishing,5,19.5,1,10,0,22.32426,73.17255,0.27,5,Vadodara - Alkapuri,21.1,1
TXN-2026-102913,CT-2026-1213,2026-09-04 08:55:00,25665.54,Identity Theft,1,7.0,1,10,0,28.65692,77.21237,2.22,5,Delhi - Connaught Place,,0
TXN-2026-102914,CT-2026-1214,2026-09-14 06:55:00,43964.91,UPI Fraud,2,334.8,0,1442,1,27.05194,72.38558,0.73,2,Rural / Other Region,,0
TXN-2026-102915,CT-2026-1215,2026-09-15 14:51:00,76832.74,UPI Fraud,1,3.2,1,19,0,28.62926,77.22193,0.11,6,Delhi - Connaught Place,43.2,1
TXN-2026-102916,CT-2026-1216,2026-08-04 10:08:00,320108.5,Investment Scam,3,24.6,1,26,0,22.28297,73.19296,1.95,2,Vadodara - Alkapuri,,0
TXN-2026-102917,CT-2026-1217,2026-08-28 13:51:00,6654.97,Loan App Scam,3,224.6,0,381,1,22.53115,70.55147,2.81,1,Rural / Other Region,,0
TXN-2026-102918,CT-2026-1218,2026-08-19 20:17:00,21037.55,Card Phishing,1,8.4,1,71,1,28.66834,77.1855,0.97,6,Delhi - Karol Bagh,,0
TXN-2026-102919,CT-2026-1219,2026-09-07 13:09:00,84675.28,Loan App Scam,2,67.6,0,241,1,25.51669,73.5687,2.1,1,Rural / Other Region,,0
TXN-2026-102920,CT-2026-1220,2026-08-11 04:13:00,59224.58,Investment Scam,2,50.4,0,279,1,21.41468,71.82344,6.19,1,Rural / Other Region,,0
TXN-2026-102921,CT-2026-1221,2026-08-20 15:44:00,51110.5,UPI Fraud,1,13.8,1,45,0,23.04018,72.57269,0.41,4,Ahmedabad - SG Highway,,0
TXN-2026-102922,CT-2026-1222,2026-08-09 05:19:00,45702.18,UPI Fraud,2,132.8,0,1038,1,22.3081,73.1914,2.45,1,Vadodara - Alkapuri,,0
TXN-2026-102923,CT-2026-1223,2026-09-12 10:50:00,104111.55,UPI Fraud,3,53.9,1,8,0,28.64925,77.21959,0.48,4,Delhi - Connaught Place,,0
TXN-2026-102924,CT-2026-1224,2026-08-03 05:03:00,35356.82,UPI Fraud,2,16.1,1,19,0,28.63921,77.24601,0.34,8,Delhi - Connaught Place,41.5,1
TXN-2026-102925,CT-2026-1225,2026-08-20 12:15:00,54796.01,UPI Fraud,2,5.1,1,31,0,28.63381,77.21463,0.4,6,Delhi - Connaught Place,45.9,1
TXN-2026-102926,CT-2026-1226,2026-09-24 07:46:00,22131.39,Card Phishing,3,175.8,0,1044,1,22.30562,73.16911,2.54,1,Vadodara - Alkapuri,,0
TXN-2026-102927,CT-2026-1227,2026-09-20 07:47:00,42045.58,Card Phishing,2,2.8,1,25,0,28.62388,77.23643,0.99,7,Delhi - Connaught Place,,0
TXN-2026-102928,CT-2026-1228,2026-09-22 17:10:00,158279.38,Investment Scam,4,2.4,1,45,0,28.6507,77.21791,0.23,4,Delhi - Karol Bagh,33.3,1
TXN-2026-102929,CT-2026-1229,2026-09-14 16:19:00,10006.53,UPI Fraud,2,51.6,1,43,0,21.16221,72.83686,0.27,4,Surat - Ring Road,,0
TXN-2026-102930,CT-2026-1230,2026-08-29 10:53:00,41757.15,Loan App Scam,4,5.8,1,8,0,23.0498,72.57984,0.92,5,Ahmedabad - SG Highway,27.5,1
TXN-2026-102931,CT-2026-1231,2026-09-21 04:40:00,95747.05,UPI Fraud,2,18.0,1,12,1,20.15143,76.50001,0.27,2,Rural / Other Region,8.2,1
TXN-2026-102932,CT-2026-1232,2026-08-27 15:37:00,96934.15,UPI Fraud,4,40.0,0,308,1,28.63102,77.22117,0.68,2,Delhi - Connaught Place,,0
TXN-2026-102933,CT-2026-1233,2026-08-09 14:26:00,129139.94,UPI Fraud,4,8.6,1,9,0,22.28707,70.79697,0.75,5,Rajkot - Kalawad Road,28.9,1
TXN-2026-102934,CT-2026-1234,2026-08-26 05:33:00,31847.18,UPI Fraud,2,213.4,0,611,1,23.03352,72.5897,1.81,1,Ahmedabad - SG Highway,,0
TXN-2026-102935,CT-2026-1235,2026-08-11 15:38:00,10107.81,UPI Fraud,2,3.4,1,27,0,22.30259,73.19124,0.17,5,Vadodara - Alkapuri,34.4,1
TXN-2026-102936,CT-2026-1236,2026-09-19 15:29:00,86458.09,UPI Fraud,2,27.7,1,9,0,28.65481,77.20709,0.62,2,Delhi - Karol Bagh,,0
TXN-2026-102937,CT-2026-1237,2026-09-09 14:50:00,84366.81,Card Phishing,2,322.0,0,899,1,22.2953,70.78953,3.38,1,Rajkot - Kalawad Road,,0
TXN-2026-102938,CT-2026-1238,2026-08-18 11:36:00,97854.95,Loan App Scam,2,2.2,1,36,1,21.15575,72.83124,0.88,3,Surat - Ring Road,,0
TXN-2026-102939,CT-2026-1239,2026-08-13 12:35:00,25393.16,UPI Fraud,2,19.3,1,20,0,27.41861,75.63472,0.16,4,Rural / Other Region,33.3,1
TXN-2026-102940,CT-2026-1240,2026-09-17 12:20:00,65822.31,Loan App Scam,2,4.3,1,36,0,21.19673,72.82279,0.61,2,Surat - Ring Road,37.1,1
TXN-2026-102941,CT-2026-1241,2026-08-28 07:24:00,55600.21,UPI Fraud,1,26.6,1,72,0,26.3791,73.10272,0.11,6,Rural / Other Region,,0
TXN-2026-102942,CT-2026-1242,2026-09-02 14:18:00,23025.57,UPI Fraud,2,199.1,0,805,1,21.19556,72.83339,2.81,1,Surat - Ring Road,,0
TXN-2026-102943,CT-2026-1243,2026-09-20 14:43:00,56719.29,Card Phishing,4,12.5,1,17,0,24.98083,70.39341,0.52,1,Rural / Other Region,18.2,1
TXN-2026-102944,CT-2026-1244,2026-09-23 13:05:00,66615.75,Identity Theft,3,10.1,1,1,0,23.0249,72.60014,0.51,5,Ahmedabad - SG Highway,19.0,1
TXN-2026-102945,CT-2026-1245,2026-09-27 16:12:00,62026.5,Investment Scam,2,16.6,1,56,0,28.63791,77.19449,1.44,5,Delhi - Connaught Place,,0
TXN-2026-102946,CT-2026-1246,2026-08-22 14:14:00,145898.67,Investment Scam,2,91.9,0,713,1,21.67202,70.88515,3.0,1,Rural / Other Region,,0
TXN-2026-102947,CT-2026-1247,2026-09-16 13:08:00,187384.47,Investment Scam,1,2.7,1,3,0,21.17762,72.8398,0.17,2,Surat - Ring Road,34.3,1
TXN-2026-102948,CT-2026-1248,2026-09-27 15:25:00,68894.31,Loan App Scam,1,9.7,1,119,0,28.64189,77.20809,0.48,2,Delhi - Connaught Place,,0
TXN-2026-102949,CT-2026-1249,2026-09-02 09:00:00,18233.5,Card Phishing,4,1.8,1,18,0,28.65702,77.18953,0.18,9,Delhi - Karol Bagh,29.0,1
TXN-2026-102950,CT-2026-1250,2026-09-25 11:26:00,100584.64,Card Phishing,2,137.7,0,551,1,23.33465,72.83816,2.25,1,Rural / Other Region,,0
TXN-2026-102951,CT-2026-1251,2026-08-28 14:15:00,23288.28,Card Phishing,2,8.0,1,6,0,22.3684,76.96898,0.11,4,Rural / Other Region,8.9,1
TXN-2026-102952,CT-2026-1252,2026-08-02 17:41:00,27255.6,UPI Fraud,2,7.2,1,6,0,22.99744,72.58814,0.88,3,Ahmedabad - SG Highway,32.8,1
TXN-2026-102953,CT-2026-1253,2026-08-04 01:44:00,74390.43,Card Phishing,3,8.2,1,45,0,28.62863,77.22347,1.66,9,Delhi - Connaught Place,9.5,1
TXN-2026-102954,CT-2026-1254,2026-08-12 13:07:00,13591.93,Loan App Scam,3,8.3,1,15,0,22.03063,72.74537,2.19,3,Rural / Other Region,,0
TXN-2026-102955,CT-2026-1255,2026-09-27 09:25:00,13743.98,Loan App Scam,3,4.6,1,29,0,22.30632,73.16793,1.21,5,Vadodara - Alkapuri,68.9,1
TXN-2026-102956,CT-2026-1256,2026-09-21 09:51:00,25716.26,UPI Fraud,5,6.8,1,33,0,28.63726,77.20055,0.99,5,Delhi - Karol Bagh,42.1,1
TXN-2026-102957,CT-2026-1257,2026-09-18 09:06:00,81944.34,Card Phishing,4,4.0,1,24,0,25.87521,76.88227,0.24,4,Rural / Other Region,38.0,1
TXN-2026-102958,CT-2026-1258,2026-08-30 21:56:00,157676.64,UPI Fraud,4,81.0,0,385,1,23.03983,72.57862,1.43,1,Ahmedabad - SG Highway,,0
TXN-2026-102959,CT-2026-1259,2026-09-21 07:50:00,12813.97,Loan App Scam,2,20.6,1,7,0,21.16894,72.83756,0.24,2,Surat - Ring Road,32.8,1
TXN-2026-102960,CT-2026-1260,2026-09-22 09:48:00,263535.1,Investment Scam,3,9.3,1,6,0,28.60697,77.21166,0.84,9,Delhi - Connaught Place,17.9,1
TXN-2026-102961,CT-2026-1261,2026-09-23 08:01:00,920426.91,Investment Scam,2,2.4,1,13,0,28.60877,77.23059,0.51,5,Delhi - Connaught Place,38.1,1
TXN-2026-102962,CT-2026-1262,2026-09-05 14:42:00,29447.29,UPI Fraud,4,289.3,0,265,1,25.58264,78.08696,3.3,1,Rural / Other Region,,0
TXN-2026-102963,CT-2026-1263,2026-08-09 06:44:00,19372.87,UPI Fraud,2,3.9,1,21,0,22.29711,73.20455,0.39,7,Vadodara - Alkapuri,19.3,1
TXN-2026-102964,CT-2026-1264,2026-09-22 05:41:00,115178.38,UPI Fraud,4,7.8,1,29,0,20.67037,71.78802,0.3,4,Rural / Other Region,44.7,1
TXN-2026-102965,CT-2026-1265,2026-09-26 10:09:00,34809.44,Loan App Scam,3,16.2,1,18,0,23.03726,72.58622,0.68,9,Ahmedabad - SG Highway,28.6,1
TXN-2026-102966,CT-2026-1266,2026-08-02 09:35:00,10252.44,Card Phishing,4,69.5,1,2,0,22.30481,73.15942,0.14,1,Vadodara - Alkapuri,,0
TXN-2026-102967,CT-2026-1267,2026-08-22 13:34:00,99442.88,Investment Scam,3,11.0,1,17,0,23.03506,72.57549,0.84,9,Ahmedabad - SG Highway,43.3,1
TXN-2026-102968,CT-2026-1268,2026-09-12 08:13:00,179964.76,Investment Scam,2,24.4,1,12,0,22.3079,70.78088,0.64,4,Rajkot - Kalawad Road,28.6,1
TXN-2026-102969,CT-2026-1269,2026-09-07 21:16:00,21411.2,UPI Fraud,2,11.0,1,5,0,21.16099,72.82637,0.43,3,Surat - Ring Road,29.4,1
TXN-2026-102970,CT-2026-1270,2026-08-31 09:50:00,35432.87,UPI Fraud,2,8.3,1,5,0,22.29182,70.77868,0.16,3,Rajkot - Kalawad Road,51.3,1
TXN-2026-102971,CT-2026-1271,2026-09-03 11:01:00,856420.34,Investment Scam,4,6.1,1,15,1,23.03728,72.5942,0.41,3,Ahmedabad - SG Highway,42.9,1
TXN-2026-102972,CT-2026-1272,2026-08-29 09:40:00,38635.55,UPI Fraud,2,11.4,1,2,0,23.01077,72.55284,0.28,7,Ahmedabad - SG Highway,19.0,1
TXN-2026-102973,CT-2026-1273,2026-08-18 01:42:00,155488.34,Investment Scam,4,7.8,1,29,0,22.28941,70.80922,1.23,3,Rajkot - Kalawad Road,32.0,1
TXN-2026-102974,CT-2026-1274,2026-08-29 08:09:00,23064.71,UPI Fraud,4,12.9,1,68,0,22.3013,70.82566,0.57,2,Rajkot - Kalawad Road,,0
TXN-2026-102975,CT-2026-1275,2026-08-29 10:12:00,10456.38,Identity Theft,3,13.4,1,10,1,22.32624,73.18877,0.56,4,Vadodara - Alkapuri,16.5,1
TXN-2026-102976,CT-2026-1276,2026-08-18 03:04:00,6488.4,Loan App Scam,3,41.6,1,70,1,20.2608,79.38698,3.43,3,Rural / Other Region,,0
TXN-2026-102977,CT-2026-1277,2026-09-09 11:56:00,29268.56,UPI Fraud,1,9.9,1,22,0,21.18287,72.85091,0.41,2,Surat - Ring Road,,0
TXN-2026-102978,CT-2026-1278,2026-08-23 16:16:00,65211.18,Card Phishing,4,60.1,1,2,1,27.00521,74.35798,0.81,6,Rural / Other Region,,0
TXN-2026-102979,CT-2026-1279,2026-09-09 11:08:00,127660.06,Investment Scam,2,3.1,1,21,0,22.29285,70.78982,0.85,1,Rajkot - Kalawad Road,,0
TXN-2026-102980,CT-2026-1280,2026-08-31 14:55:00,128952.48,UPI Fraud,3,1.9,1,54,0,21.20299,72.84636,0.27,6,Surat - Ring Road,22.7,1
TXN-2026-102981,CT-2026-1281,2026-08-14 11:03:00,31214.71,Loan App Scam,3,8.7,1,11,0,26.72973,73.93873,1.09,8,Rural / Other Region,37.2,1
TXN-2026-102982,CT-2026-1282,2026-08-20 13:42:00,224868.66,Investment Scam,5,4.5,1,33,0,27.82597,75.67808,1.11,4,Rural / Other Region,17.5,1
TXN-2026-102983,CT-2026-1283,2026-09-06 15:29:00,98490.36,Investment Scam,3,15.1,1,13,0,23.04919,72.58483,0.76,6,Ahmedabad - SG Highway,,0
TXN-2026-102984,CT-2026-1284,2026-08-18 11:16:00,56071.88,Investment Scam,4,222.8,0,898,1,23.04774,72.55905,0.81,1,Ahmedabad - SG Highway,,0
TXN-2026-102985,CT-2026-1285,2026-08-13 20:10:00,75815.88,Card Phishing,2,29.3,1,45,0,23.03383,72.55645,0.55,3,Ahmedabad - SG Highway,,0
TXN-2026-102986,CT-2026-1286,2026-08-07 13:42:00,676302.99,Investment Scam,1,3.1,1,7,0,28.65295,77.18004,0.69,7,Delhi - Karol Bagh,21.1,1
TXN-2026-102987,CT-2026-1287,2026-08-01 11:19:00,93606.12,Investment Scam,1,15.5,1,56,0,23.01042,72.56002,0.66,5,Ahmedabad - SG Highway,29.0,1
TXN-2026-102988,CT-2026-1288,2026-08-01 17:31:00,138094.41,UPI Fraud,3,7.9,1,11,0,22.30922,70.81716,0.46,4,Rajkot - Kalawad Road,23.7,1
TXN-2026-102989,CT-2026-1289,2026-08-11 12:31:00,6849.6,UPI Fraud,2,175.3,0,1223,1,22.75972,71.4993,6.17,1,Rural / Other Region,,0
TXN-2026-102990,CT-2026-1290,2026-09-04 13:53:00,9256.57,Card Phishing,5,16.7,1,17,0,23.03673,72.57275,0.12,8,Ahmedabad - SG Highway,13.1,1
TXN-2026-102991,CT-2026-1291,2026-08-30 14:02:00,32610.81,UPI Fraud,1,35.3,1,29,0,25.74867,78.18503,1.11,4,Rural / Other Region,,0
TXN-2026-102992,CT-2026-1292,2026-08-13 05:37:00,31911.47,Loan App Scam,1,5.7,1,33,1,27.34064,77.81093,0.56,4,Rural / Other Region,,0
TXN-2026-102993,CT-2026-1293,2026-08-19 12:39:00,144433.41,Investment Scam,1,1.7,1,23,0,21.18076,72.81584,0.34,4,Surat - Ring Road,55.1,1
TXN-2026-102994,CT-2026-1294,2026-09-16 14:36:00,173915.81,Card Phishing,2,3.8,1,11,0,28.60606,77.23745,0.78,6,Delhi - Connaught Place,36.7,1
TXN-2026-102995,CT-2026-1295,2026-09-10 15:50:00,91679.55,UPI Fraud,2,172.8,0,778,1,23.04228,72.59191,1.65,1,Ahmedabad - SG Highway,,0
TXN-2026-102996,CT-2026-1296,2026-09-29 10:39:00,67403.13,UPI Fraud,2,3.3,1,48,0,23.043,72.55786,0.29,5,Ahmedabad - SG Highway,40.3,1
TXN-2026-102997,CT-2026-1297,2026-09-12 13:47:00,7572.3,UPI Fraud,2,8.3,1,4,0,28.65913,77.16616,0.48,3,Delhi - Karol Bagh,41.3,1
TXN-2026-102998,CT-2026-1298,2026-09-20 13:43:00,194898.75,Card Phishing,2,93.8,0,1475,1,28.636,77.20418,0.61,1,Delhi - Connaught Place,,0
TXN-2026-102999,CT-2026-1299,2026-09-10 13:45:00,54835.71,Loan App Scam,4,45.9,1,18,0,22.28445,70.79392,0.18,4,Rajkot - Kalawad Road,,0
